customer_id,age,annual_income,loan_amount,credit_score,repayment_history,transaction_count,spending_ratio,default_flag,annual_income_was_missing,gender_encoded,education_encoded,region_North,region_South,region_West,loan_purpose_Car,loan_purpose_Education,loan_purpose_Home,loan_purpose_Other,employment_type_Self-Employed,employment_type_Unemployed,join_year,join_month,join_day,join_weekday,income_bin,income_quantile_bin,credit_score_above_700,transaction_cluster,annual_income_log,loan_amount_sqrt,annual_income_yeojohnson,debt_to_income_ratio,avg_monthly_transactions,spending_to_income_ratio
C1000,59.0,744030.94,317948.42,664.5224752,2,150,80.45,0,0,2,1.0,False,True,False,False,False,False,True,False,True,2019,4,2,1,2,3,0,2,13.519839243001284,563.8691514881799,0.7404514930230133,0.4273,25.0,0.8045
C1001,49.0,1203457.09,550580.94,712.6953728,5,35,33.45,1,0,1,1.0,False,True,False,True,False,False,False,True,False,2018,4,13,4,4,3,1,1,14.000709712167255,742.0114150065348,1.8392911871460735,0.4575,5.83,0.3345
C1002,35.0,488693.29,127668.66,577.0954632,3,123,80.98,0,0,0,1.0,False,True,False,False,True,False,False,False,False,2021,1,31,6,1,1,0,2,13.099492399130236,357.3075146145124,-0.15720315640800203,0.2612,20.5,0.8098
C1003,28.0,638431.4485222222,358062.0,680.0745158817778,1,98,90.53,1,1,1,2.0,False,False,False,False,True,False,False,False,False,2020,9,30,2,2,2,0,0,13.36677115171173,598.3828206090145,0.40699608708923724,0.5608,16.33,0.9053
C1004,41.0,343915.13,249095.35,588.5132104,7,34,45.18,0,0,1,1.0,False,False,True,False,True,False,False,False,False,2020,7,3,4,0,0,0,1,12.748153098489965,499.0945301243042,-0.8652257785954279,0.7243,5.67,0.4518
C1005,40.31739130434783,530145.59,144143.86,640.0686486114522,6,59,59.74,1,0,0,3.0,False,False,False,False,False,False,False,False,False,2019,7,26,4,1,1,0,0,13.180908832191411,379.66282409527537,0.012267303524355807,0.2719,9.83,0.5974
C1006,39.0,293491.35,138132.75,604.479308,2,109,69.37,0,0,2,2.0,False,False,True,False,False,False,True,True,False,2019,2,24,6,0,0,0,2,12.58960685317465,371.6621449650206,-1.1727026179868905,0.4707,18.17,0.6937
C1007,43.0,743263.7,554866.68,640.0686486114522,5,45,25.96,0,0,0,2.0,False,True,False,False,False,True,False,False,True,2024,2,12,0,2,3,0,1,13.51880751866678,744.8937373880922,0.7381781547088625,0.7465,7.5,0.2596
C1008,31.0,720398.46,496052.4,596.6318768,2,78,57.06,0,0,0,1.0,True,False,False,False,False,True,False,False,False,2018,12,23,6,2,3,0,0,13.487561142700093,704.3098749840159,0.6694953403217745,0.6886,13.0,0.5706
C1009,31.0,593198.06,303599.2,687.4558448,1,81,47.04,0,0,0,2.0,False,True,False,False,True,False,False,False,False,2024,8,15,3,1,2,0,0,13.2932853046189,550.9983666037496,0.249611179907096,0.5118,13.5,0.4704
C1010,44.0,483725.32,320682.25,679.6980256,6,89,85.43,1,0,1,2.0,False,False,True,False,False,False,True,False,False,2022,9,25,6,1,1,0,0,13.089274571223601,566.2881333738153,-0.17832589852287314,0.6629,14.83,0.8543
C1011,56.0,702850.9,360995.65,596.228072,0,108,85.75,0,0,1,3.0,False,False,False,True,False,False,False,False,False,2018,5,11,4,2,2,0,2,13.462901480035763,600.8291354453444,0.61551784866686,0.5136,18.0,0.8575
C1012,44.0,755595.93,222791.54,672.4476744,5,83,72.56,0,0,0,3.0,False,True,False,False,False,True,False,False,False,2018,5,3,3,2,3,0,0,13.535263351604943,472.00798722055544,0.7744795444055397,0.2949,13.83,0.7256
C1013,23.0,627943.05,172584.92,582.235444,7,88,69.18,1,0,1,2.0,False,False,False,False,True,False,False,True,False,2019,1,19,5,2,2,0,0,13.350206349124688,415.4334122335371,0.37136743812343864,0.2748,14.67,0.6918
C1014,42.0,237629.8,77577.07,572.3327784,0,137,75.03,0,0,0,3.0,False,False,False,False,False,True,False,True,False,2020,6,14,6,0,0,0,2,12.378473487699061,278.52660555142666,-1.5709643162066178,0.3265,22.83,0.7503
C1015,22.0,316914.61,130110.33,645.3531688,3,128,47.45,1,0,0,3.0,False,False,False,False,False,True,False,False,False,2020,8,10,0,0,0,0,2,12.666390802907003,360.7080952792715,-1.0247054719132505,0.4106,21.33,0.4745
C1016,44.0,421918.1,319947.9,672.753448,6,36,50.34,0,0,1,3.0,False,True,False,False,False,True,False,False,False,2023,9,1,4,1,1,0,1,12.952568868479036,565.6393727455684,-0.45783487586932303,0.7583,6.0,0.5034
C1017,50.0,217143.78,147615.87,572.3327784,4,10,61.53,1,0,1,1.0,False,False,False,False,True,False,False,False,True,2024,10,1,1,0,0,0,1,12.288319598991096,384.20810767082986,-1.7372130569094117,0.6798,1.67,0.6153
C1018,58.0,553048.91,254226.04,587.2439128,2,98,90.35,0,0,0,1.0,False,False,False,False,True,False,False,False,False,2018,4,19,3,1,1,0,0,13.223203529596457,504.20832995895654,0.10112585971165086,0.4597,16.33,0.9035
C1019,22.0,1062412.54,526793.04,655.9930032,5,30,74.3,0,0,1,1.0,False,True,False,False,False,False,False,False,False,2024,4,17,2,4,3,0,1,13.87605380235201,725.805097805189,1.5467784218446572,0.4958,5.0,0.743
C1020,41.0,973282.54,349764.34,690.8626032,7,41,61.32,0,0,0,2.0,False,False,False,False,False,False,False,False,False,2020,3,25,2,3,3,0,1,13.788430726733518,591.4087757211589,1.3444176714030571,0.3594,6.83,0.6132
C1021,53.0,734389.18,457239.35,642.7511344,2,17,77.78,0,0,1,2.0,False,True,False,False,False,False,False,False,False,2024,2,11,6,2,3,0,1,13.506795746739325,676.194757447882,0.7117368869103677,0.6226,2.83,0.7778
C1022,32.0,1203457.09,726578.19,712.6953728,3,97,47.82,0,0,0,2.0,False,False,True,False,False,True,False,False,False,2022,9,15,3,4,3,1,0,14.000709712167255,852.3955595848678,1.8392911871460735,0.6037,16.17,0.4782
C1023,42.0,1203457.09,567721.74,712.6953728,3,29,74.79,0,0,1,3.0,False,False,True,False,False,False,True,True,False,2020,6,21,6,4,3,1,1,14.000709712167255,753.4731182995183,1.8392911871460735,0.4717,4.83,0.7479
C1024,45.0,777722.54,175059.88,708.2178032,2,145,50.8,1,0,0,3.0,False,False,True,False,True,False,False,False,False,2023,1,14,5,2,3,1,2,13.564126392966106,418.4015774348849,0.8383681248956419,0.2251,24.17,0.508
C1025,47.0,813498.72,467219.46,705.0798976,5,24,40.97,1,0,1,3.0,False,False,False,False,False,False,False,False,False,2024,8,10,5,3,3,1,1,13.609100861449406,683.5345346067015,0.9384729484656548,0.5743,4.0,0.4097
C1026,48.0,221592.84,119107.76,643.7274272,7,76,65.73,1,0,1,2.0,True,False,False,False,False,False,True,True,False,2021,2,13,5,0,0,0,0,12.308601435634964,345.11992118682457,-1.7000081702118506,0.5375,12.67,0.6573
C1027,36.0,1017694.5,449086.9,640.0686486114522,6,119,71.52,1,0,1,2.0,True,False,False,False,False,False,False,False,False,2018,1,27,5,4,3,0,2,13.833051315434961,670.1394630970482,1.4471338253046426,0.4413,19.83,0.7152
C1028,35.0,608756.45,356936.04,664.700516,1,131,54.45,1,0,0,2.0,False,False,False,False,False,False,False,False,True,2019,10,16,2,2,2,0,2,13.319175191497068,597.4412439729952,0.3048616305258528,0.5863,21.83,0.5445
C1029,40.31739130434783,467950.88,248186.16,666.4360704,6,30,62.41,1,0,0,1.0,True,False,False,False,False,False,True,False,True,2022,9,28,2,1,1,0,1,13.056120749100572,498.18285799493344,-0.2466402061491173,0.5304,5.0,0.6241
C1030,57.0,408316.97,143053.42,646.6653576,1,58,72.05,1,0,1,1.0,False,True,False,False,False,False,False,False,False,2021,10,25,0,1,1,0,0,12.91980148809524,378.22403413849844,-0.5239831194091021,0.3503,9.67,0.7205
C1031,27.0,361592.26,158607.88,593.9273808,7,143,77.58,0,0,1,2.0,True,False,False,False,False,True,False,True,False,2021,2,12,4,0,1,0,2,12.798275267945913,398.25604829054384,-0.7664886898803758,0.4386,23.83,0.7758
C1032,41.0,976009.19,445907.51,674.0807351999999,4,129,87.17,1,0,1,2.0,False,False,False,False,False,True,False,False,False,2019,9,29,6,3,3,0,2,13.791228305914498,667.7630642675589,1.3508374710061317,0.4569,21.5,0.8717
C1033,29.0,481375.35,350512.88,614.510028,6,15,46.59,1,0,0,3.0,False,False,False,False,False,True,False,False,True,2020,5,31,6,1,1,0,1,13.08440467557965,592.0412823443987,-0.18838176338215074,0.7281,2.5,0.4659
C1034,59.0,369009.18,726578.19,584.5207344,7,31,91.36,0,0,0,1.0,False,True,False,True,False,False,False,False,False,2021,10,10,6,0,1,0,1,12.818579510718001,852.3955595848678,-0.7262788338174164,1.969,5.17,0.9136
C1035,40.31739130434783,638431.4485222222,469758.38,603.0745158817778,2,98,67.8,0,1,1,2.0,False,False,True,False,False,False,False,False,True,2019,2,23,5,2,2,0,0,13.36677115171173,685.3892178900978,0.40699608708923724,0.7358,16.33,0.678
C1036,24.0,537040.79,339144.92,598.9632632,2,87,79.08,0,0,1,2.0,False,False,False,True,False,False,False,True,False,2019,1,15,1,1,1,0,0,13.193831191692137,582.3615028485314,0.03935654583356434,0.6315,14.5,0.7908
C1037,45.0,401199.73,221059.3,574.0959784,5,38,72.48,1,0,1,2.0,False,True,False,False,True,False,False,False,False,2022,4,6,2,0,1,0,1,12.902217154609637,470.16943754353065,-0.5593470533806939,0.551,6.33,0.7248
C1038,34.0,353887.54,217130.17,572.3327784,2,42,35.42,1,0,1,2.0,True,False,False,False,False,False,True,False,False,2019,2,1,4,0,0,0,1,12.776737283780424,465.9722845835362,-0.8090080390726149,0.6136,7.0,0.3542
C1039,29.0,228619.47,174543.09,597.2895576,5,91,25.36,0,0,1,2.0,True,False,False,False,True,False,False,False,True,2022,1,10,0,0,0,0,0,12.339818571390795,417.7835444341962,-1.6425217830589303,0.7635,15.17,0.2536
C1040,46.0,828727.4,290053.96,640.0686486114522,7,69,74.47,0,0,2,2.0,False,True,False,True,False,False,False,False,True,2021,11,9,1,3,3,0,0,13.627647756794138,538.5665789853656,0.9799521603246011,0.35,11.5,0.7447
C1041,22.0,453199.27,236149.59,667.2559416,2,135,58.33,0,0,1,2.0,False,True,False,False,False,True,False,False,False,2024,10,8,1,1,1,0,2,13.024089403899271,485.9522507407492,-0.31231942465945306,0.5211,22.5,0.5833
C1042,40.0,269175.47,165210.43,572.3327784,3,146,72.67,0,0,0,1.0,False,False,False,False,False,False,False,True,False,2020,12,19,5,0,0,0,2,12.50312246580024,406.4608591242212,-1.3373664416147266,0.6138,24.33,0.7267
C1043,48.0,421181.92,255888.32,586.6945536,0,56,55.76,0,0,1,1.0,True,False,False,False,False,False,False,False,False,2018,6,27,2,1,1,0,0,12.950822507612534,505.8540500974565,-0.4613685095838075,0.6075,9.33,0.5576
C1044,27.0,661339.52,232373.13,699.9071616,7,34,43.42,0,0,1,2.0,False,True,False,False,False,True,False,False,False,2023,2,25,5,2,2,0,1,13.402024145035284,482.05096203617313,0.4831161090618661,0.3514,5.67,0.4342
C1045,28.0,496760.09,274230.9,672.7408072,2,117,41.38,1,0,0,3.0,True,False,False,False,False,False,False,False,False,2024,1,6,5,1,1,0,2,13.115864485278097,523.6706025737935,-0.12329042932190476,0.552,19.5,0.4138
C1046,55.0,543098.81,367975.45,643.4479048000001,0,147,74.79,0,0,0,2.0,False,True,False,False,False,False,True,False,False,2019,5,27,0,1,1,0,2,13.205048394179384,606.6098004483607,0.06291390517225692,0.6775,24.5,0.7479
C1047,34.0,500519.35,242775.6,623.041548,1,146,40.76,0,0,2,2.0,True,False,False,False,False,False,True,True,False,2022,3,31,3,1,1,0,2,13.123403536251503,492.7226400318946,-0.10764617509813583,0.485,24.33,0.4076
C1048,37.0,638431.4485222222,431566.15,682.0745158817778,4,12,73.6,1,1,1,2.0,False,False,True,False,False,False,True,False,False,2018,11,19,0,2,2,0,1,13.36677115171173,656.9369452238168,0.40699608708923724,0.676,2.0,0.736
C1049,56.0,823797.23,342641.62,707.9037784,6,76,48.8,0,0,1,3.0,False,False,False,False,True,False,False,True,False,2024,3,11,0,3,3,1,0,13.621680912402057,585.3559771626151,0.9665950039732649,0.4159,12.67,0.488
C1050,24.0,209457.99,145845.47,586.2866624,6,36,77.82,0,0,0,3.0,True,False,False,False,False,True,False,False,False,2021,4,15,3,0,0,0,1,12.252283247392471,381.89719820915155,-1.803039097785006,0.6963,6.0,0.7782
C1051,22.0,630233.15,327946.27,675.418652,7,99,30.71,0,0,1,2.0,False,False,True,False,False,False,True,False,False,2025,1,18,5,2,2,0,0,13.353846695983435,572.6659322851325,0.37918973639045545,0.5204,16.5,0.3071
C1052,26.0,685952.74,382465.83,603.8762192,1,45,35.37,0,0,1,2.0,True,False,False,True,False,False,False,False,False,2024,12,8,6,2,2,0,1,13.438565470031888,618.4382184179758,0.56244437356207,0.5576,7.5,0.3537
C1053,24.0,433256.83,94803.93,640.0686486114522,2,79,71.44,1,0,1,3.0,True,False,False,False,False,False,True,False,False,2022,1,21,4,1,1,0,0,12.979088280120832,307.90246832398077,-0.40406076213193237,0.2188,13.17,0.7144
C1054,49.0,593850.21,179438.66,630.5080168,6,49,62.02,1,0,1,2.0,False,False,True,False,True,False,False,False,False,2024,6,22,5,1,2,0,1,13.29438407875188,423.60200660525675,0.25195166326845364,0.3022,8.17,0.6202
C1055,38.0,419817.55,243393.56,643.585404,5,17,35.29,0,0,0,2.0,True,False,False,True,False,False,False,False,False,2020,2,27,3,1,1,0,1,12.947577873100855,493.34932856952383,-0.4679313312522472,0.5798,2.83,0.3529
C1056,46.0,597806.48,270162.03,640.0686486114522,1,23,87.71,0,0,1,1.0,True,False,False,False,False,True,False,True,False,2018,10,12,4,1,2,0,1,13.301024041299696,519.771132326527,0.26610357416111663,0.4519,3.83,0.8771
C1057,54.0,844168.5,426219.22,673.53348,3,57,40.7,0,0,1,3.0,False,False,False,False,False,True,False,False,False,2018,7,7,5,3,3,0,0,13.64610858279846,652.8546698921591,1.0213537454510166,0.5049,9.5,0.407
C1058,30.0,316263.33,77577.07,635.3010664,0,141,51.58,0,0,1,3.0,False,False,True,False,False,False,True,False,False,2020,7,22,2,0,0,0,2,12.664333630250262,278.52660555142666,-1.028692851285517,0.2453,23.5,0.5158
C1059,56.0,708340.84,496179.4,640.0686486114522,5,7,35.17,1,0,1,1.0,False,False,True,True,False,False,False,False,False,2021,3,31,2,2,3,0,1,13.470682081012196,704.400028392958,0.6325272166824828,0.7005,1.17,0.3517
C1060,34.0,1203457.09,726578.19,640.0686486114522,6,100,49.1,0,0,1,2.0,False,True,False,True,False,False,False,False,False,2018,11,23,4,4,3,0,0,14.000709712167255,852.3955595848678,1.8392911871460735,0.6037,16.67,0.491
C1061,51.0,565525.63,175998.58,677.2420504,5,140,56.87,0,0,1,2.0,True,False,False,False,False,False,True,False,True,2020,8,11,1,1,2,0,2,13.245512664499412,419.52184686855105,0.14822378963561897,0.3112,23.33,0.5687
C1062,35.0,370753.49,215258.59,666.6602792,2,18,42.14,1,0,1,1.0,False,False,False,False,False,False,True,False,False,2019,2,18,0,0,1,0,1,12.823295370513495,463.95968574866504,-0.716922145131565,0.5806,3.0,0.4214
C1063,28.0,1203457.09,726578.19,712.6953728,3,124,77.68,1,0,1,3.0,True,False,False,False,False,False,False,False,False,2022,4,6,2,4,3,1,2,14.000709712167255,852.3955595848678,1.8392911871460735,0.6037,20.67,0.7768
C1064,34.0,513388.65,300082.07,677.071092,0,135,49.54,0,0,1,1.0,True,False,False,False,False,False,False,False,False,2021,2,12,4,1,1,0,2,13.148790387496451,547.7974716991673,-0.05483561787176676,0.5845,22.5,0.4954
C1065,43.0,638431.4485222222,246587.03,699.0745158817778,3,17,74.71,1,1,1,1.0,False,True,False,False,False,False,True,False,True,2023,2,1,2,2,2,0,1,13.36677115171173,496.5753014397716,0.40699608708923724,0.3862,2.83,0.7471
C1066,40.31739130434783,561746.42,333490.14,658.9397136,1,76,35.53,0,0,0,2.0,True,False,False,False,True,False,False,False,False,2022,2,3,3,1,2,0,0,13.238807597246641,577.4860517796079,0.13405180136404346,0.5937,12.67,0.3553
C1067,36.0,625511.4,204090.01,584.040912,2,150,48.28,0,0,0,2.0,False,False,False,False,False,False,False,False,False,2019,10,29,1,2,2,0,2,13.346326432833294,451.76322338145235,0.36303506367691685,0.3263,25.0,0.4828
C1068,38.0,405801.25,158649.22,572.3327784,5,86,20.6,0,0,1,1.0,False,False,False,False,False,False,True,False,False,2022,2,25,4,0,1,0,0,12.913621250961732,398.3079461923902,-0.5364228649589067,0.391,14.33,0.206
C1069,44.0,542799.33,186745.65,648.4239464,5,61,76.9,0,0,1,2.0,False,True,False,True,False,False,False,False,False,2021,12,26,6,1,1,0,0,13.204496814901399,432.14077567385374,0.0617546002753352,0.344,10.17,0.769
C1070,46.0,825464.11,440925.83,701.0371288,1,11,66.94,0,0,1,2.0,True,False,False,False,False,False,False,False,False,2020,5,8,4,3,3,1,1,13.623702276155356,664.0224619694728,0.9711186136395653,0.5342,1.83,0.6694
C1071,45.0,638431.4485222222,169143.47,688.0745158817778,5,116,81.34,0,1,0,1.0,False,False,False,False,True,False,False,True,False,2020,12,29,1,2,2,0,2,13.36677115171173,411.27055571727965,0.40699608708923724,0.2649,19.33,0.8134
C1072,49.0,388094.18,294946.23,673.0475344,4,52,54.17,0,0,2,1.0,True,False,False,False,False,True,False,False,False,2018,10,20,5,0,1,0,1,12.86900589780036,543.0895230070269,-0.6258842041633955,0.76,8.67,0.5417
C1073,35.0,416379.98,166596.72,573.3103983999999,2,84,79.98,0,0,0,2.0,True,False,False,True,False,False,False,True,False,2024,10,31,3,1,1,0,0,12.939355937446285,408.16261465254263,-0.48454727721369617,0.4001,14.0,0.7998
C1074,21.0,638431.4485222222,211564.74,695.0745158817778,1,123,68.57,0,1,1,2.0,True,False,False,False,True,False,False,False,False,2025,2,13,3,2,2,0,2,13.36677115171173,459.96167231629204,0.40699608708923724,0.3314,20.5,0.6857
C1075,45.0,335856.17,167232.83,663.8684936,2,124,20.27,0,0,0,3.0,False,True,False,False,True,False,False,False,False,2019,12,2,0,0,0,0,2,12.724441259283564,408.9411082295347,-0.9116781280685996,0.4979,20.67,0.2027
C1076,27.0,328414.25,120264.87,671.27314,0,64,39.03,0,0,1,3.0,True,False,False,False,True,False,False,False,True,2023,12,28,3,0,0,0,0,12.702034092753854,346.7922576990438,-0.9554228577884203,0.3662,10.67,0.3903
C1077,29.0,488801.92,254637.67,605.1041536,2,37,57.04,0,0,1,3.0,False,False,False,True,False,False,False,False,False,2020,9,29,1,1,1,0,1,13.099714660635101,504.61635922748286,-0.15674332746843148,0.5209,6.17,0.5704
C1078,44.0,774428.11,316822.79,697.9542488,2,119,66.4,0,0,1,2.0,True,False,False,False,True,False,False,True,False,2019,11,1,4,2,3,0,2,13.559881404630564,562.8701359994151,0.8289544338449268,0.4091,19.83,0.664
C1079,21.0,1087663.91,303719.36,686.0131128,0,132,24.92,1,0,2,3.0,False,False,False,False,False,True,False,False,False,2023,3,9,3,4,3,0,2,13.899543671827894,551.1073942526991,1.6014810399861708,0.2792,22.0,0.2492
C1080,28.0,638431.4485222222,229539.82,630.0745158817778,1,7,72.88,0,1,1,2.0,True,False,False,False,False,False,False,False,False,2022,4,4,0,2,2,0,1,13.36677115171173,479.10314129631837,0.40699608708923724,0.3595,1.17,0.7288
C1081,44.0,628479.3,291026.08,667.2783440000001,2,8,60.77,0,0,0,2.0,False,False,False,True,False,False,False,False,True,2021,1,10,6,2,2,0,1,13.351059962050229,539.4683308591896,0.3732012793297343,0.4631,1.33,0.6077
C1082,31.0,558978.67,121955.69,640.0686486114522,3,104,59.43,0,0,1,1.0,False,False,False,False,True,False,False,False,False,2024,3,31,6,1,2,0,2,13.23386838296068,349.22154859057594,0.12362128362369638,0.2182,17.33,0.5943
C1083,37.0,209457.99,102406.05,662.3681504,2,8,41.9,1,0,1,1.0,True,False,False,False,False,False,True,False,True,2020,6,18,3,0,0,0,1,12.252283247392471,320.0094529853767,-1.803039097785006,0.4889,1.33,0.419
C1084,28.0,260058.01,149037.88,575.8046408,1,46,64.61,1,0,1,2.0,True,False,False,False,False,False,False,False,False,2021,8,21,5,0,0,0,1,12.468663845784253,386.0542448931238,-1.402381308589085,0.5731,7.67,0.6461
C1085,55.0,743181.34,416787.81,597.4545072,7,13,22.06,0,0,1,2.0,False,False,False,True,False,False,False,False,True,2018,8,18,5,2,3,0,1,13.518696704089647,645.5910547707426,0.7379340028471639,0.5608,2.17,0.2206
C1086,55.0,784002.0,413662.94,598.72016,5,55,24.85,0,0,1,1.0,False,False,True,False,False,False,True,False,False,2020,7,27,0,2,3,0,0,13.572168125855836,643.1663392933433,0.856217938603327,0.5276,9.17,0.2485
C1087,53.0,774199.15,429051.8,643.935932,6,149,75.04,0,0,1,2.0,False,True,False,False,False,False,True,False,False,2018,5,12,5,2,3,0,2,13.559585710874051,655.0204576957883,0.8282989265234757,0.5542,24.83,0.7504
C1088,25.0,443389.28,337326.65,592.4711424,0,149,44.14,1,0,0,2.0,False,False,True,False,True,False,False,True,False,2021,7,16,4,1,1,0,2,13.002205654408506,580.7982868432034,-0.3570100581010068,0.7608,24.83,0.4414
C1089,59.0,209457.99,77577.07,578.0574272,5,101,46.02,0,0,0,2.0,False,False,True,True,False,False,False,False,True,2022,7,2,5,0,0,0,0,12.252283247392471,278.52660555142666,-1.803039097785006,0.3704,16.83,0.4602
C1090,48.0,638431.4485222222,145996.39,682.0745158817778,1,24,35.63,1,1,0,2.0,True,False,False,False,True,False,False,False,True,2021,1,1,4,2,2,0,1,13.36677115171173,382.09473956075345,0.40699608708923724,0.2287,4.0,0.3563
C1091,27.0,302087.11,95126.04,595.1669688,4,146,53.42,0,0,1,3.0,False,True,False,False,False,True,False,True,False,2018,9,29,5,0,0,0,2,12.61847400877169,308.42509625515237,-1.1172626994079493,0.3149,24.33,0.5342
C1092,29.0,690949.98,207548.13,699.2759984,6,26,23.9,0,0,1,3.0,False,False,True,False,False,False,True,False,True,2020,5,14,3,2,2,0,1,13.445824159567698,455.5745054324265,0.5782542828191788,0.3004,4.33,0.239
C1093,28.0,401694.01,124009.64,640.0686486114522,5,31,42.53,1,0,1,2.0,True,False,False,False,False,True,False,False,False,2024,5,12,6,0,1,0,1,12.903448398064592,352.15002484736533,-0.5568739327106955,0.3087,5.17,0.4253
C1094,32.0,1203457.09,726578.19,700.110596,2,47,59.53,1,0,2,2.0,False,False,True,False,True,False,False,False,False,2021,7,12,0,4,3,1,1,14.000709712167255,852.3955595848678,1.8392911871460735,0.6037,7.83,0.5953
C1095,54.0,1096025.58,521368.39,640.0686486114522,6,135,54.92,0,0,0,2.0,False,False,True,False,False,False,False,False,False,2020,5,20,2,4,3,0,2,13.907201998020845,722.058439463178,1.619357301384281,0.4757,22.5,0.5492
C1096,40.31739130434783,1203457.09,726578.19,712.6953728,2,98,94.98,0,0,1,3.0,True,False,False,False,False,False,True,False,False,2023,8,7,0,4,3,1,0,14.000709712167255,852.3955595848678,1.8392911871460735,0.6037,16.33,0.9498
C1097,43.0,295350.44,99276.6,627.6280352,0,12,49.16,0,0,0,2.0,True,False,False,False,False,False,False,False,False,2022,6,9,3,0,0,0,1,12.595921248294852,315.08189411643446,-1.1605962260174987,0.3361,2.0,0.4916
C1098,44.0,640490.88,247548.48,640.0686486114522,2,90,49.02,0,0,1,1.0,True,False,False,True,False,False,False,False,False,2023,2,23,3,2,2,0,0,13.369991722642936,497.5424404008165,0.4139333941139463,0.3865,15.0,0.4902
C1099,57.0,376006.52,297249.86,650.0805216,6,93,57.77,0,0,0,1.0,False,True,False,False,False,False,True,False,False,2019,8,9,4,0,1,0,0,12.837364422172035,545.206254549597,-0.68896848776567,0.7905,15.5,0.5777
C1100,40.31739130434783,585563.26,409340.86,647.8450608,3,142,34.27,0,0,1,2.0,False,False,True,False,False,True,False,True,False,2020,12,20,6,1,2,0,2,13.28033120834598,639.7975148435636,0.22204693168363485,0.6991,23.67,0.3427
C1101,42.0,313925.96,151274.49,615.1140768,3,117,85.72,0,0,0,2.0,True,False,False,False,False,False,False,False,False,2019,7,26,4,0,0,0,2,12.65691562636718,388.9402139146838,-1.043060806692693,0.4819,19.5,0.8572
C1102,47.0,959709.59,511293.09,686.7767672,7,25,62.92,0,0,1,3.0,False,False,False,True,False,False,False,False,False,2020,10,7,2,3,3,0,1,13.774387049243181,715.047613799249,1.312231380548162,0.5328,4.17,0.6292
C1103,40.31739130434783,317168.24,223891.2,662.3734592,5,13,34.41,0,0,0,1.0,False,False,True,False,False,False,True,False,False,2024,4,18,3,0,0,0,1,12.667190790522309,473.1714277088168,-1.023154538226211,0.7059,2.17,0.3441
C1104,21.0,209457.99,81861.42,659.4037512,1,40,79.51,0,0,0,2.0,False,False,False,True,False,False,False,True,False,2024,1,17,2,0,0,0,1,12.252283247392471,286.1143477702578,-1.803039097785006,0.3908,6.67,0.7951
C1105,55.0,1203457.09,484259.57,695.7127984,7,40,22.57,0,0,0,3.0,False,True,False,False,False,True,False,True,False,2020,12,12,5,4,3,0,1,14.000709712167255,695.8876130525675,1.8392911871460735,0.4024,6.67,0.2257
C1106,57.0,623667.82,434738.08,596.8934256,0,77,93.69,0,0,1,3.0,True,False,False,False,False,False,True,True,False,2024,7,22,0,2,2,0,0,13.343374769281247,659.3467069759278,0.356699422952853,0.6971,12.83,0.9369
C1107,34.0,271571.38,141940.45,667.7257104,4,5,84.89,0,0,1,2.0,False,False,False,True,False,False,False,False,False,2022,10,21,4,0,0,0,1,12.511983975828368,376.74985069671897,-1.3205925261765548,0.5227,0.83,0.8489
C1108,23.0,447195.39,130503.04,622.7756312,7,73,63.47,0,0,1,2.0,False,True,False,False,True,False,False,False,False,2024,7,18,3,1,1,0,0,13.010753128339639,361.25204497691084,-0.3395720212547164,0.2918,12.17,0.6347
C1109,40.31739130434783,356015.16,179200.76,650.4812128,5,41,28.35,0,0,1,2.0,True,False,False,False,False,False,True,False,False,2022,6,24,4,0,0,0,1,12.782731402062351,423.3211074350061,-0.7971885171412608,0.5034,6.83,0.2835
C1110,25.0,490488.84,219700.76,615.2391072,1,76,36.15,0,0,1,3.0,False,False,False,False,False,False,True,False,False,2022,1,22,5,1,1,0,0,13.103159844215432,468.7224765252889,-0.14961374669743951,0.4479,12.67,0.3615
C1111,40.31739130434783,760346.45,552091.75,706.827716,0,111,40.96,0,0,0,1.0,False,False,False,False,False,False,True,False,False,2020,6,17,2,2,3,1,2,13.5415307788443,743.0287679491286,0.788329023426949,0.7261,18.5,0.4096
C1112,34.0,697444.7,192238.96,593.795576,6,100,38.08,0,0,1,3.0,False,True,False,False,False,False,True,False,False,2019,7,21,6,2,2,0,0,13.455179940184866,438.4506357618837,0.5986572289544179,0.2756,16.67,0.3808
C1113,59.0,562165.16,407640.51,577.9732128,0,145,57.31,0,0,1,2.0,True,False,False,False,True,False,False,False,False,2023,9,19,1,1,2,0,2,13.239552743540496,638.4673131805574,0.13562605556771057,0.7251,24.17,0.5731
C1114,47.0,490357.12,248771.22,640.0686486114522,6,88,90.84,1,0,1,2.0,True,False,False,False,False,True,False,False,True,2023,7,15,5,1,1,0,0,13.102891260283643,498.7697063776027,-0.15016969603126448,0.5073,14.67,0.9084
C1115,29.0,884934.51,391688.53,685.7947608,5,47,53.31,1,0,1,1.0,False,False,False,False,True,False,False,False,True,2019,1,8,1,3,3,0,1,13.693270051278418,625.8502456658462,1.1276439930685893,0.4426,7.83,0.5331
C1116,35.0,209457.99,77577.07,585.5652864,1,41,69.62,0,0,0,2.0,False,False,False,False,True,False,False,False,False,2018,7,12,3,0,0,0,1,12.252283247392471,278.52660555142666,-1.803039097785006,0.3704,6.83,0.6962
C1117,35.0,638431.4485222222,396140.83,683.0745158817778,7,29,71.64,0,1,1,2.0,False,False,False,True,False,False,False,False,False,2019,3,26,1,2,2,0,1,13.36677115171173,629.3971957357294,0.40699608708923724,0.6205,4.83,0.7164
C1118,46.0,285425.25,215805.47,640.0686486114522,1,77,85.37,0,0,0,1.0,True,False,False,False,False,False,False,False,False,2019,9,19,3,0,0,0,0,12.561738955969115,464.5486734455282,-1.2259959689008118,0.7561,12.83,0.8537
C1119,33.0,850382.71,361605.19,697.0306168,2,46,22.54,0,0,1,2.0,False,True,False,False,False,False,False,False,False,2025,1,14,1,3,3,0,1,13.653442950134963,601.3361705402396,1.0378342075225866,0.4252,7.67,0.2254
C1120,52.0,325624.14,561621.85,643.0499312,4,6,50.32,0,0,2,3.0,False,True,False,True,False,False,False,False,True,2019,10,18,4,0,0,0,1,12.693502121432095,749.4143380000145,-0.9720408784804797,1.7248,1.0,0.5032
C1121,59.0,638431.4485222222,340232.98,646.0745158817778,3,140,78.86,0,1,0,2.0,True,False,False,False,True,False,False,False,False,2022,9,26,0,2,2,0,2,13.36677115171173,583.2949339742288,0.40699608708923724,0.5329,23.33,0.7886
C1122,52.0,661410.63,448245.64,686.9128504,2,100,81.12,0,0,1,2.0,False,False,True,True,False,False,False,True,False,2024,9,8,6,2,2,0,0,13.402131663288147,669.5114935533221,0.48334888466502657,0.6777,16.67,0.8112
C1123,24.0,296614.57,77577.07,598.7291656,0,65,89.55,1,0,0,1.0,False,True,False,False,False,False,True,False,False,2018,9,18,1,0,0,0,0,12.600192202250842,278.52660555142666,-1.1524011502582197,0.2615,10.83,0.8955
C1124,50.0,403164.7,233362.4,594.253176,4,18,72.71,0,0,1,2.0,False,False,False,True,False,False,False,False,False,2022,4,26,1,0,1,0,1,12.907102922676241,483.0759774611029,-0.5495306278343958,0.5788,3.0,0.7271
C1125,57.0,1203457.09,726578.19,712.6953728,4,117,38.39,0,0,0,1.0,False,False,True,True,False,False,False,False,False,2022,4,13,2,4,3,1,2,14.000709712167255,852.3955595848678,1.8392911871460735,0.6037,19.5,0.3839
C1126,43.0,638431.4485222222,249557.31,685.0745158817778,1,81,57.92,1,1,1,2.0,False,False,True,False,False,False,True,True,False,2024,9,6,4,2,2,0,0,13.36677115171173,499.5571138518598,0.40699608708923724,0.3909,13.5,0.5792
C1127,59.0,435359.61,204990.73,611.8287688,4,25,22.43,0,0,0,3.0,False,True,False,False,False,False,False,False,False,2023,4,2,6,1,1,0,1,12.983929955155379,452.759019788673,-0.3942200346419169,0.4709,4.17,0.2243
C1128,35.0,457430.18,159267.1,595.5944144,5,68,68.52,0,0,0,2.0,False,False,True,False,False,False,True,True,False,2023,12,8,4,1,1,0,0,13.033381726153046,399.0828234840482,-0.29329833839895186,0.3482,11.33,0.6852
C1129,49.0,805419.21,726578.19,640.0686486114522,4,61,61.57,0,0,1,1.0,False,False,True,False,False,True,False,False,False,2020,10,26,0,2,3,0,0,13.599119420206094,852.3955595848678,0.9161977123199901,0.9021,10.17,0.6157
C1130,56.0,704031.75,408845.99,592.32254,0,123,70.01,0,0,0,2.0,False,True,False,True,False,False,False,False,False,2024,3,16,5,2,2,0,2,13.464580153944526,639.4106583409445,0.6191859591601229,0.5807,20.5,0.7001
C1131,40.31739130434783,509701.08,264854.43,673.7760864,5,56,89.76,0,0,1,2.0,False,True,False,True,False,False,False,False,True,2018,2,17,5,1,1,0,0,13.141581677151668,514.640097543905,-0.06985188236704849,0.5196,9.33,0.8976
C1132,52.0,517599.97,225422.92,647.4079976,5,99,71.55,0,0,1,2.0,False,False,True,False,False,False,False,False,True,2019,4,15,0,1,1,0,0,13.156959896201075,474.7872365597037,-0.03779828307807694,0.4355,16.5,0.7155
C1133,27.0,216659.73,81210.7,572.3327784,2,150,44.03,0,0,1,3.0,False,False,False,False,True,False,False,False,True,2024,1,9,1,0,0,0,2,12.286087952828323,284.97491117640516,-1.7412998614468522,0.3748,25.0,0.4403
C1134,40.31739130434783,209457.99,133879.41,588.4407528,4,144,34.91,0,0,1,3.0,True,False,False,False,False,False,True,True,False,2020,12,28,0,0,0,0,2,12.252283247392471,365.895353892339,-1.803039097785006,0.6392,24.0,0.3491
C1135,40.31739130434783,443630.7,208881.12,630.490456,1,93,84.1,1,0,1,2.0,False,False,True,False,True,False,False,True,False,2021,10,25,0,1,1,0,0,13.002749992680624,457.0351408808736,-0.35590019932718453,0.4708,15.5,0.841
C1136,22.0,345135.77,172867.62,598.6108616,6,14,34.57,0,0,1,2.0,False,False,True,False,False,True,False,False,False,2019,4,2,1,0,0,0,1,12.751696052236598,415.77352008034376,-0.8582707920706324,0.5009,2.33,0.3457
C1137,40.31739130434783,638431.4485222222,327194.35,652.0745158817778,2,56,32.12,0,1,2,2.0,False,False,False,False,False,False,True,False,False,2021,4,17,5,2,2,0,0,13.36677115171173,572.0090471312494,0.40699608708923724,0.5125,9.33,0.3212
C1138,48.0,638431.4485222222,299437.22,640.0686486114522,1,38,35.5,1,1,0,1.0,False,False,True,False,False,True,False,False,False,2022,11,16,2,2,2,0,1,13.36677115171173,547.2085708393098,0.40699608708923724,0.469,6.33,0.355
C1139,48.0,319647.49,113044.31,640.0686486114522,4,119,58.16,0,0,0,2.0,False,False,True,False,False,True,False,True,False,2019,10,10,3,0,0,0,2,12.67497720226693,336.2206269698514,-1.0080493097466419,0.3537,19.83,0.5816
C1140,40.0,534859.38,145591.0,613.7887504,2,140,29.31,0,0,1,2.0,True,False,False,False,False,True,False,False,False,2023,2,2,3,1,1,0,2,13.189761019856418,381.5638871801156,0.030818542279684124,0.2722,23.33,0.2931
C1141,50.0,388470.29,100661.34,640.0686486114522,4,129,90.36,0,0,1,2.0,True,False,False,False,False,False,True,False,False,2018,1,14,6,0,1,0,2,12.869974546445228,317.27171320494364,-0.6239482569775581,0.2591,21.5,0.9036
C1142,31.0,1203457.09,726578.19,712.6953728,0,47,92.47,0,0,0,2.0,True,False,False,False,False,False,True,True,False,2020,12,14,0,4,3,1,1,14.000709712167255,852.3955595848678,1.8392911871460735,0.6037,7.83,0.9247
C1143,48.0,604667.06,202029.36,623.3733648,2,33,93.04,0,0,1,1.0,False,True,False,False,False,False,False,True,False,2023,8,13,6,1,2,0,1,13.312434925286345,449.47676246942956,0.2904568447643072,0.3341,5.5,0.9304
C1144,45.0,209457.99,77577.07,572.3327784,1,110,22.93,0,0,0,2.0,False,True,False,True,False,False,False,False,False,2020,1,2,3,0,0,0,2,12.252283247392471,278.52660555142666,-1.803039097785006,0.3704,18.33,0.2293
C1145,59.0,638431.4485222222,433182.41,692.0745158817778,0,124,90.96,1,1,0,1.0,True,False,False,False,True,False,False,False,False,2023,9,11,0,2,2,0,2,13.36677115171173,658.1659441204779,0.40699608708923724,0.6785,20.67,0.9096
C1146,53.0,345161.62,100938.03,609.6129296,3,85,94.81,0,0,1,1.0,True,False,False,False,True,False,False,False,False,2019,3,12,1,0,0,0,0,12.751770947276016,317.70745978021984,-0.8581237296155245,0.2924,14.17,0.9481
C1147,21.0,286042.21,164499.34,588.8833768,1,35,90.68,0,0,1,3.0,False,True,False,False,False,True,False,False,False,2025,1,5,6,0,0,0,1,12.563898162306048,405.58518217508885,-1.2218747614520074,0.5751,5.83,0.9068
C1148,47.0,1203457.09,640926.64,712.6953728,6,132,70.32,0,0,1,1.0,False,False,False,False,False,False,True,False,False,2021,5,7,4,4,3,1,2,14.000709712167255,800.5789405174233,1.8392911871460735,0.5326,22.0,0.7032
C1149,33.0,591377.69,163154.1,615.3102152,7,42,72.59,0,0,1,2.0,False,False,True,False,False,False,True,True,False,2023,9,11,0,1,2,0,1,13.290211852609607,403.9233838242099,0.24306651307084962,0.2759,7.0,0.7259
C1150,23.0,638431.4485222222,286456.9,593.0745158817778,4,105,29.17,0,1,1,1.0,False,False,True,False,False,True,False,True,False,2024,10,30,2,2,2,0,2,13.36677115171173,535.2166850911881,0.40699608708923724,0.4487,17.5,0.2917
C1151,59.0,731741.85,152850.13,665.539348,1,136,85.57,0,0,1,3.0,True,False,False,True,False,False,False,True,False,2020,3,25,2,2,3,0,2,13.503184433409709,390.96052230372317,0.703796695837411,0.2089,22.67,0.8557
C1152,26.0,436570.72,307619.51,586.9256576,3,134,24.47,0,0,1,2.0,False,False,False,False,True,False,False,False,False,2019,9,19,3,1,1,0,2,12.98670794775228,554.6345733904442,-0.3885705208780833,0.7046,22.33,0.2447
C1153,28.0,638431.4485222222,324386.24,632.0745158817778,1,16,43.83,0,1,1,1.0,False,True,False,False,False,False,False,False,False,2022,3,12,5,2,2,0,1,13.36677115171173,569.5491550340497,0.40699608708923724,0.5081,2.67,0.4383
C1154,40.31739130434783,390392.69,110674.77,668.2314152,0,39,94.34,1,0,2,2.0,True,False,False,True,False,False,False,False,False,2019,10,24,3,0,1,0,1,12.874910970480617,332.67817782355365,-0.6140779145087302,0.2835,6.5,0.9434
C1155,29.0,1184553.48,405340.21,712.6953728,5,114,51.67,1,0,1,2.0,False,False,False,False,False,False,True,False,False,2024,1,19,4,4,3,1,2,13.984877295613614,636.6633411780515,1.8018352293955437,0.3422,19.0,0.5167
C1156,57.0,546933.86,256394.45,585.7547088,7,76,29.84,0,0,2,3.0,False,False,False,False,False,True,False,True,False,2023,12,13,2,1,1,0,0,13.21208498838961,506.3540757217226,0.07771179034884966,0.4688,12.67,0.2984
C1157,53.0,1006614.49,315394.09,616.5291592,1,114,92.7,0,0,1,1.0,False,False,False,False,True,False,False,False,False,2018,1,3,2,4,3,0,2,13.822104261642316,561.5995815525507,1.4218700759257192,0.3133,19.0,0.927
C1158,44.0,468811.09,169315.58,670.5048872,2,65,93.81,0,0,1,3.0,False,True,False,False,False,True,False,False,False,2024,9,19,3,1,1,0,0,13.05795730616155,411.47974433743394,-0.24286482322764724,0.3612,10.83,0.9381
C1159,35.0,322719.57,168017.92,583.8175656,6,52,34.03,1,0,1,3.0,False,True,False,False,False,False,True,False,False,2021,8,20,4,0,0,0,1,12.684542119423465,409.8998902171114,-0.9894696880882512,0.5206,8.67,0.3403
C1160,52.0,221190.8,154737.43,572.3327784,3,147,84.86,0,0,1,3.0,False,False,True,False,False,True,False,False,False,2023,6,25,6,0,0,0,2,12.306785477418776,393.36678812528135,-1.7033439735274587,0.6996,24.5,0.8486
C1161,52.0,698298.37,308022.07,654.8638696,1,75,49.28,0,0,1,2.0,False,False,True,False,True,False,False,True,False,2018,3,21,2,2,2,0,0,13.456403186642683,554.9973603540832,0.6013269857118958,0.4411,12.5,0.4928
C1162,44.0,638431.4485222222,402330.03,664.0745158817778,3,147,48.6,1,1,0,2.0,False,False,False,False,False,True,False,False,False,2019,4,4,3,2,2,0,2,13.36677115171173,634.2949077519069,0.40699608708923724,0.6302,24.5,0.486
C1163,32.0,300353.34,218059.69,595.0282672,5,138,39.7,0,0,1,2.0,False,False,False,False,True,False,False,True,False,2022,1,26,2,0,0,0,2,12.612718189982466,466.96861778924716,-1.1283360456157474,0.726,23.0,0.397
C1164,59.0,648459.55,213849.36,682.876764,0,72,23.35,1,0,0,3.0,False,True,False,False,False,True,False,False,False,2021,6,13,6,2,2,0,0,13.382356448197427,462.4384932074751,0.4405989545278719,0.3298,12.0,0.2335
C1165,22.0,229443.33,157011.55,581.3554664,2,26,40.1,0,0,0,2.0,False,False,True,False,False,True,False,False,False,2020,9,7,0,0,0,0,1,12.34341570825158,396.24682964031393,-1.6358803226883922,0.6843,4.33,0.401
C1166,23.0,638431.4485222222,417815.92,603.0745158817778,4,36,24.03,0,1,1,2.0,False,False,False,False,True,False,False,True,False,2018,8,26,6,2,2,0,1,13.36677115171173,646.3868191725447,0.40699608708923724,0.6544,6.0,0.2403
C1167,57.0,638431.4485222222,264414.29,658.0745158817778,1,127,89.33,0,1,1,2.0,False,False,True,False,False,True,False,False,False,2020,9,13,6,2,2,0,2,13.36677115171173,514.212300514097,0.40699608708923724,0.4142,21.17,0.8933
C1168,40.31739130434783,209457.99,150001.96,615.119032,0,26,69.63,1,0,0,2.0,False,False,True,True,False,False,False,False,False,2024,5,12,6,0,0,0,1,12.252283247392471,387.30086496159544,-1.803039097785006,0.7161,4.33,0.6963
C1169,22.0,484119.58,173093.77,670.7295664,7,114,86.5,0,0,1,3.0,False,False,False,False,False,False,False,False,False,2018,11,19,0,1,1,0,2,13.090089286901893,416.04539415789714,-0.17664287117159969,0.3575,19.0,0.865
C1170,22.0,308604.17,108900.84,572.3327784,3,19,73.8,0,0,1,1.0,False,True,False,True,False,False,False,False,False,2018,12,17,0,0,0,0,1,12.639817971849284,330.0012727248184,-1.076116423276875,0.3529,3.17,0.738
C1171,48.0,681885.87,452332.74,637.5508695999999,5,128,29.85,0,0,2,3.0,False,False,False,False,False,False,False,False,False,2023,6,14,2,2,2,0,2,13.432619043300633,672.5568674840812,0.5495054933268569,0.6634,21.33,0.2985
C1172,43.0,446426.32,205710.74,589.7141056,6,48,90.54,1,0,1,2.0,False,False,False,True,False,False,False,False,False,2018,10,11,3,1,1,0,1,13.009031888893396,453.55345881163777,-0.3430853891169583,0.4608,8.0,0.9054
C1173,57.0,819698.17,326630.87,650.5758536,3,119,87.49,0,0,0,3.0,False,False,True,False,False,False,False,False,True,2023,12,22,4,3,3,0,2,13.616692686075037,571.5162902315209,0.9554377254704871,0.3985,19.83,0.8749
C1174,52.0,419249.27,128792.4,671.5399416,6,13,46.11,0,0,2,2.0,False,False,False,False,False,True,False,False,False,2019,5,31,4,1,1,0,1,12.946223323692404,358.87658045629,-0.4706701905359007,0.3072,2.17,0.4611
C1175,53.0,231119.75,152354.01,607.48958,5,38,28.37,1,0,1,2.0,False,True,False,False,True,False,False,False,False,2019,6,10,0,0,0,0,1,12.350695580202348,390.32551799747864,-1.6224283801095503,0.6592,6.33,0.2837
C1176,21.0,215813.95,144982.32,607.265116,6,77,72.81,1,0,1,3.0,False,False,False,False,True,False,False,False,False,2023,5,1,0,0,0,0,0,12.282176606515057,380.7654396081661,-1.7484593916307167,0.6718,12.83,0.7281
C1177,39.0,209457.99,92387.28,572.3327784,5,147,74.63,0,0,1,2.0,False,True,False,False,False,False,True,False,False,2024,3,1,4,0,0,0,2,12.252283247392471,303.9527594873914,-1.803039097785006,0.4411,24.5,0.7463
C1178,22.0,692543.83,536297.75,676.4035064,0,49,87.26,0,0,1,3.0,False,True,False,False,False,False,False,False,False,2019,11,8,4,2,2,0,1,13.44812825141041,732.3235282305219,0.583276352096386,0.7744,8.17,0.8726
C1179,46.0,1203457.09,726578.19,712.6953728,1,76,23.95,0,0,1,2.0,False,False,True,False,False,False,True,False,False,2020,12,21,0,4,3,1,0,14.000709712167255,852.3955595848678,1.8392911871460735,0.6037,12.67,0.2395
C1180,52.0,621182.98,206090.76,670.6946384,4,62,30.63,0,0,0,2.0,True,False,False,False,False,False,True,False,True,2023,12,2,5,2,2,0,0,13.339382581128254,453.97220179213616,0.3481347989348316,0.3318,10.33,0.3063
C1181,26.0,638431.4485222222,387195.94,640.0686486114522,1,119,64.87,0,1,1,2.0,True,False,False,False,False,False,False,False,False,2024,10,20,6,2,2,0,2,13.36677115171173,622.2507051020513,0.40699608708923724,0.6065,19.83,0.6487
C1182,52.0,912063.88,597443.05,605.9651104,7,23,66.43,0,0,1,2.0,False,False,True,False,True,False,False,True,False,2022,9,30,4,3,3,0,1,13.723466406876991,772.9444029165358,1.1960953719532748,0.655,3.83,0.6643
C1183,24.0,367660.48,123145.52,592.4128384,7,20,22.52,0,0,2,2.0,False,False,False,False,False,False,False,False,False,2020,5,17,6,0,1,0,1,12.814917902487064,350.92095976159646,-0.7335392252498205,0.3349,3.33,0.2252
C1184,31.0,980603.81,241195.65,681.4483048,2,79,49.77,0,0,0,1.0,False,False,True,False,False,True,False,False,False,2024,1,18,3,3,3,0,0,13.795924813347346,491.11673765002143,1.3616209385259597,0.246,13.17,0.4977
C1185,37.0,375789.31,257907.92,573.0631448,1,110,63.81,0,0,0,2.0,False,True,False,False,False,False,True,True,False,2020,4,3,4,0,1,0,2,12.836786580637046,507.8463547176449,-0.6901177584893539,0.6863,18.33,0.6381
C1186,58.0,379917.98,298577.99,648.3934384,5,140,75.34,0,0,1,1.0,True,False,False,False,False,False,True,False,False,2021,6,30,2,0,1,0,2,12.847713298443658,546.4229039855485,-0.6683686845631421,0.7859,23.33,0.7534
C1187,44.0,435946.24,255814.72,580.8756992,5,78,43.71,0,0,0,3.0,False,False,True,False,False,False,False,False,False,2022,6,23,3,1,1,0,0,12.985276505834658,505.7812966095128,-0.3914818923168171,0.5868,13.0,0.4371
C1188,25.0,447459.4,164092.37,573.796752,2,22,56.29,1,0,1,3.0,False,False,False,False,False,False,True,False,False,2022,3,10,3,1,1,0,1,13.011343321161322,405.083164300863,-0.3383671195583944,0.3667,3.67,0.5629
C1189,40.31739130434783,703450.79,561356.24,633.2760632,3,47,81.05,0,0,1,2.0,False,False,True,False,True,False,False,False,True,2022,11,30,2,2,2,0,1,13.463754624403728,749.2371053278127,0.6173819592899751,0.798,7.83,0.8105
C1190,26.0,338071.37,248807.0,596.0457096,5,54,91.54,0,0,1,2.0,True,False,False,False,False,False,True,False,False,2023,10,21,5,0,0,0,0,12.731015263972397,498.80557334496575,-0.8988159803091023,0.736,9.0,0.9154
C1191,42.0,797316.13,405059.23,695.7852904,2,7,37.27,0,0,0,2.0,False,False,True,False,False,False,False,False,False,2023,1,24,1,2,3,0,1,13.589007783271702,636.4426368495435,0.8936659358579514,0.508,1.17,0.3727
C1192,31.0,791044.3,549928.28,643.283544,5,63,38.98,0,0,1,2.0,False,False,True,False,True,False,False,False,False,2019,5,11,5,2,3,0,0,13.581110514389362,741.5714935189999,0.8760922148025007,0.6952,10.5,0.3898
C1193,36.0,590443.92,407106.54,641.2355136,4,32,90.49,1,0,1,3.0,True,False,False,False,True,False,False,False,False,2020,10,12,0,1,2,0,1,13.288631633384998,638.0490106567049,0.23970273975528594,0.6895,5.33,0.9049
C1194,53.0,638431.4485222222,485769.33,683.0745158817778,5,50,49.69,0,1,1,3.0,False,True,False,False,False,False,True,False,True,2020,7,9,3,2,2,0,1,13.36677115171173,696.9715417432766,0.40699608708923724,0.7609,8.33,0.4969
C1195,29.0,992583.04,699328.66,642.4066432,0,68,73.88,0,0,1,2.0,False,True,False,False,False,False,False,True,False,2018,9,20,3,3,3,0,0,13.808066963021725,836.2587279066211,1.3895353223894753,0.7046,11.33,0.7388
C1196,26.0,880593.25,516210.4,642.44746,2,74,65.92,0,0,0,3.0,True,False,False,False,False,False,True,True,False,2021,10,16,5,3,3,0,0,13.68835224264359,718.4778354270924,1.116525290777351,0.5862,12.33,0.6592
C1197,40.31739130434783,507059.87,286784.05,640.0686486114522,6,51,41.42,1,0,0,2.0,False,False,True,False,False,True,False,False,True,2018,3,28,2,1,1,0,1,13.136386334538392,535.5222217611515,-0.08066408324901851,0.5656,8.5,0.4142
C1198,49.0,593309.45,285034.39,656.464756,7,146,69.02,0,0,0,3.0,True,False,False,False,False,True,False,False,False,2024,8,6,1,1,2,0,2,13.293473065440686,533.8861208160407,0.2500110992464073,0.4804,24.33,0.6902
C1199,23.0,652191.85,375591.67,616.175348,1,139,69.17,0,0,1,1.0,False,True,False,False,True,False,False,False,False,2024,3,18,0,2,2,0,2,13.388095579382446,612.8553418221954,0.4529927001818174,0.5759,23.17,0.6917
C1200,40.0,638431.4485222222,432301.06,650.0745158817778,2,110,64.43,0,1,1,2.0,False,False,False,False,False,False,True,False,False,2020,7,31,4,2,2,0,2,13.36677115171173,657.4960532200935,0.40699608708923724,0.6771,18.33,0.6443
C1201,56.0,638431.4485222222,498884.75,586.0745158817778,3,85,27.47,0,1,1,2.0,False,False,True,False,False,True,False,False,False,2024,8,7,2,2,2,0,0,13.36677115171173,706.3177401141784,0.40699608708923724,0.7814,14.17,0.2747
C1202,39.0,209457.99,77577.07,657.4163224,5,55,94.64,0,0,1,2.0,False,True,False,True,False,False,False,True,False,2020,6,21,6,0,0,0,0,12.252283247392471,278.52660555142666,-1.803039097785006,0.3704,9.17,0.9464
C1203,46.0,725612.19,394872.29,607.0489752,2,33,50.03,0,0,1,1.0,False,False,True,False,False,True,False,False,True,2018,1,30,1,2,3,0,1,13.494772355677382,628.3886456644486,0.6853177546496295,0.5442,5.5,0.5003
C1204,23.0,867001.49,404788.51,712.6953728,4,117,67.87,0,0,0,3.0,True,False,False,False,False,False,True,False,False,2018,10,18,3,3,3,1,2,13.672797127730874,636.2299191330128,1.081410643659372,0.4669,19.5,0.6787
C1205,39.0,258172.86,155185.94,640.0686486114522,2,147,86.43,0,0,1,1.0,False,False,False,False,False,False,True,False,False,2025,1,28,1,0,0,0,2,12.461388512920289,393.9364669588232,-1.4160651031651605,0.6011,24.5,0.8643
C1206,40.0,682039.43,394186.26,664.5631544,4,132,51.75,0,0,1,2.0,True,False,False,False,False,True,False,False,True,2018,8,30,3,2,2,0,2,13.432844216593447,627.8425439550907,0.5499952393910966,0.578,22.0,0.5175
C1207,52.0,353154.29,77577.07,572.3327784,7,94,78.04,0,0,1,1.0,False,False,False,False,False,False,True,False,False,2020,7,26,6,0,0,0,0,12.774663154195357,278.52660555142666,-0.8130954417545183,0.2197,15.67,0.7804
C1208,27.0,638431.4485222222,334983.02,615.0745158817778,7,29,92.89,0,1,1,2.0,False,False,True,False,False,False,True,False,False,2018,10,4,3,2,2,0,1,13.36677115171173,578.7771764677664,0.40699608708923724,0.5247,4.83,0.9289
C1209,53.0,1005422.38,254464.5,627.4337904,5,45,46.92,0,0,1,2.0,False,False,True,True,False,False,False,False,False,2018,5,9,2,4,3,0,1,13.82091928439633,504.44474424856486,1.419137860285786,0.2531,7.5,0.4692
C1210,59.0,283552.08,77577.07,572.3327784,1,73,50.4,0,0,2,2.0,True,False,False,False,True,False,False,False,True,2021,9,15,2,0,0,0,0,12.555154615664964,278.52660555142666,-1.2385550408287602,0.2736,12.17,0.504
C1211,38.0,283316.16,191158.6,572.6652928,5,8,87.92,1,0,0,1.0,False,False,False,False,False,False,True,True,False,2018,10,18,3,0,0,0,1,12.554322255816189,437.21687982053027,-1.2401418130051483,0.6747,1.33,0.8792
C1212,21.0,1203457.09,468624.1,695.5489656,3,109,31.97,0,0,2,1.0,False,False,False,False,False,False,False,True,False,2023,10,7,5,4,3,0,2,14.000709712167255,684.5612463468846,1.8392911871460735,0.3894,18.17,0.3197
C1213,31.0,451325.38,182512.85,612.1060304,0,35,22.14,0,0,1,2.0,False,False,True,False,True,False,False,True,False,2020,9,1,1,1,1,0,1,13.01994603746373,427.2152267885591,-0.32079221232258276,0.4044,5.83,0.2214
C1214,48.0,970532.41,231424.18,673.6425928,1,135,88.17,0,0,1,3.0,True,False,False,False,True,False,False,False,False,2021,2,14,6,3,3,0,2,13.785601106552495,481.06567119261376,1.3379270875608777,0.2385,22.5,0.8817
C1215,45.0,209457.99,77577.07,592.235976,1,121,81.62,0,0,1,3.0,False,False,False,False,False,False,False,False,False,2023,6,12,0,0,0,0,2,12.252283247392471,278.52660555142666,-1.803039097785006,0.3704,20.17,0.8162
C1216,43.0,212090.47,139844.59,654.9672376,7,94,92.94,0,0,1,1.0,False,False,True,False,False,True,False,True,False,2020,5,27,2,0,0,0,0,12.264772922865223,373.9580056637376,-1.780265066523258,0.6594,15.67,0.9294
C1217,51.0,638431.4485222222,316737.65,688.0745158817778,0,149,24.37,0,1,0,2.0,False,True,False,True,False,False,False,False,False,2024,1,18,3,2,2,0,2,13.36677115171173,562.7945006838642,0.40699608708923724,0.4961,24.83,0.2437
C1218,50.0,375193.28,273291.19,621.0154624,2,70,31.71,0,0,1,1.0,True,False,False,False,False,False,True,True,False,2019,6,26,2,0,1,0,0,12.835199250795439,522.7725987463383,-0.6932742903608645,0.7284,11.67,0.3171
C1219,55.0,225977.87,99056.33,597.0782296,5,92,27.9,1,0,1,1.0,False,True,False,False,False,True,False,False,True,2024,5,27,0,0,0,0,0,12.328196778308218,314.73215596757825,-1.663954815828955,0.4383,15.33,0.279
C1220,27.0,599057.62,216391.86,673.9246095999999,2,28,71.26,0,0,1,2.0,True,False,False,False,False,False,False,True,False,2024,6,18,1,1,2,0,1,13.30311473541448,465.1793847538818,0.27056244182222927,0.3612,4.67,0.7126
C1221,36.0,620963.01,253700.58,618.6770408,2,103,65.45,0,0,1,2.0,False,False,True,True,False,False,False,True,False,2023,4,21,4,2,2,0,2,13.339028404324733,503.6869861332532,0.3473752151177614,0.4086,17.17,0.6545
C1222,46.0,638431.4485222222,400719.85,587.0745158817778,5,109,46.95,1,1,0,1.0,False,False,False,True,False,False,False,True,False,2020,9,22,1,2,2,0,2,13.36677115171173,633.0243676194464,0.40699608708923724,0.6277,18.17,0.4695
C1223,22.0,311691.97,166132.88,631.9353576,3,23,24.31,0,0,1,1.0,False,False,False,True,False,False,False,True,False,2023,4,22,5,0,0,0,1,12.649773911763521,407.59401369500017,-1.056878505195445,0.533,3.83,0.2431
C1224,21.0,335128.8,248838.07,640.0686486114522,1,70,67.97,1,0,1,1.0,False,False,False,False,False,False,False,False,False,2022,7,26,1,0,0,0,0,12.722273198449487,498.83671677213175,-0.9159171914947182,0.7425,11.67,0.6797
C1225,32.0,257638.52,144612.83,589.6110816,4,64,62.76,0,0,1,3.0,True,False,False,False,False,True,False,False,False,2020,2,19,2,0,0,0,0,12.45931667759435,380.2799363626748,-1.4199591766683544,0.5613,10.67,0.6276
C1226,25.0,209457.99,77577.07,648.9562624,0,119,28.47,0,0,1,3.0,False,False,True,False,False,False,True,False,False,2019,1,22,1,0,0,0,2,12.252283247392471,278.52660555142666,-1.803039097785006,0.3704,19.83,0.2847
C1227,57.0,466600.09,313299.39,617.3280072,1,19,88.17,0,0,0,1.0,False,True,False,True,False,False,False,True,False,2019,2,2,5,1,1,0,1,13.053229974614744,559.7315338624402,-0.2525806195609113,0.6715,3.17,0.8817
C1228,52.0,385871.34,296549.96,631.8697072,2,89,34.92,1,0,0,1.0,False,False,True,True,False,False,False,False,False,2022,11,1,1,0,1,0,0,12.863261868356664,544.5640090935133,-0.6373584736691904,0.7685,14.83,0.3492
C1229,29.0,408202.96,168795.0,639.6562368,0,92,75.76,1,0,2,3.0,False,True,False,False,False,True,False,True,False,2021,12,22,2,0,1,0,0,12.919522230437725,410.8466867336282,-0.5245454656850825,0.4135,15.33,0.7576
C1230,55.0,280269.82,98073.62,659.4215856,4,11,86.38,0,0,0,3.0,True,False,False,True,False,False,False,False,False,2022,10,1,5,0,0,0,1,12.543511628986757,313.1670800068232,-1.260732686956851,0.3499,1.83,0.8638
C1231,40.31739130434783,763580.34,435034.96,697.0864272,1,10,63.46,0,0,1,2.0,True,False,False,True,False,False,False,True,False,2022,8,11,3,2,3,0,1,13.545774933657198,659.5718004887717,0.7977149695024,0.5697,1.67,0.6346
C1232,36.0,1203457.09,726578.19,712.6953728,1,129,38.51,0,0,0,1.0,False,True,False,False,False,False,False,False,False,2023,3,28,1,4,3,1,2,14.000709712167255,852.3955595848678,1.8392911871460735,0.6037,21.5,0.3851
C1233,23.0,309048.45,245233.45,673.723876,3,37,43.19,0,0,1,1.0,False,True,False,False,True,False,False,True,False,2018,8,10,4,0,0,0,1,12.641256575438529,495.21051079313736,-1.0733383786857256,0.7935,6.17,0.4319
C1234,40.0,1055824.86,504068.81,705.4659888,1,62,86.43,1,0,1,2.0,False,True,False,False,False,True,False,False,False,2019,2,8,4,4,3,1,0,13.869833824346939,709.9780348715022,1.532325770851923,0.4774,10.33,0.8643
C1235,44.0,598186.22,146315.71,668.8548976,1,149,42.37,0,0,0,2.0,False,False,True,False,False,True,False,False,False,2018,9,6,3,1,2,0,2,13.301659060857492,382.51236581318517,0.26745774583792326,0.2446,24.83,0.4237
C1236,53.0,498560.86,392078.95,608.8848688,4,114,75.96,0,0,1,1.0,False,True,False,False,False,True,False,False,False,2022,7,8,4,1,1,0,2,13.11948295296205,626.1620796566972,-0.11578397160948616,0.7864,19.0,0.7596
C1237,44.0,638431.4485222222,450829.75,671.0745158817778,4,46,94.26,1,1,0,2.0,True,False,False,False,False,False,False,True,False,2021,10,21,3,2,2,0,1,13.36677115171173,671.438567554769,0.40699608708923724,0.7062,7.67,0.9426
C1238,31.0,467068.27,143366.65,580.3654616,0,98,94.99,1,0,1,1.0,True,False,False,False,False,False,False,False,False,2019,3,24,6,1,1,0,0,13.054232855415716,378.6378876974675,-0.2505200360506255,0.307,16.33,0.9499
C1239,28.0,920134.27,683441.83,612.6107416,2,133,60.01,0,0,0,3.0,False,False,False,False,False,False,True,False,False,2020,10,15,3,3,3,0,2,13.732275970825684,826.7054070223564,1.2161241040026785,0.7428,22.17,0.6001
C1240,56.0,261464.94,105736.45,594.9171952,4,83,81.99,0,0,0,2.0,False,True,False,False,False,False,False,False,True,2020,2,24,0,0,0,0,0,12.474059305438068,325.1714163329858,-1.3922236122735439,0.4044,13.83,0.8199
C1241,58.0,420309.36,179164.09,664.6247488,0,99,94.27,1,0,0,1.0,False,False,True,False,False,True,False,True,False,2020,2,19,2,1,1,0,0,12.94874866974962,423.277792944539,-0.46556356583333064,0.4263,16.5,0.9427
C1242,40.0,971843.55,722891.14,679.747484,1,115,48.1,0,0,0,2.0,False,False,True,False,False,False,True,False,True,2024,1,6,5,3,3,0,2,13.786951142669194,850.2300512214326,1.3410234569515276,0.7438,19.17,0.481
C1243,55.0,839904.17,435128.6,604.1923336,7,101,38.93,0,0,0,2.0,False,False,True,False,True,False,False,False,False,2023,1,12,3,3,3,0,0,13.641044271589475,659.6427821177156,1.0099847297719964,0.5181,16.83,0.3893
C1244,45.0,263702.73,77577.07,637.0962184,0,123,28.57,0,0,1,3.0,False,False,False,True,False,False,False,False,False,2019,7,29,0,0,0,0,2,12.482581517102926,278.52660555142666,-1.3761626016657673,0.2942,20.5,0.2857
C1245,55.0,442225.17,186368.59,663.3780136,7,73,30.57,1,0,1,2.0,True,False,False,True,False,False,False,False,True,2022,9,25,6,1,1,0,0,12.999576727020234,431.7042853620983,-0.3623689375140981,0.4214,12.17,0.3057
C1246,45.0,638431.4485222222,404292.12,596.0745158817778,0,137,84.02,0,1,1,2.0,False,False,True,False,False,False,True,False,False,2020,1,22,2,2,2,0,2,13.36677115171173,635.8396967789917,0.40699608708923724,0.6333,22.83,0.8402
C1247,49.0,638431.4485222222,194409.09,605.0745158817778,0,149,64.15,0,1,0,2.0,True,False,False,False,True,False,False,True,False,2021,2,14,6,2,2,0,2,13.36677115171173,440.91846184980733,0.40699608708923724,0.3045,24.83,0.6415
C1248,38.0,835949.92,463232.22,615.8759936,7,56,85.53,0,0,1,2.0,False,False,False,True,False,False,False,False,False,2023,3,10,4,3,3,0,0,13.636325182209477,680.611651384253,0.9993984903504608,0.5541,9.33,0.8553
C1249,38.0,604016.77,372777.7,600.3213416,5,146,79.21,1,0,0,3.0,False,True,False,False,False,False,True,False,False,2020,10,20,1,1,2,0,2,13.311358897013978,610.5552391061763,0.2881585878106545,0.6172,24.33,0.7921
C1250,22.0,662366.45,269127.53,588.989316,0,126,70.53,0,0,1,2.0,False,True,False,False,False,False,False,False,False,2018,11,5,0,2,2,0,2,13.403575741353048,518.7750283118878,0.4864756588735346,0.4063,21.0,0.7053
C1251,55.0,590389.66,363873.92,598.2311728,7,33,65.7,1,0,1,2.0,False,True,False,False,False,True,False,False,False,2022,12,21,2,1,2,0,1,13.288539732360068,603.2196283278587,0.23950713688760283,0.6163,5.5,0.657
C1252,40.31739130434783,1165724.33,726578.19,683.2579464,4,140,23.63,0,0,0,1.0,False,False,True,False,True,False,False,False,False,2024,3,4,0,4,3,0,2,13.968854052104803,852.3955595848678,1.7640183628991346,0.6233,23.33,0.2363
C1253,40.31739130434783,387706.49,187366.93,598.0165192,6,108,85.42,1,0,1,2.0,False,True,False,True,False,False,False,False,False,2019,2,6,2,0,1,0,2,12.86800644253354,432.8590186192266,-0.6278814265467274,0.4833,18.0,0.8542
C1254,40.31739130434783,502075.18,215764.6,636.1660144,6,5,51.34,1,0,1,3.0,False,False,True,False,False,True,False,False,True,2018,7,27,4,1,1,0,1,13.126507140148593,464.5046824306511,-0.10120075189759566,0.4297,0.83,0.5134
C1255,24.0,279782.32,98118.27,606.3825856,6,33,61.98,1,0,1,3.0,False,False,False,False,False,False,True,False,False,2024,1,24,2,0,0,0,1,12.541770725426526,313.23835971987853,-1.2640454422138896,0.3507,5.5,0.6198
C1256,53.0,251045.14,141218.74,663.0836112,6,73,21.65,1,0,1,1.0,False,False,False,True,False,False,False,True,False,2018,3,2,4,0,0,0,0,12.433392025921426,375.7908194727487,-1.4685830264187583,0.5625,12.17,0.2165
C1257,34.0,584625.17,425555.23,657.7700136,5,57,90.21,0,0,0,1.0,False,False,True,False,False,True,False,True,False,2019,1,18,4,1,2,0,0,13.278727896309059,652.3459434993061,0.21863906653843784,0.7279,9.5,0.9021
C1258,41.0,328304.74,129613.65,618.2643792,2,128,87.71,0,0,1,3.0,True,False,False,False,False,False,False,True,False,2020,8,26,2,0,0,0,2,12.70170058734537,360.0189578341674,-0.9560728378812519,0.3948,21.33,0.8771
C1259,40.0,473673.2,207346.33,656.893856,7,92,60.75,1,0,1,3.0,False,True,False,False,True,False,False,False,False,2019,11,13,2,1,1,0,0,13.068275022577408,455.35297297810627,-0.22163548399302158,0.4377,15.33,0.6075
C1260,28.0,1190354.98,528488.22,653.2283984000001,0,87,63.3,1,0,1,1.0,False,True,False,False,False,False,True,True,False,2022,7,23,5,4,3,0,0,13.989762963210552,726.9719526914364,1.8133841294781488,0.444,14.5,0.633
C1261,27.0,1153101.4,618624.38,712.6953728,3,16,72.88,0,0,0,2.0,False,True,False,True,False,False,False,True,False,2023,6,13,1,4,3,1,1,13.957966607102978,786.5267827607653,1.738374487787494,0.5365,2.67,0.7288
C1262,23.0,1203457.09,559997.12,712.6953728,6,56,39.85,0,0,0,2.0,False,False,True,False,False,False,False,True,False,2023,5,26,4,4,3,1,0,14.000709712167255,748.3295530713724,1.8392911871460735,0.4653,9.33,0.3985
C1263,37.0,1203457.09,726578.19,662.2765672,1,133,36.64,0,0,1,3.0,False,False,False,False,True,False,False,True,False,2020,5,25,0,4,3,0,2,14.000709712167255,852.3955595848678,1.8392911871460735,0.6037,22.17,0.3664
C1264,40.31739130434783,1203457.09,691838.61,640.0686486114522,6,139,70.55,0,0,1,1.0,False,True,False,False,True,False,False,False,True,2022,7,1,4,4,3,0,2,14.000709712167255,831.7683631877327,1.8392911871460735,0.5749,23.17,0.7055
C1265,32.0,621624.39,387407.27,608.7299512,6,149,27.83,0,0,1,1.0,False,False,False,False,False,False,False,True,False,2018,8,29,2,2,2,0,2,13.340092923404738,622.4204929145569,0.34965835331115486,0.6232,24.83,0.2783
C1266,42.0,297550.33,151134.57,572.3327784,1,131,54.05,1,0,0,3.0,False,True,False,True,False,False,False,False,False,2019,11,6,2,0,0,0,2,12.60334202690001,388.7602988989488,-1.1463539214998901,0.5079,21.83,0.5405
C1267,42.0,282034.33,155552.81,572.3327784,5,75,56.96,0,0,0,1.0,False,True,False,False,True,False,False,True,False,2022,4,2,5,0,0,0,0,12.549787625760848,394.4018382310103,-1.2487829391226466,0.5515,12.5,0.5696
C1268,50.0,1053872.29,324345.26,699.3097832,1,21,48.6,0,0,1,2.0,False,False,True,False,False,False,True,False,False,2018,1,9,1,4,3,0,1,13.867982782640336,569.513178074046,1.5280273224710679,0.3078,3.5,0.486
C1269,58.0,503024.71,322445.84,659.2419768,1,7,33.9,0,0,1,2.0,True,False,False,False,False,True,False,False,True,2022,5,19,3,1,1,0,1,13.128396561095714,567.8431473567326,-0.09727541749099138,0.641,1.17,0.339
C1270,58.0,524065.7,164122.87,647.925256,5,33,46.65,0,0,1,2.0,False,False,True,False,False,False,True,False,False,2020,12,22,1,1,1,0,1,13.16937424527882,405.12080914216193,-0.011868385319243856,0.3132,5.5,0.4665
C1271,28.0,361497.68,96911.81,637.9198144,1,26,45.32,0,0,2,2.0,False,True,False,False,True,False,False,False,False,2023,2,7,1,0,1,0,1,12.798013669122009,311.3066173405249,-0.7670059521839026,0.2681,4.33,0.4532
C1272,47.0,386139.64,203884.7,628.8911712,0,58,57.44,0,0,1,2.0,False,True,False,False,False,True,False,True,False,2021,3,14,6,0,1,0,0,12.863956934418383,451.53593433967137,-0.6359705363694381,0.528,9.67,0.5744
C1273,47.0,603841.85,377750.35,589.307348,6,111,70.6,0,0,0,1.0,True,False,False,False,False,False,False,True,False,2022,9,29,3,1,2,0,2,13.311069260944507,614.613984546398,0.2875400261187855,0.6256,18.5,0.706
C1274,54.0,273655.99,77577.07,663.8924792,2,73,92.62,0,0,0,2.0,False,False,False,False,False,True,False,False,False,2024,3,26,1,0,0,0,0,12.519630739823395,278.52660555142666,-1.3061000493187944,0.2835,12.17,0.9262
C1275,41.0,563220.32,136094.97,621.0576255999999,5,124,30.81,0,0,1,3.0,False,False,False,False,False,True,False,False,False,2023,6,17,5,1,2,0,2,13.241427938223119,368.910517605557,0.13958851757565394,0.2416,20.67,0.3081
C1276,50.0,1122528.3,726578.19,653.802264,3,51,85.48,0,0,1,3.0,False,True,False,False,False,True,False,False,False,2019,9,27,4,4,3,0,1,13.931095000707773,852.3955595848678,1.6752612454233864,0.6473,8.5,0.8548
C1277,53.0,209457.99,103650.11,572.3327784,5,24,41.31,0,0,1,1.0,False,False,False,False,True,False,False,False,False,2020,2,17,0,0,0,0,1,12.252283247392471,321.9473714755255,-1.803039097785006,0.4948,4.0,0.4131
C1278,48.0,209457.99,77577.07,592.7566392,4,25,64.35,0,0,0,1.0,False,True,False,True,False,False,False,False,True,2021,4,30,4,0,0,0,1,12.252283247392471,278.52660555142666,-1.803039097785006,0.3704,4.17,0.6435
C1279,53.0,708982.04,403507.86,640.0686486114522,3,5,61.01,1,0,0,2.0,True,False,False,False,True,False,False,False,False,2020,6,10,2,2,3,0,1,13.471586884212638,635.2226853631724,0.634506519802555,0.5691,0.83,0.6101
C1280,25.0,1035279.85,482345.21,712.6953728,4,147,61.77,0,0,0,2.0,True,False,False,True,False,False,False,True,False,2018,8,28,1,4,3,1,2,13.850183300529137,694.5107702548607,1.4867546740856419,0.4659,24.5,0.6177
C1281,39.0,373457.32,216462.44,613.8765856,7,21,74.25,0,0,1,2.0,False,True,False,False,False,False,False,True,False,2024,6,30,6,0,1,0,1,12.83056168428922,465.25524177595247,-0.7024921524294518,0.5796,3.5,0.7425
C1282,24.0,209457.99,116926.69,653.0329888,7,55,48.63,0,0,1,2.0,True,False,False,False,False,False,False,False,False,2024,1,30,1,0,0,0,0,12.252283247392471,341.9454488657511,-1.803039097785006,0.5582,9.17,0.4863
C1283,55.0,1074706.65,266434.67,686.976532,5,18,43.93,1,0,2,1.0,False,False,True,False,False,False,False,False,False,2018,9,7,4,4,3,0,1,13.887559229069472,516.1731008101837,1.5735478650756338,0.2479,3.0,0.4393
C1284,37.0,638431.4485222222,425700.12,667.0745158817778,4,63,83.96,0,1,0,1.0,False,False,True,False,False,False,False,False,False,2021,7,8,3,2,2,0,0,13.36677115171173,652.4569870880379,0.40699608708923724,0.6668,10.5,0.8396
C1285,48.0,400838.75,198742.85,668.0671,3,87,36.51,0,0,1,2.0,True,False,False,False,False,False,False,True,False,2018,8,23,3,0,1,0,0,12.90131700048182,445.80584338924945,-0.5611548466254911,0.4958,14.5,0.3651
C1286,50.0,638431.4485222222,343780.12,595.0745158817778,0,54,33.52,0,1,2,2.0,False,True,False,False,False,False,True,False,False,2018,7,25,2,2,2,0,0,13.36677115171173,586.3276558375871,0.40699608708923724,0.5385,9.0,0.3352
C1287,49.0,338900.44,200750.66,603.1120352,5,128,21.17,0,0,0,1.0,False,True,False,False,True,False,False,True,False,2024,7,20,5,0,0,0,2,12.73346460662713,448.0520728665364,-0.8940205541873203,0.5924,21.33,0.2117
C1288,26.0,301983.8,227567.11,644.158704,5,38,35.79,0,0,1,2.0,True,False,False,True,False,False,False,False,False,2023,5,7,6,0,0,0,1,12.618131963964526,477.0399459164819,-1.1179210106318138,0.7536,6.33,0.3579
C1289,55.0,638431.4485222222,149413.37,610.0745158817778,1,10,58.89,0,1,0,2.0,False,False,False,False,False,False,False,False,False,2023,8,22,1,2,2,0,1,13.36677115171173,386.5402566357093,0.40699608708923724,0.234,1.67,0.5889
C1290,40.31739130434783,1203457.09,295717.01,697.6766312,5,113,60.39,1,0,0,3.0,False,False,True,False,False,False,True,False,False,2023,12,16,5,4,3,0,2,14.000709712167255,543.7986851767849,1.8392911871460735,0.2457,18.83,0.6039
C1291,44.0,925220.6,284003.0,697.017648,6,53,39.08,0,0,0,3.0,False,False,False,False,False,False,True,False,False,2019,10,7,0,3,3,0,0,13.737788555370402,532.9193184713798,1.2286705648167084,0.307,8.83,0.3908
C1292,49.0,670637.84,531057.07,608.6510272,7,10,25.42,0,0,1,2.0,False,True,False,False,False,False,True,True,False,2018,8,21,1,2,2,0,1,13.415986029619202,728.7366259493206,0.5133748658478573,0.7919,1.67,0.2542
C1293,40.31739130434783,1203457.09,726578.19,640.0686486114522,6,121,75.85,0,0,1,1.0,False,True,False,False,True,False,False,False,True,2023,9,12,1,4,3,0,2,14.000709712167255,852.3955595848678,1.8392911871460735,0.6037,20.17,0.7585
C1294,55.0,638431.4485222222,363130.02,618.0745158817778,5,122,76.85,1,1,0,2.0,False,False,False,False,False,False,False,True,False,2018,11,25,6,2,2,0,2,13.36677115171173,602.6027049391664,0.40699608708923724,0.5688,20.33,0.7685
C1295,53.0,652332.78,148877.63,640.0686486114522,7,11,94.84,0,0,1,1.0,True,False,False,False,False,False,True,False,False,2020,2,1,5,2,2,0,1,13.388311642431383,385.84664051926126,0.45345950042327576,0.2282,1.83,0.9484
C1296,41.0,638431.4485222222,464437.26,677.0745158817778,7,101,87.5,0,1,1,2.0,False,False,False,False,False,False,True,False,True,2018,10,8,0,2,2,0,0,13.36677115171173,681.4963389483468,0.40699608708923724,0.7275,16.83,0.875
C1297,52.0,563707.38,387635.7,621.0965904,0,122,89.45,0,0,1,3.0,False,False,False,False,False,False,False,True,False,2024,9,3,1,1,2,0,2,13.242292340022676,622.6039672215396,0.14141545523848645,0.6877,20.33,0.8945
C1298,43.0,871804.84,522106.51,637.7443872,1,133,79.87,0,0,1,2.0,False,False,True,False,True,False,False,False,True,2018,10,6,5,3,3,0,2,13.678322017548117,722.5693807517725,1.0938733282264628,0.5989,22.17,0.7987
C1299,53.0,668740.42,269822.37,612.4992336,2,145,66.16,1,0,0,3.0,False,False,True,False,False,False,True,False,False,2020,8,21,4,2,2,0,2,13.413152747203508,519.4442896018783,0.5072293314467909,0.4035,24.17,0.6616
C1300,23.0,336349.75,81498.54,676.90798,4,31,29.64,1,0,0,2.0,False,False,False,True,False,False,False,False,False,2022,7,12,1,0,0,0,1,12.725909793271393,285.4794913824809,-0.9088060184181086,0.2423,5.17,0.2964
C1301,38.0,492522.56,269913.74,631.4018048,3,120,66.67,0,0,1,1.0,False,False,False,False,False,True,False,False,False,2019,5,7,1,1,1,0,2,13.107297576013552,519.5322319163653,-0.1410461070783024,0.548,20.0,0.6667
C1302,45.0,730654.74,461639.9,640.4523792,2,135,24.2,0,0,1,2.0,False,True,False,False,False,True,False,True,False,2024,5,22,2,2,3,0,2,13.501697683890553,679.4408730713807,0.700529031998433,0.6318,22.5,0.242
C1303,40.31739130434783,505194.42,129604.7,617.4155536,1,62,86.4,0,0,1,2.0,False,False,True,False,False,True,False,False,False,2020,10,5,0,1,1,0,0,13.132700603700831,360.0065277185957,-0.08832946826086081,0.2565,10.33,0.864
C1304,23.0,974672.4,565563.99,686.973792,6,93,56.14,0,0,1,2.0,False,False,True,False,True,False,False,False,False,2024,6,29,5,3,3,0,0,13.789857719504568,752.0398859103152,1.3476919540731087,0.5803,15.5,0.5614
C1305,44.0,607814.4,225997.33,589.625152,6,101,72.31,0,0,0,2.0,False,True,False,False,False,False,True,False,False,2024,9,1,6,2,2,0,0,13.317626496425847,475.39176475828856,0.3015505868164378,0.3718,16.83,0.7231
C1306,52.0,739779.51,487179.23,676.1823608,6,21,23.92,0,0,1,1.0,True,False,False,False,False,True,False,True,False,2018,6,12,1,2,3,0,1,13.51410881307536,697.9822562214601,0.7278293114263952,0.6585,3.5,0.2392
C1307,42.0,768173.08,402345.64,612.4538464,0,105,60.07,0,0,0,3.0,False,False,True,False,False,True,False,False,False,2024,12,11,2,2,3,0,2,13.551771653111468,634.3072126343827,0.8109869110690314,0.5238,17.5,0.6007
C1308,43.0,271936.68,77577.07,606.7549344,7,33,42.59,1,0,0,1.0,False,False,True,False,False,False,False,False,False,2018,12,2,6,0,0,0,1,12.513328201379618,278.52660555142666,-1.3180460971874992,0.2853,5.5,0.4259
C1309,22.0,502571.06,259282.27,673.2056848,6,106,41.37,0,0,0,3.0,True,False,False,False,False,False,True,False,False,2022,9,14,2,1,1,0,2,13.127494311619218,509.19767281479204,-0.0991500094838104,0.5159,17.67,0.4137
C1310,47.0,407259.17,178152.31,606.5807336,3,127,49.22,1,0,0,3.0,False,False,True,False,False,False,True,True,False,2024,7,18,3,0,1,0,2,12.917207498528178,422.08092825902474,-0.5292057762732159,0.4374,21.17,0.4922
C1311,22.0,638431.4485222222,196773.24,587.0745158817778,4,58,20.05,1,1,1,3.0,False,False,True,False,False,False,False,False,True,2024,5,4,5,2,2,0,0,13.36677115171173,443.5912983817424,0.40699608708923724,0.3082,9.67,0.2005
C1312,46.0,630821.47,444672.01,696.4657176,5,31,55.0,0,0,0,2.0,True,False,False,False,False,False,True,True,False,2023,11,12,6,2,2,0,1,13.354779754869693,666.8373189916713,0.3811953615146538,0.7049,5.17,0.55
C1313,40.31739130434783,440860.22,91089.25,666.2688176,5,106,56.49,0,0,1,2.0,True,False,False,True,False,False,False,False,True,2021,7,19,0,1,1,0,2,12.996485411024922,301.809956760873,-0.36866765744338803,0.2066,17.67,0.5649
C1314,53.0,638431.4485222222,247249.79,636.0745158817778,2,121,84.73,1,1,0,3.0,False,False,False,False,True,False,False,True,False,2020,12,4,4,2,2,0,2,13.36677115171173,497.242184453411,0.40699608708923724,0.3873,20.17,0.8473
C1315,29.0,209457.99,77577.07,592.252008,4,108,53.64,1,0,0,2.0,False,True,False,False,False,False,False,True,False,2020,4,16,3,0,0,0,2,12.252283247392471,278.52660555142666,-1.803039097785006,0.3704,18.0,0.5364
C1316,59.0,579944.94,149396.23,635.3955952,1,49,47.27,0,0,0,2.0,False,True,False,False,False,True,False,False,False,2021,7,10,5,1,2,0,1,13.270690171282018,386.5180849585178,0.20156711418950016,0.2576,8.17,0.4727
C1317,49.0,329566.37,124661.03,583.3653096,4,118,94.61,0,0,0,2.0,True,False,False,False,False,False,True,True,False,2020,9,4,4,0,0,0,2,12.705536073330343,353.07368919249706,-0.948595762555762,0.3783,19.67,0.9461
C1318,46.0,705293.68,726578.19,611.4234944,0,91,62.84,0,0,1,2.0,True,False,False,True,False,False,False,True,False,2020,12,23,2,2,3,0,0,13.466370980278272,852.3955595848678,0.6231001559605248,1.0302,15.17,0.6284
C1319,55.0,209457.99,110507.39,634.8439688,2,35,55.45,1,0,1,2.0,False,False,True,True,False,False,False,True,False,2022,6,10,4,0,0,0,1,12.252283247392471,332.42651819612706,-1.803039097785006,0.5276,5.83,0.5545
C1320,45.0,638431.4485222222,160959.9,644.0745158817778,2,41,57.2,1,1,2,2.0,False,False,False,False,True,False,False,False,False,2019,6,21,4,2,2,0,1,13.36677115171173,401.1980807531362,0.40699608708923724,0.2521,6.83,0.572
C1321,44.0,704416.62,437462.57,657.3533296,0,40,80.69,1,0,0,2.0,False,False,False,True,False,False,False,False,False,2021,5,13,3,2,2,0,1,13.465126669487818,661.409532740495,0.6203803628438167,0.621,6.67,0.8069
C1322,33.0,516356.04,119580.45,654.3084832,4,123,45.55,1,0,1,3.0,True,False,False,False,False,False,True,False,False,2023,2,16,3,1,1,0,2,13.15455374316948,345.8040630183515,-0.042818434782270424,0.2316,20.5,0.4555
C1323,27.0,1203457.09,290686.41,694.7112072,6,9,49.19,0,0,1,1.0,False,False,True,False,False,False,True,False,False,2021,7,19,0,4,3,0,1,14.000709712167255,539.1534197239223,1.8392911871460735,0.2415,1.5,0.4919
C1324,56.0,823756.18,315659.69,688.9004944,0,56,76.69,0,0,1,3.0,False,False,True,True,False,False,False,False,False,2018,10,25,3,3,3,0,0,13.62163108099759,561.8359992026143,0.9664835036187348,0.3832,9.33,0.7669
C1325,40.0,376528.2,277856.32,607.122256,6,53,25.47,0,0,0,2.0,False,True,False,False,False,False,True,True,False,2018,2,8,3,0,1,0,0,12.838750879655644,527.1207831228057,-0.6862105517432232,0.7379,8.83,0.2547
C1326,21.0,510255.56,298415.79,605.8204448,3,10,84.89,0,0,0,3.0,False,True,False,False,False,False,True,False,False,2023,2,21,1,1,1,0,1,13.142668937032369,546.2744639830787,-0.06758808214603028,0.5848,1.67,0.8489
C1327,28.0,209457.99,109894.75,572.3327784,0,127,52.27,0,0,1,2.0,False,False,True,False,False,True,False,False,False,2024,12,19,3,0,0,0,2,12.252283247392471,331.50377071761943,-1.803039097785006,0.5247,21.17,0.5227
C1328,36.0,877914.66,250145.34,640.2331728,6,142,63.6,1,0,1,3.0,False,True,False,False,False,False,False,False,False,2024,4,25,3,3,3,0,2,13.685305808777759,500.14531888242243,1.1096417075741378,0.2849,23.67,0.636
C1329,34.0,415495.3,291044.18,662.239624,4,122,76.81,1,0,0,1.0,True,False,False,False,False,False,True,True,False,2019,2,14,3,1,1,0,2,12.937228988304176,539.4851063745875,-0.48884235141846266,0.7005,20.33,0.7681
C1330,40.31739130434783,209457.99,77577.07,621.1845064,6,27,39.95,0,0,0,3.0,False,False,True,False,False,False,True,False,False,2018,10,28,6,0,0,0,1,12.252283247392471,278.52660555142666,-1.803039097785006,0.3704,4.5,0.3995
C1331,43.0,255247.46,83678.9,588.4197968,0,149,86.77,0,0,1,1.0,False,True,False,False,True,False,False,False,False,2024,1,12,4,0,0,0,2,12.449992702708025,289.27305439670664,-1.4374688684355643,0.3278,24.83,0.8677
C1332,40.31739130434783,789378.83,449673.91,633.1503064,1,114,93.44,0,0,1,3.0,False,False,False,False,False,False,False,True,False,2020,5,23,5,2,3,0,2,13.579002890833019,670.5772960666055,0.8714056607171045,0.5697,19.0,0.9344
C1333,48.0,1187773.96,504979.54,658.0219168,5,48,57.07,0,0,1,3.0,False,False,True,False,False,False,False,False,False,2023,9,4,0,4,3,0,1,13.987592333351625,710.6191244260177,1.8082520781437343,0.4251,8.0,0.5707
C1334,54.0,494466.18,390883.44,654.5572944,0,45,90.27,0,0,1,2.0,False,False,True,False,False,False,False,False,True,2020,12,22,1,1,1,0,1,13.111236057771535,625.2067178141963,-0.13288609125531056,0.7905,7.5,0.9027
C1335,22.0,284893.8,77577.07,577.791504,5,147,20.08,0,0,1,1.0,False,False,False,True,False,False,False,False,True,2019,6,27,3,0,0,0,2,12.559875268301177,278.52660555142666,-1.2295520552836425,0.2723,24.5,0.2008
C1336,52.0,223817.81,178866.0,572.3327784,0,54,87.07,1,0,0,3.0,True,False,False,False,False,True,False,False,False,2021,11,30,1,0,0,0,0,12.318592119585478,422.9255253587799,-1.6816396243179224,0.7992,9.0,0.8707
C1337,43.0,638431.4485222222,366572.46,592.0745158817778,4,56,43.33,0,1,1,2.0,False,False,False,False,False,True,False,False,False,2018,10,9,1,2,2,0,0,13.36677115171173,605.4522772275285,0.40699608708923724,0.5742,9.33,0.4333
C1338,42.0,626063.62,335084.4,649.0850896,3,74,43.36,1,0,0,3.0,False,False,True,False,True,False,False,True,False,2020,9,27,6,2,2,0,0,13.347208871591773,578.8647510429358,0.36492973230671505,0.5352,12.33,0.4336
C1339,45.0,407755.58,96111.03,647.6204464,3,113,37.11,0,0,0,1.0,True,False,False,False,False,False,False,False,False,2022,2,22,1,0,1,0,2,12.918425657692111,310.0177898121332,-0.5267534263112725,0.2357,18.83,0.3711
C1340,42.0,357700.21,130201.92,651.6160168,5,122,43.78,0,0,1,1.0,False,True,False,False,False,False,False,False,False,2021,3,13,5,0,0,0,2,12.78745330796434,360.8350315587443,-0.7878701181788119,0.364,20.33,0.4378
C1341,42.0,707509.48,534026.47,629.6007584,7,113,36.01,0,0,1,3.0,False,True,False,False,False,False,True,False,False,2019,10,9,2,2,3,0,2,13.46950772111067,730.7711474873648,0.629958645486451,0.7548,18.83,0.3601
C1342,26.0,696884.64,287498.09,648.7507712,7,99,87.94,1,0,1,2.0,False,True,False,True,False,False,False,False,True,2022,11,30,2,2,2,0,0,13.454376601675499,536.1884836510385,0.5969041953537428,0.4125,16.5,0.8794
C1343,35.0,298605.5,178265.07,638.88844,4,48,87.43,1,0,1,3.0,False,False,True,True,False,False,False,False,False,2024,2,4,6,0,0,0,1,12.606881932102144,422.2144834086107,-1.1395543779554442,0.597,8.0,0.8743
C1344,57.0,638431.4485222222,510552.23,632.0745158817778,6,71,27.67,0,1,0,2.0,False,False,False,False,True,False,False,True,False,2021,5,24,0,2,2,0,0,13.36677115171173,714.5293765829366,0.40699608708923724,0.7997,11.83,0.2767
C1345,53.0,268190.68,95969.84,663.4552544000001,4,71,30.71,1,0,2,2.0,True,False,False,False,False,True,False,False,False,2024,11,10,6,0,0,0,0,12.499457227722882,309.78999338261394,-1.3442978337331164,0.3578,11.83,0.3071
C1346,28.0,377934.61,206219.46,660.2347688,7,22,84.65,0,0,1,2.0,False,True,False,False,False,False,False,False,False,2023,12,7,3,0,1,0,1,12.842479116176209,454.11392843646627,-0.6787915094427603,0.5456,3.67,0.8465
C1347,25.0,334575.55,206721.74,613.766044,4,64,49.92,0,0,1,2.0,True,False,False,False,True,False,False,False,False,2018,2,2,4,0,0,0,0,12.720620981396877,454.6666251221877,-0.9191467339426858,0.6179,10.67,0.4992
C1348,59.0,1190579.37,355716.96,670.2463496,1,78,32.7,0,0,0,2.0,False,False,True,True,False,False,False,False,True,2024,3,21,3,4,3,0,0,13.989951452080206,596.4201203849515,1.8138298553485797,0.2988,13.0,0.327
C1349,24.0,370615.59,107183.34,619.6492472,2,53,58.3,1,0,1,2.0,False,True,False,True,False,False,False,False,False,2021,5,11,1,0,1,0,0,12.822923357077011,327.3886680995541,-0.7176604938665149,0.2892,8.83,0.583
C1350,40.31739130434783,638431.4485222222,302479.08,608.0745158817778,7,19,51.25,0,1,1,2.0,False,False,True,True,False,False,False,True,False,2019,3,1,4,2,2,0,1,13.36677115171173,549.9809814893603,0.40699608708923724,0.4738,3.17,0.5125
C1351,52.0,253615.95,109432.12,576.289276,7,77,36.44,0,0,0,2.0,False,False,False,False,False,False,False,False,False,2019,7,5,4,0,0,0,0,12.443580336851111,330.805259933998,-1.449496569525572,0.4315,12.83,0.3644
C1352,50.0,441889.72,277740.62,646.3511776,0,147,74.06,0,0,0,3.0,False,False,True,False,False,False,False,False,False,2020,12,19,5,1,1,0,2,12.998817890672028,527.0110245526179,-0.3639153774792242,0.6285,24.5,0.7406
C1353,55.0,209457.99,77577.07,609.3585816,4,52,67.35,0,0,1,1.0,False,False,True,False,False,False,False,False,False,2019,4,18,3,0,0,0,1,12.252283247392471,278.52660555142666,-1.803039097785006,0.3704,8.67,0.6735
C1354,36.0,473039.23,370531.62,640.0686486114522,4,76,27.47,1,0,1,2.0,False,False,False,False,False,False,True,False,False,2019,3,15,4,1,1,0,0,13.066935716711404,608.7130851230323,-0.22439304635219484,0.7833,12.67,0.2747
C1355,33.0,234470.43,77577.07,638.7576344,4,117,89.4,0,0,0,1.0,True,False,False,False,False,True,False,False,False,2024,3,16,5,0,0,0,2,12.365089025757445,278.52660555142666,-1.5957884724996503,0.3309,19.5,0.894
C1356,50.0,924710.23,518568.34,697.9768184,3,133,61.89,0,0,1,2.0,False,False,False,True,False,False,False,True,False,2019,9,29,6,3,3,0,2,13.737236783971277,720.1168932888604,1.2274142835542896,0.5608,22.17,0.6189
C1357,39.0,521314.76,280248.16,634.7051808,4,139,38.77,0,0,1,2.0,False,False,False,True,False,False,False,False,False,2021,1,20,2,1,1,0,2,13.164111202411243,529.3846994388863,-0.022867224748932168,0.5376,23.17,0.3877
C1358,37.0,638431.4485222222,179290.35,677.0745158817778,7,57,35.47,1,1,0,1.0,False,False,True,False,False,False,True,False,False,2021,2,28,6,2,2,0,0,13.36677115171173,423.42691222925356,0.40699608708923724,0.2808,9.5,0.3547
C1359,39.0,1203457.09,726578.19,712.6953728,0,22,30.2,0,0,1,1.0,True,False,False,True,False,False,False,False,False,2024,10,13,6,4,3,1,1,14.000709712167255,852.3955595848678,1.8392911871460735,0.6037,3.67,0.302
C1360,48.0,209457.99,77577.07,640.0686486114522,6,16,51.85,0,0,0,1.0,False,True,False,True,False,False,False,True,False,2020,5,12,1,0,0,0,1,12.252283247392471,278.52660555142666,-1.803039097785006,0.3704,2.67,0.5185
C1361,40.31739130434783,1090039.68,726578.19,712.6953728,6,52,30.17,0,0,1,2.0,False,False,False,False,False,False,False,False,False,2021,11,5,4,4,3,1,1,13.901725574609829,852.3955595848678,1.6065719997161452,0.6666,8.67,0.3017
C1362,57.0,644388.92,238301.58,587.5511136,4,34,51.19,1,0,2,3.0,True,False,False,False,False,False,False,True,False,2020,4,13,0,2,2,0,1,13.37605928770451,488.16142821816635,0.427012417661002,0.3698,5.67,0.5119
C1363,46.0,701726.73,324743.96,616.1381384,0,101,31.16,0,0,1,1.0,False,False,False,False,False,True,False,False,False,2025,2,10,0,2,2,0,0,13.461300758772222,569.8631063685383,0.6120209353705697,0.4628,16.83,0.3116
C1364,43.0,281694.67,116339.06,665.5355736,1,11,69.26,0,0,1,2.0,False,False,False,True,False,False,False,False,False,2020,12,17,3,0,0,0,1,12.548582582784313,341.0851213406999,-1.2510782624918693,0.413,1.83,0.6926
C1365,29.0,638431.4485222222,155476.07,693.0745158817778,6,96,78.89,1,1,1,2.0,False,False,False,False,True,False,False,False,False,2023,9,2,5,2,2,0,0,13.36677115171173,394.3045396644578,0.40699608708923724,0.2435,16.0,0.7889
C1366,32.0,541746.51,327172.93,679.3397208,7,117,61.21,0,0,1,2.0,False,False,False,True,False,False,False,True,False,2023,6,25,6,1,1,0,2,13.202555323172076,571.9903233447224,0.05767475218627594,0.6039,19.5,0.6121
C1367,21.0,428994.19,298200.62,585.3195352,2,7,71.0,0,0,0,3.0,False,False,True,True,False,False,False,False,False,2020,10,25,6,1,1,0,1,12.969200985726086,546.077485344342,-0.4241345279848426,0.6951,1.17,0.71
C1368,21.0,638431.4485222222,244473.03,597.0745158817778,3,111,90.38,0,1,1,2.0,True,False,False,False,False,True,False,False,False,2018,7,28,5,2,2,0,2,13.36677115171173,494.44214019438107,0.40699608708923724,0.3829,18.5,0.9038
C1369,54.0,1203457.09,726578.19,712.6953728,0,67,67.88,0,0,1,2.0,True,False,False,False,True,False,False,False,False,2019,1,14,0,4,3,1,0,14.000709712167255,852.3955595848678,1.8392911871460735,0.6037,11.17,0.6788
C1370,52.0,774293.35,190097.48,616.9434679999999,6,138,47.31,0,0,1,1.0,True,False,False,True,False,False,False,True,False,2025,2,11,1,2,3,0,2,13.55970737743485,436.001697244403,0.8285686389461724,0.2455,23.0,0.4731
C1371,45.0,616196.53,367915.19,628.2957224,6,106,53.71,1,0,0,1.0,False,False,False,False,True,False,False,False,False,2022,10,1,5,2,2,0,2,13.331322856697852,606.5601289237532,0.3308595392624072,0.5971,17.67,0.5371
C1372,21.0,1007151.99,472290.64,620.5721592,5,19,84.54,0,0,0,2.0,False,False,True,False,False,False,False,False,False,2021,2,7,6,4,3,0,1,13.822638086675434,687.2340503787628,1.4231010812617662,0.4689,3.17,0.8454
C1373,36.0,696836.24,326092.28,591.7468992,1,95,29.8,0,0,1,1.0,False,False,False,False,False,False,False,False,False,2018,6,30,5,2,2,0,0,13.45430714740921,571.0449019122752,0.5967526431953044,0.468,15.83,0.298
C1374,59.0,638431.4485222222,302991.5,687.0745158817778,2,85,44.43,1,1,1,2.0,False,False,False,False,True,False,False,False,False,2018,1,15,0,2,2,0,0,13.36677115171173,550.4466368323091,0.40699608708923724,0.4746,14.17,0.4443
C1375,25.0,972261.92,345356.25,691.7809536,2,150,63.3,1,0,1,2.0,True,False,False,True,False,False,False,True,False,2021,9,28,1,3,3,0,2,13.787381540692877,587.6701881157492,1.3420107263913665,0.3552,25.0,0.633
C1376,42.0,781303.38,491703.67,630.5042704,2,65,70.73,0,0,0,2.0,False,False,False,False,True,False,False,True,False,2019,6,20,3,2,3,0,0,13.568720084010335,701.215851218439,0.8485618611373404,0.6293,10.83,0.7073
C1377,49.0,343998.58,217732.5,639.5198864,7,124,77.26,0,0,1,1.0,False,True,False,False,True,False,False,False,False,2020,12,8,1,0,0,0,2,12.748395715424557,466.61815224013736,-0.8647496280182413,0.6329,20.67,0.7726
C1378,23.0,755026.46,278935.67,705.4021168,0,65,43.87,0,0,0,2.0,False,False,False,False,False,False,False,False,False,2019,10,24,3,2,3,1,0,13.534509398430686,528.1436073645121,0.7728143705814395,0.3694,10.83,0.4387
C1379,32.0,428345.97,300349.29,602.2676776,1,57,30.94,0,0,1,2.0,False,True,False,False,True,False,False,False,False,2022,12,15,3,1,1,0,0,12.96768882371245,548.0413214347983,-0.42720198168344325,0.7012,9.5,0.3094
C1380,46.0,548346.69,213913.86,637.8677352,4,30,91.61,0,0,0,3.0,False,False,False,False,False,False,True,False,False,2024,3,9,5,1,1,0,1,13.214664835541567,462.5082269538564,0.08314110024292914,0.3901,5.0,0.9161
C1381,36.0,679972.58,431820.58,613.3978064,5,119,25.73,0,0,1,1.0,False,False,True,False,False,False,True,False,False,2022,10,18,1,2,2,0,2,13.429809223456317,657.1305654129931,0.5433956003345487,0.6351,19.83,0.2573
C1382,57.0,1037862.36,282921.13,653.0289888,1,44,27.19,0,0,1,3.0,False,False,True,False,False,False,False,True,False,2024,4,16,1,4,3,0,1,13.852674696278028,531.9033088823569,1.4925249751412233,0.2726,7.33,0.2719
C1383,40.31739130434783,342731.36,103237.88,572.4185088,1,92,57.12,0,0,1,2.0,True,False,False,True,False,False,False,False,True,2018,2,9,4,0,0,0,0,12.744705130016985,321.3065203197719,-0.8719907531948631,0.3012,15.33,0.5712
C1384,49.0,597631.25,232763.86,679.8105,6,120,81.45,0,0,0,2.0,False,False,False,True,False,False,False,False,True,2019,4,4,3,1,2,0,2,13.300730877208094,482.4560705390699,0.26547844877266813,0.3895,20.0,0.8145
C1385,34.0,638431.4485222222,355174.9,640.0686486114522,1,140,78.09,0,1,1,2.0,False,True,False,False,False,False,False,False,True,2018,11,5,0,2,2,0,2,13.36677115171173,595.9655191368038,0.40699608708923724,0.5563,23.33,0.7809
C1386,48.0,443819.79,260658.42,655.5055832,0,25,90.33,0,0,1,1.0,False,True,False,True,False,False,False,True,False,2019,9,3,1,1,1,0,1,13.003176133809285,510.5471770561463,-0.3550312710277317,0.5873,4.17,0.9033
C1387,25.0,544763.06,238504.73,619.5810448,5,47,30.62,0,0,1,1.0,False,False,False,False,False,True,False,True,False,2024,2,13,1,1,1,0,1,13.208108062478383,488.3694605521521,0.06934643511916333,0.4378,7.83,0.3062
C1388,50.0,1203457.09,365221.27,690.43246,0,25,48.18,0,0,1,2.0,False,True,False,False,False,False,True,False,False,2018,5,28,0,4,3,0,1,14.000709712167255,604.3353952897348,1.8392911871460735,0.3035,4.17,0.4818
C1389,40.31739130434783,694267.5,294494.94,696.5414,5,135,41.16,0,0,0,2.0,False,False,True,False,False,True,False,True,False,2022,2,21,0,2,2,0,2,13.450614052275299,542.6738799684392,0.5886964285613908,0.4242,22.5,0.4116
C1390,32.0,217360.13,133298.38,572.3327784,5,35,84.57,0,0,0,3.0,False,True,False,False,False,True,False,False,False,2024,7,13,5,0,0,0,1,12.289315442835337,365.10050671013863,-1.7353889302179628,0.6133,5.83,0.8457
C1391,36.0,315680.94,190228.47,640.0686486114522,6,31,56.63,1,0,0,2.0,True,False,False,False,False,True,False,False,False,2024,3,13,2,0,0,0,1,12.66249046670132,436.1518886809961,-1.032264374885889,0.6026,5.17,0.5663
C1392,46.0,714450.2,211561.46,641.156016,0,77,22.01,0,0,1,1.0,False,False,True,False,False,False,False,True,False,2019,8,30,4,2,3,0,0,13.479269974509394,459.9581067879987,0.6513245115217999,0.2961,12.83,0.2201
C1393,46.0,617017.52,126285.21,638.3614016,5,101,73.1,0,0,0,2.0,False,False,True,False,False,True,False,False,False,2022,10,27,3,2,2,0,0,13.332654318644503,355.3663039738011,0.33371196115963286,0.2047,16.83,0.731
C1394,41.0,534677.44,348496.86,690.7741952,1,94,49.15,0,0,1,2.0,False,False,True,False,True,False,False,False,False,2019,6,7,4,1,1,0,0,13.189420798448177,590.3362262304423,0.030105095757808606,0.6518,15.67,0.4915
C1395,59.0,1203457.09,423449.05,712.6953728,0,48,59.84,0,0,1,2.0,False,False,False,True,False,False,False,False,True,2018,6,21,3,4,3,1,1,14.000709712167255,650.7296289550676,1.8392911871460735,0.3519,8.0,0.5984
C1396,56.0,348147.69,86831.34,653.8518152,5,47,87.03,0,0,1,2.0,False,False,False,False,False,False,False,False,False,2021,6,16,2,0,0,0,1,12.76038493761767,294.6715798987069,-0.8411984265584832,0.2494,7.83,0.8703
C1397,53.0,469335.15,94627.7,581.546812,7,35,39.26,0,0,1,3.0,False,False,True,False,True,False,False,False,False,2022,2,2,2,1,1,0,1,13.059074528434461,307.6161569228768,-0.24056765676390618,0.2016,5.83,0.3926
C1398,50.0,209457.99,77577.07,644.2872568,2,121,38.02,0,0,0,3.0,False,False,False,False,True,False,False,False,True,2018,6,13,2,0,0,0,2,12.252283247392471,278.52660555142666,-1.803039097785006,0.3704,20.17,0.3802
C1399,57.0,925753.18,464689.53,667.0602544,0,80,39.74,0,0,0,2.0,False,True,False,False,False,False,True,True,False,2022,1,5,2,3,3,0,0,13.738364014023565,681.6813991887999,1.22998088844718,0.502,13.33,0.3974
C1400,43.0,315095.56,183574.18,583.2076448,6,149,45.36,1,0,0,2.0,False,False,False,False,False,False,True,False,False,2020,5,10,6,0,0,0,2,12.66063441051662,428.4555752934019,-1.0358598820940266,0.5826,24.83,0.4536
C1401,30.0,874515.43,330250.52,634.9612344,7,147,28.05,0,0,1,3.0,False,False,False,False,True,False,False,False,False,2020,10,19,0,3,3,0,2,13.681426361143092,574.6742729581689,1.1008804408353479,0.3776,24.5,0.2805
C1402,25.0,825394.37,516907.21,667.0315496000001,7,38,72.29,0,0,1,2.0,False,False,True,False,False,False,True,False,False,2019,2,26,1,3,3,0,1,13.623617786883383,718.9625929073084,0.9709295076153661,0.6263,6.33,0.7229
C1403,56.0,1203457.09,536782.37,712.6953728,3,84,35.55,0,0,1,1.0,True,False,False,True,False,False,False,False,True,2021,12,19,6,4,3,1,0,14.000709712167255,732.654331864625,1.8392911871460735,0.446,14.0,0.3555
C1404,54.0,698787.22,488587.85,603.9029776,0,8,89.46,1,0,1,2.0,True,False,False,True,False,False,False,True,False,2024,4,12,4,2,2,0,1,13.457102999630001,698.9905936420032,0.6028545602923011,0.6992,1.33,0.8946
C1405,51.0,401977.89,218317.81,673.1582312,7,76,36.18,1,0,1,1.0,True,False,False,False,False,False,True,False,False,2022,7,23,5,0,1,0,0,12.90415485378452,467.2449143650469,-0.5554547134621316,0.5431,12.67,0.3618
C1406,30.0,627496.03,345332.33,680.1996824,0,102,39.17,0,0,1,2.0,False,True,False,False,False,True,False,False,False,2024,12,17,1,2,2,0,0,13.349494216909147,587.6498362120082,0.3698377238145187,0.5503,17.0,0.3917
C1407,39.0,322033.52,104939.53,572.3327784,0,114,42.28,0,0,1,2.0,False,False,False,False,True,False,False,False,False,2019,9,26,3,0,0,0,2,12.682414023749448,323.9437142467808,-0.9936057709442071,0.3259,19.0,0.4228
C1408,52.0,582764.3,142465.62,581.621144,5,32,77.64,0,0,1,2.0,True,False,False,True,False,False,False,False,True,2020,8,27,3,1,2,0,1,13.275539811379607,377.4461815941446,0.21186517843094527,0.2445,5.33,0.7764
C1409,21.0,437793.94,209631.01,657.0235152,0,134,52.07,0,0,0,1.0,False,False,True,False,False,False,True,False,False,2019,10,28,0,1,1,0,2,12.989505906215163,457.85479139133184,-0.3828780208256806,0.4788,22.33,0.5207
C1410,25.0,470388.32,267823.67,592.6310656,3,21,81.45,0,0,2,2.0,True,False,False,False,False,False,True,False,False,2019,12,27,4,1,1,0,1,13.06131597122718,517.516830644183,-0.23595777224911418,0.5694,3.5,0.8145
C1411,24.0,298312.96,77577.07,664.8650368,4,62,78.86,0,0,0,2.0,True,False,False,True,False,False,False,False,False,2022,8,16,1,0,0,0,0,12.605901767932798,278.52660555142666,-1.1414374650230148,0.2601,10.33,0.7886
C1412,40.31739130434783,576796.81,444318.51,684.1437448,0,131,89.71,1,0,0,2.0,False,False,False,True,False,False,False,True,False,2018,4,12,3,1,2,0,2,13.265247068135682,666.5722091416653,0.1900177765447378,0.7703,21.83,0.8971
C1413,44.0,638431.4485222222,503242.71,655.0745158817778,2,13,76.75,0,1,1,2.0,False,False,False,False,False,True,False,False,True,2020,1,5,6,2,2,0,1,13.36677115171173,709.3960177503113,0.40699608708923724,0.7882,2.17,0.7675
C1414,36.0,209457.99,103913.27,643.766112,3,35,23.89,1,0,0,2.0,False,False,False,False,False,False,True,True,False,2021,9,22,2,0,0,0,1,12.252283247392471,322.3558127287299,-1.803039097785006,0.4961,5.83,0.2389
C1415,22.0,334795.12,257806.13,627.7836096,4,92,82.8,0,0,0,1.0,False,True,False,False,False,False,True,False,False,2022,8,14,6,0,0,0,0,12.721277028521941,507.7461275086202,-0.9178644728806825,0.77,15.33,0.828
C1416,40.31739130434783,536287.64,164998.09,606.9030112,5,66,90.36,0,0,1,1.0,False,True,False,False,False,False,False,True,False,2020,10,13,1,1,1,0,0,13.192427802572515,406.1995691775165,0.03641206568242676,0.3077,11.0,0.9036
C1417,52.0,209457.99,77577.07,572.3327784,0,23,94.53,0,0,1,3.0,True,False,False,False,False,True,False,True,False,2020,12,28,0,0,0,0,1,12.252283247392471,278.52660555142666,-1.803039097785006,0.3704,3.83,0.9453
C1418,47.0,1203457.09,284774.62,712.6953728,4,85,29.4,0,0,0,3.0,False,False,False,True,False,False,False,False,False,2019,10,15,1,4,3,1,0,14.000709712167255,533.6427831424313,1.8392911871460735,0.2366,14.17,0.294
C1419,40.0,330674.26,182700.0,572.3327784,2,111,66.0,0,0,1,2.0,True,False,False,True,False,False,False,False,True,2019,3,19,1,0,0,0,2,12.708892085164447,427.43420546325024,-0.9420498635105585,0.5525,18.5,0.66
C1420,44.0,291866.52,77577.07,572.3327784,3,59,34.96,0,0,1,1.0,False,False,True,False,True,False,False,True,False,2022,4,16,5,0,0,0,0,12.584055279667918,278.52660555142666,-1.183336998603699,0.2658,9.83,0.3496
C1421,32.0,638431.4485222222,494865.69,635.0745158817778,3,116,39.69,1,1,1,2.0,False,False,True,True,False,False,False,False,True,2018,6,8,4,2,2,0,2,13.36677115171173,703.4669075372345,0.40699608708923724,0.7751,19.33,0.3969
C1422,40.31739130434783,527315.89,150369.36,608.1852712,5,127,75.92,0,0,1,2.0,False,False,False,False,False,False,True,True,False,2023,4,12,2,1,1,0,2,13.175556956107416,387.7748831474261,0.0010635064321427733,0.2852,21.17,0.7592
C1423,53.0,322526.28,123473.92,623.8021024,5,69,93.33,0,0,1,3.0,False,False,False,True,False,False,False,False,False,2020,6,30,1,0,0,0,0,12.68394300078779,351.38855985931013,-0.9906342451079971,0.3828,11.5,0.9333
C1424,53.0,838380.65,581425.94,712.6953728,5,128,64.61,0,0,1,1.0,False,False,True,False,False,False,True,False,False,2020,3,28,5,3,3,1,2,13.639228705381912,762.5129113660961,1.005911018395827,0.6935,21.33,0.6461
C1425,57.0,638431.4485222222,211476.71,634.0745158817778,4,7,83.79,1,1,1,1.0,False,False,False,False,False,False,True,False,False,2023,3,1,2,2,2,0,1,13.36677115171173,459.865969604188,0.40699608708923724,0.3312,1.17,0.8379
C1426,32.0,308512.29,106677.71,610.6809832,0,142,20.67,0,0,1,2.0,False,True,False,False,False,True,False,False,True,2021,12,3,4,0,0,0,2,12.63952020081622,326.615538515852,-1.076691365108957,0.3458,23.67,0.2067
C1427,23.0,366838.58,214741.94,601.3470864,1,25,22.75,0,0,0,2.0,False,True,False,True,False,False,False,True,False,2021,6,4,4,0,1,0,1,12.812679919758912,463.4025679687155,-0.7379748269573981,0.5854,4.17,0.2275
C1428,21.0,212304.46,77629.48,610.9843568,7,41,64.75,0,0,1,2.0,False,False,False,False,False,True,False,True,False,2020,7,21,1,0,0,0,1,12.265781365683765,278.62067403550657,-1.7784243790636989,0.3657,6.83,0.6475
C1429,53.0,245404.34,81098.42,573.6323472,3,19,49.17,0,0,1,1.0,False,False,True,False,False,False,True,False,False,2020,7,2,3,0,0,0,1,12.410666571413392,284.77784323925204,-1.5110511214349263,0.3305,3.17,0.4917
C1430,30.0,605118.19,213308.17,629.4094552,1,91,86.73,1,0,1,2.0,True,False,False,True,False,False,False,False,False,2018,4,7,5,1,2,0,0,13.313180725873861,461.8529744410011,0.2920499960505973,0.3525,15.17,0.8673
C1431,49.0,310278.17,153397.96,668.8222536,6,124,42.65,0,0,0,3.0,False,False,False,True,False,False,False,True,False,2020,3,2,0,0,0,0,2,12.645227719598006,391.66051626376634,-1.065666705277864,0.4944,20.67,0.4265
C1432,33.0,638431.4485222222,726578.19,683.0745158817778,3,141,52.4,0,1,1,3.0,False,False,False,False,False,True,False,False,False,2022,6,21,1,2,2,0,2,13.36677115171173,852.3955595848678,0.40699608708923724,1.1381,23.5,0.524
C1433,32.0,638431.4485222222,446482.41,658.0745158817778,7,48,59.59,0,1,1,2.0,True,False,False,False,False,True,False,False,False,2021,9,6,0,2,2,0,1,13.36677115171173,668.1933926641298,0.40699608708923724,0.6993,8.0,0.5959
C1434,51.0,232337.68,86142.95,606.5870144,5,43,40.48,0,0,0,2.0,False,False,False,False,False,False,True,True,False,2021,2,15,0,0,0,0,1,12.35595141372224,293.50119250183633,-1.6127073663583458,0.3708,7.17,0.4048
C1435,22.0,260708.71,108982.48,640.0686486114522,7,137,88.14,0,0,0,1.0,True,False,False,False,False,False,True,False,False,2018,10,12,4,0,0,0,2,12.47116284510447,330.12494604316106,-1.39767762098498,0.418,22.83,0.8814
C1436,55.0,638431.4485222222,305621.83,663.0745158817778,0,29,54.84,0,1,1,2.0,False,False,True,True,False,False,False,False,False,2021,2,17,2,2,2,0,1,13.36677115171173,552.8307426328605,0.40699608708923724,0.4787,4.83,0.5484
C1437,43.0,638431.4485222222,502673.97,619.0745158817778,0,60,51.81,0,1,0,2.0,False,True,False,True,False,False,False,False,False,2021,12,9,3,2,2,0,0,13.36677115171173,708.9950422957836,0.40699608708923724,0.7874,10.0,0.5181
C1438,37.0,843737.88,256019.0,609.4990304,3,125,83.73,0,0,1,2.0,False,False,True,False,False,False,False,False,False,2023,9,18,0,3,3,0,2,13.64559834182277,505.98320130217763,1.0202078993838959,0.3034,20.83,0.8373
C1439,46.0,399684.84,165665.31,640.0686486114522,4,94,43.4,0,0,1,2.0,False,True,False,False,False,False,False,False,True,2022,6,26,6,0,1,0,0,12.898434117501951,407.02003636184793,-0.5669429404220518,0.4145,15.67,0.434
C1440,28.0,359285.4,229100.37,635.742832,6,68,81.31,0,0,1,1.0,True,False,False,False,True,False,False,False,False,2024,1,6,5,0,0,0,0,12.79187512100755,478.64430425943647,-0.7791379425629391,0.6377,11.33,0.8131
C1441,49.0,905005.28,704425.56,711.4004224,7,93,29.17,0,0,1,1.0,False,True,False,False,False,False,True,False,False,2021,9,18,5,3,3,1,0,13.715697161884506,839.3006374357165,1.1784537978720142,0.7784,15.5,0.2917
C1442,46.0,304913.21,89463.1,653.3930568,5,116,33.71,1,0,0,2.0,False,False,True,False,True,False,False,False,False,2018,4,24,1,0,0,0,2,12.627785737334754,299.10382812662226,-1.0993280312928801,0.2934,19.33,0.3371
C1443,30.0,638431.4485222222,214786.2,625.0745158817778,0,80,91.31,1,1,1,1.0,False,True,False,False,True,False,False,True,False,2019,4,18,3,2,2,0,0,13.36677115171173,463.4503209622365,0.40699608708923724,0.3364,13.33,0.9131
C1444,46.0,435181.74,145967.27,593.8145392,6,141,83.18,0,0,1,1.0,True,False,False,False,False,True,False,False,False,2020,12,5,5,1,1,0,2,12.983521313810924,382.0566319277811,-0.3950508765494744,0.3354,23.5,0.8318
C1445,54.0,638431.4485222222,135704.49,688.0745158817778,6,142,49.09,0,1,0,3.0,False,True,False,False,False,True,False,True,False,2020,1,2,3,2,2,0,2,13.36677115171173,368.3809034138442,0.40699608708923724,0.2126,23.67,0.4909
C1446,27.0,1203457.09,726578.19,671.3443344,0,14,67.88,0,0,0,2.0,False,False,False,False,False,False,False,False,False,2024,7,6,5,4,3,0,1,14.000709712167255,852.3955595848678,1.8392911871460735,0.6037,2.33,0.6788
C1447,24.0,394077.27,237400.76,652.5261816,2,66,90.72,1,0,1,2.0,False,False,True,False,True,False,False,False,False,2020,12,23,2,0,1,0,0,12.88430482337315,487.2378885103251,-0.5952747582189458,0.6024,11.0,0.9072
C1448,31.0,361881.4,203202.03,635.950512,7,94,35.89,1,0,0,3.0,False,False,False,False,False,False,False,False,False,2018,6,6,2,0,1,0,0,12.799074576150405,450.77935844490486,-0.7649080828755607,0.5615,15.67,0.3589
C1449,49.0,705170.3,171210.97,623.413624,6,64,24.43,0,0,1,3.0,True,False,False,False,False,False,True,True,False,2019,3,21,3,2,3,0,0,13.46619603100326,413.77647347329935,0.6227177241460221,0.2428,10.67,0.2443
C1450,40.31739130434783,638431.4485222222,154205.5,594.0745158817778,0,111,60.31,0,1,0,2.0,False,True,False,True,False,False,False,False,True,2024,9,9,0,2,2,0,2,13.36677115171173,392.69008136188006,0.40699608708923724,0.2415,18.5,0.6031
C1451,45.0,638431.4485222222,208276.73,611.0745158817778,2,42,30.69,0,1,0,3.0,False,False,False,False,False,True,False,False,False,2022,11,15,1,2,2,0,1,13.36677115171173,456.3734545303879,0.40699608708923724,0.3262,7.0,0.3069
C1452,41.0,1083072.43,405260.48,640.0686486114522,0,138,34.05,0,0,2,2.0,False,False,False,False,False,False,True,False,False,2021,11,16,1,4,3,0,2,13.895313326085388,636.6007225883426,1.5916152679737834,0.3742,23.0,0.3405
C1453,56.0,282231.86,189638.98,614.5785488,0,147,86.87,0,0,1,2.0,False,True,False,False,False,False,True,False,True,2021,7,8,3,0,0,0,2,12.550487753861526,435.47557910863384,-1.2474491690583387,0.6719,24.5,0.8687
C1454,30.0,209457.99,77577.07,640.0686486114522,6,51,20.56,0,0,1,2.0,False,True,False,False,False,True,False,False,False,2022,11,23,2,0,0,0,1,12.252283247392471,278.52660555142666,-1.803039097785006,0.3704,8.5,0.2056
C1455,57.0,258249.79,77577.07,619.6599831999999,4,137,81.26,1,0,1,2.0,False,False,True,False,False,True,False,True,False,2024,10,19,5,0,0,0,2,12.461686446028512,278.52660555142666,-1.4155050297757361,0.3004,22.83,0.8126
C1456,29.0,260418.88,113644.85,608.8335104,4,82,58.77,0,0,1,2.0,False,False,False,False,True,False,False,False,False,2023,9,26,1,0,0,0,0,12.47005053048851,337.1125183080569,-1.3997714691440089,0.4364,13.67,0.5877
C1457,44.0,759919.9,341838.8,650.793592,5,57,61.95,0,0,1,2.0,False,False,False,False,False,False,False,False,False,2019,4,19,4,2,3,0,0,13.540969627898557,584.6698213521885,0.7870884860279982,0.4498,9.5,0.6195
C1458,55.0,1146292.84,539381.68,622.7034272,7,66,70.38,0,0,0,1.0,True,False,False,False,False,False,True,True,False,2022,4,27,2,4,3,0,0,13.95204454827727,734.4260888612278,1.724443486901307,0.4705,11.0,0.7038
C1459,55.0,755072.78,525637.97,606.4058224,0,27,52.36,0,0,1,2.0,False,False,True,False,True,False,False,False,True,2024,6,19,2,2,3,0,1,13.534570745310997,725.0089447724076,0.7729498536742997,0.6961,4.5,0.5236
C1460,56.0,429378.58,111124.57,651.3502864,7,48,28.67,1,0,1,1.0,True,False,False,False,True,False,False,True,False,2020,2,18,1,1,1,0,1,12.970096608568529,333.3535210553505,-0.42231740904905773,0.2588,8.0,0.2867
C1461,38.0,590292.91,367377.79,659.2234328,5,56,27.71,0,0,0,2.0,False,False,False,False,False,False,True,False,False,2020,11,9,0,1,2,0,0,13.288375844387488,606.1169771586999,0.23915832312982846,0.6224,9.33,0.2771
C1462,59.0,303040.6,122054.86,634.243248,5,50,76.58,0,0,1,2.0,True,False,False,False,False,False,True,False,True,2018,7,1,6,0,0,0,1,12.621625368796957,349.36350696659775,-1.1111958923996643,0.4028,8.33,0.7658
C1463,52.0,894003.01,345074.51,614.5202408,5,88,36.58,0,0,0,2.0,False,False,False,True,False,False,False,False,False,2022,11,22,1,3,3,0,0,13.703465539604204,587.430429923408,1.1507212019750672,0.386,14.67,0.3658
C1464,44.0,620087.53,470972.52,663.6070024,5,51,22.11,0,0,1,3.0,False,False,False,False,False,False,False,False,False,2018,1,7,6,2,2,0,1,13.337617537150287,686.2743766162336,0.3443498055676661,0.7595,8.5,0.2211
C1465,43.0,748075.2,261138.92,645.846016,3,95,93.47,0,0,1,3.0,True,False,False,False,False,False,True,True,False,2023,10,31,1,2,3,0,0,13.525260123425804,511.01753394575417,0.7524018426526384,0.3491,15.83,0.9347
C1466,52.0,327700.5,191874.9,572.3327784,6,56,93.53,1,0,1,2.0,True,False,False,False,False,True,False,True,False,2024,1,15,0,0,0,0,0,12.69985841203377,438.03527255233683,-0.9596625299816927,0.5855,9.33,0.9353
C1467,40.31739130434783,445642.15,162693.55,607.651372,6,28,48.36,0,0,1,2.0,False,True,False,True,False,False,False,False,True,2020,3,18,2,1,1,0,1,13.007273798634044,403.3528852010358,-0.34667303909021124,0.3651,4.67,0.4836
C1468,32.0,728534.48,367389.98,677.2827584,3,149,21.91,0,0,0,2.0,False,True,False,False,False,False,False,False,False,2022,1,31,0,2,3,0,2,13.498791606245454,606.127032889971,0.6941439928885256,0.5043,24.83,0.2191
C1469,40.31739130434783,1081578.49,726578.19,712.6953728,0,93,74.54,1,0,1,1.0,False,True,False,False,False,True,False,True,False,2022,11,2,2,4,3,1,0,13.893933021443114,852.3955595848678,1.5883975555359857,0.6718,15.5,0.7454
C1470,43.0,349949.85,255125.17,581.995988,3,68,82.33,0,0,1,1.0,False,False,False,False,False,True,False,True,False,2018,10,14,6,0,0,0,0,12.765547995033153,505.0991684808044,-0.8310432335236149,0.729,11.33,0.8233
C1471,45.0,751065.8,528163.25,693.085264,0,123,29.38,0,0,1,2.0,True,False,False,False,False,False,False,False,False,2021,9,14,1,2,3,0,2,13.529249874859868,726.7484090109864,0.7612034792593753,0.7032,20.5,0.2938
C1472,55.0,330499.53,181546.18,632.4399624,4,68,30.16,0,0,1,2.0,False,False,True,True,False,False,False,False,False,2024,12,27,4,0,0,0,0,12.708363541903454,426.0823629299856,-0.9430810056588579,0.5493,11.33,0.3016
C1473,50.0,1203457.09,547218.37,683.3328064,6,90,81.67,0,0,0,2.0,False,False,False,False,False,True,False,False,False,2021,7,9,4,4,3,0,0,14.000709712167255,739.7420969500114,1.8392911871460735,0.4547,15.0,0.8167
C1474,37.0,389199.14,232250.71,586.1359312,1,60,89.14,1,0,1,3.0,False,False,True,False,True,False,False,False,False,2019,5,26,6,0,1,0,0,12.871848989006153,481.923967032145,-0.6202011847765909,0.5967,10.0,0.8914
C1475,40.0,638431.4485222222,399621.71,669.0745158817778,2,63,79.31,0,1,0,1.0,True,False,False,False,False,False,False,False,False,2021,5,15,5,2,2,0,0,13.36677115171173,632.15639678801,0.40699608708923724,0.6259,10.5,0.7931
C1476,45.0,535569.15,110549.61,688.845532,6,137,35.06,0,0,2,1.0,False,False,False,False,False,False,False,True,False,2023,9,9,5,1,1,0,2,13.191087159356606,332.49001488766544,0.033599813407881055,0.2064,22.83,0.3506
C1477,42.0,1203457.09,726578.19,712.6953728,3,129,50.86,0,0,1,3.0,False,False,True,False,False,False,True,True,False,2021,6,20,6,4,3,1,2,14.000709712167255,852.3955595848678,1.8392911871460735,0.6037,21.5,0.5086
C1478,33.0,554846.0,391697.54,583.38768,3,51,65.06,0,0,0,1.0,False,False,True,True,False,False,False,False,True,2022,7,31,6,1,2,0,1,13.226447679047372,625.8574438320599,0.10796494730203317,0.706,8.5,0.6506
C1479,40.31739130434783,368324.34,181861.08,606.4659472,4,125,32.02,0,0,1,2.0,False,True,False,False,True,False,False,False,False,2021,8,29,6,0,1,0,2,12.816721902672937,426.4517323214903,-0.7299626763276574,0.4938,20.83,0.3202
C1480,56.0,695042.71,268860.08,670.6034168,3,106,35.8,0,0,1,2.0,False,True,False,False,True,False,False,True,False,2022,7,7,3,2,2,0,2,13.451730014655636,518.5171935432807,0.591130347219436,0.3868,17.67,0.358
C1481,32.0,686583.05,496453.55,608.926644,0,48,41.22,1,0,1,2.0,False,True,False,False,False,False,True,False,False,2021,4,26,0,2,2,0,1,13.43948392932518,704.5945997522263,0.5644438870418845,0.7231,8.0,0.4122
C1482,40.31739130434783,638431.4485222222,187397.77,640.0686486114522,0,19,58.21,0,1,0,1.0,False,False,False,False,False,True,False,False,False,2024,3,20,2,2,2,0,1,13.36677115171173,432.8946407614675,0.40699608708923724,0.2935,3.17,0.5821
C1483,32.0,267768.69,86721.48,632.4214952,1,109,58.31,0,0,2,1.0,True,False,False,False,False,True,False,False,False,2019,6,6,3,0,0,0,2,12.497882524354987,294.48510998011426,-1.3472746099824213,0.3239,18.17,0.5831
C1484,29.0,365711.71,223970.42,675.2569368,1,55,81.07,0,0,1,1.0,True,False,False,False,True,False,False,False,True,2020,2,25,1,0,1,0,0,12.8096033587974,473.255132037678,-0.7440700284599828,0.6124,9.17,0.8107
C1485,40.31739130434783,793988.63,326695.8,680.5190904,6,57,76.48,0,0,0,2.0,False,True,False,True,False,False,False,False,False,2022,9,19,0,2,3,0,0,13.584825679690583,571.5730924387536,0.8843569430135884,0.4115,9.5,0.7648
C1486,48.0,209457.99,117405.09,641.9605864,1,38,88.53,0,0,1,2.0,False,True,False,False,False,True,False,False,False,2022,4,2,5,0,0,0,1,12.252283247392471,342.64426158918815,-1.803039097785006,0.5605,6.33,0.8853
C1487,34.0,426588.34,125682.38,668.1270672,0,128,82.47,0,0,1,1.0,False,True,False,False,False,False,False,True,False,2019,12,14,5,1,1,0,2,12.963577096427757,354.517108190846,-0.43553918981409107,0.2946,21.33,0.8247
C1488,51.0,845070.35,296925.15,623.605628,7,81,39.04,0,0,1,2.0,False,False,True,False,False,False,True,False,False,2024,11,26,1,3,3,0,0,13.647176340644457,544.9083867954319,1.0237518889435577,0.3514,13.5,0.3904
C1489,39.0,464435.09,136538.54,617.1548072,5,140,44.85,0,0,2,3.0,False,True,False,True,False,False,False,True,False,2024,5,20,0,1,1,0,2,13.048579238964656,369.51121769169606,-0.2621322660449543,0.294,23.33,0.4485
C1490,36.0,1203457.09,726578.19,699.2898336,5,127,57.53,0,0,0,1.0,False,False,True,False,False,True,False,False,False,2021,5,17,0,4,3,0,2,14.000709712167255,852.3955595848678,1.8392911871460735,0.6037,21.17,0.5753
C1491,25.0,209457.99,83017.26,573.9836328,1,74,21.07,0,0,1,2.0,True,False,False,False,True,False,False,True,False,2022,7,22,4,0,0,0,0,12.252283247392471,288.12715942791647,-1.803039097785006,0.3963,12.33,0.2107
C1492,55.0,288153.23,115933.25,572.3327784,1,25,87.79,0,0,1,2.0,False,False,False,False,False,False,True,False,False,2024,2,23,4,0,0,0,1,12.571251136611307,340.48972084337584,-1.2078303506180936,0.4023,4.17,0.8779
C1493,32.0,209457.99,77577.07,639.9514024,0,112,23.33,1,0,1,2.0,False,False,False,False,False,True,False,False,False,2018,1,2,1,0,0,0,2,12.252283247392471,278.52660555142666,-1.803039097785006,0.3704,18.67,0.2333
C1494,45.0,1203457.09,427496.52,712.6953728,4,112,44.18,0,0,1,2.0,False,False,False,False,True,False,False,False,False,2021,5,29,5,4,3,1,2,14.000709712167255,653.8321803031723,1.8392911871460735,0.3552,18.67,0.4418
C1495,41.0,290761.05,131622.15,573.260884,6,139,62.69,1,0,1,2.0,False,False,False,False,False,True,False,False,False,2021,3,21,6,0,0,0,2,12.580260514062092,362.79767088557776,-1.1906010069551645,0.4527,23.17,0.6269
C1496,56.0,209457.99,77577.07,649.11438,3,94,58.84,0,0,0,3.0,False,False,True,False,False,False,True,False,False,2020,5,10,6,0,0,0,0,12.252283247392471,278.52660555142666,-1.803039097785006,0.3704,15.67,0.5884
C1497,43.0,349215.46,176857.93,572.3327784,6,83,69.08,1,0,1,3.0,False,False,True,False,False,False,False,False,False,2022,10,27,3,0,0,0,0,12.763447238148272,420.5448014183507,-0.8351761521595132,0.5064,13.83,0.6908
C1498,36.0,227283.86,107507.37,572.3327784,2,46,59.56,0,0,1,2.0,False,True,False,False,False,False,False,False,False,2024,7,3,2,0,0,0,1,12.333959399615184,327.8831651671064,-1.6533320036948977,0.473,7.67,0.5956
C1499,59.0,638431.4485222222,421556.85,677.0745158817778,5,56,37.18,0,1,1,2.0,False,False,True,False,True,False,False,False,False,2024,10,20,6,2,2,0,0,13.36677115171173,649.274094662647,0.40699608708923724,0.6603,9.33,0.3718
C1500,59.0,500156.38,298033.99,638.0125104,7,106,35.08,1,0,0,2.0,False,True,False,False,False,False,False,True,False,2021,8,12,3,1,1,0,2,13.122678087877793,545.9248941017436,-0.10915232021534624,0.5959,17.67,0.3508
C1501,34.0,761242.01,355932.7,640.0686486114522,5,109,88.04,0,0,0,2.0,False,True,False,False,False,False,True,False,True,2023,3,20,0,2,3,0,2,13.542707915698077,596.6009554132478,0.7909316615877654,0.4676,18.17,0.8804
C1502,51.0,444156.42,594807.92,572.3327784,0,83,39.8,0,0,1,2.0,False,False,False,False,True,False,False,False,False,2022,12,15,3,1,1,0,0,13.003934328126071,771.2379140057885,-0.35348512813728683,1.3392,13.83,0.398
C1503,25.0,495791.07,315381.69,588.6632856,6,116,41.07,1,0,0,1.0,False,False,True,False,False,True,False,True,False,2022,12,17,5,1,1,0,2,13.113911904102755,561.588541549772,-0.12733933635147562,0.6361,19.33,0.4107
C1504,55.0,355088.6,221829.98,613.407088,7,108,50.97,0,0,1,2.0,False,False,True,True,False,False,False,True,False,2020,5,25,0,0,0,0,2,12.78012543097765,470.9883013409144,-0.8023284168740314,0.6247,18.0,0.5097
C1505,43.0,212897.47,77577.07,577.0317976,0,20,30.46,0,0,1,2.0,False,True,False,False,False,True,False,False,False,2023,9,25,0,0,0,0,1,12.268570664383226,278.52660555142666,-1.7733316846024914,0.3644,3.33,0.3046
C1506,49.0,209457.99,132612.65,572.3327784,2,100,58.05,0,0,1,2.0,False,True,False,False,False,False,True,True,False,2023,4,23,6,0,0,0,0,12.252283247392471,364.1601982644451,-1.803039097785006,0.6331,16.67,0.5805
C1507,31.0,638431.4485222222,152357.24,670.0745158817778,7,41,69.88,0,1,1,3.0,True,False,False,False,True,False,False,False,False,2019,11,27,2,2,2,0,1,13.36677115171173,390.3296555477178,0.40699608708923724,0.2386,6.83,0.6988
C1508,38.0,512241.71,119363.91,670.9793368,6,150,78.95,0,0,1,1.0,True,False,False,False,False,True,False,False,False,2018,12,14,4,1,1,0,2,13.146553834667523,345.49082476963116,-0.05949625814408108,0.233,25.0,0.7895
C1509,32.0,384139.87,120009.23,613.7311896,7,50,73.36,1,0,0,2.0,False,True,False,False,True,False,False,False,False,2021,3,8,0,0,1,0,1,12.85876461325557,346.423483615069,-0.6463352831697708,0.3124,8.33,0.7336
C1510,29.0,209457.99,134781.02,621.46,2,6,31.07,0,0,0,1.0,True,False,False,False,False,False,False,True,False,2023,10,13,4,0,0,0,1,12.252283247392471,367.1253464417841,-1.803039097785006,0.6435,1.0,0.3107
C1511,30.0,546216.15,279662.05,611.6972920000001,1,123,54.21,0,0,0,3.0,True,False,False,True,False,False,False,True,False,2025,2,5,2,1,1,0,2,13.210771886283846,528.8308330647902,0.07494916349873477,0.512,20.5,0.5421
C1512,40.31739130434783,1197944.45,726578.19,680.835556,6,91,22.89,0,0,1,2.0,False,True,False,False,False,False,True,False,False,2024,12,11,2,4,3,0,0,13.996118522397111,852.3955595848678,1.8284202909653429,0.6065,15.17,0.2289
C1513,58.0,459063.77,154569.49,597.7251016,2,98,21.33,1,0,1,2.0,False,True,False,False,False,True,False,False,False,2021,10,4,0,1,1,0,0,13.036946590198557,393.1532652795853,-0.28599412961716886,0.3367,16.33,0.2133
C1514,27.0,355492.06,175660.42,640.0686486114522,3,7,53.01,0,0,0,2.0,False,False,True,True,False,False,False,False,True,2019,1,18,4,0,0,0,1,12.7812610062346,419.1186228265215,-0.8000889067305487,0.4941,1.17,0.5301
C1515,33.0,472942.11,196258.53,674.8353688,3,115,38.97,1,0,1,2.0,False,True,False,False,False,False,True,False,False,2020,8,20,3,1,1,0,2,13.066730385399033,443.0107560770957,-0.22481576401385198,0.415,19.17,0.3897
C1516,29.0,638431.4485222222,444793.38,687.0745158817778,5,5,71.25,0,1,1,3.0,False,True,False,False,False,False,True,False,False,2021,6,25,4,2,2,0,1,13.36677115171173,666.9283169876654,0.40699608708923724,0.6967,0.83,0.7125
C1517,47.0,257070.46,77577.07,651.5656368,3,109,74.32,1,0,1,2.0,False,False,False,False,False,False,False,False,True,2020,7,9,3,0,0,0,2,12.457109379702084,278.52660555142666,-1.4241065234147579,0.3018,18.17,0.7432
C1518,22.0,626734.16,217041.57,640.0686486114522,6,26,87.16,0,0,0,2.0,False,False,True,False,True,False,False,False,False,2020,3,26,3,2,2,0,1,13.348279338037786,465.87720485123543,0.36722844883929245,0.3463,4.33,0.8716
C1519,25.0,842961.73,245760.89,682.4369384,3,146,77.05,0,0,1,3.0,False,False,True,False,True,False,False,True,False,2019,8,27,1,3,3,0,2,13.644678024855999,495.74276595831435,1.0181413692887078,0.2915,24.33,0.7705
C1520,49.0,450942.86,322655.67,604.0754288,3,138,23.62,0,0,1,2.0,False,False,True,True,False,False,False,True,False,2018,4,11,2,1,1,0,2,13.019098131800972,568.0278778369949,-0.3225254486264828,0.7155,23.0,0.2362
C1521,57.0,209457.99,79344.62,655.2096192,7,69,47.87,0,0,0,1.0,False,False,False,False,False,False,False,False,True,2018,7,9,0,0,0,0,0,12.252283247392471,281.6817707981828,-1.803039097785006,0.3788,11.5,0.4787
C1522,58.0,593826.17,262787.1,627.5060936,1,25,40.48,0,0,1,2.0,False,True,False,False,False,False,True,False,False,2020,9,29,1,1,2,0,1,13.294343596411867,512.6276426413231,0.25186542555308794,0.4425,4.17,0.4048
C1523,39.0,1203457.09,715958.22,712.6953728,5,8,48.96,0,0,1,3.0,False,False,True,False,False,False,False,False,False,2023,5,1,0,4,3,1,1,14.000709712167255,846.1431439183325,1.8392911871460735,0.5949,1.33,0.4896
C1524,28.0,427562.61,334847.68,608.2050088,0,135,32.01,0,0,1,2.0,False,False,True,False,False,False,False,False,False,2024,11,8,4,1,1,0,2,12.965858351611663,578.6602457401061,-0.4309142027072715,0.7832,22.5,0.3201
C1525,21.0,443381.04,314871.67,595.4704832,5,117,27.33,0,0,1,1.0,True,False,False,True,False,False,False,False,True,2018,10,26,4,1,1,0,2,13.0021870701568,561.1342709191803,-0.35704794818561403,0.7102,19.5,0.2733
C1526,42.0,302565.05,188746.51,612.205204,5,34,59.07,0,0,0,2.0,False,False,True,False,True,False,False,True,False,2023,2,9,3,0,0,0,1,12.620054879726212,434.4496633673457,-1.1142196614307747,0.6238,5.67,0.5907
C1527,37.0,637140.01,238473.46,593.9712008,5,35,74.03,0,0,1,2.0,False,True,False,False,False,False,False,False,False,2022,8,25,3,2,2,0,1,13.364746275833593,488.33744480635517,0.4026360976919182,0.3743,5.83,0.7403
C1528,27.0,338053.38,101113.05,643.0442704,2,24,72.64,1,0,1,1.0,False,True,False,False,False,False,False,False,True,2025,1,23,3,0,0,0,1,12.730962049098103,317.98278255276654,-0.8989201470570675,0.2991,4.0,0.7264
C1529,45.0,857542.52,645609.61,706.6034016,0,58,53.82,1,0,0,2.0,True,False,False,False,False,False,False,False,False,2024,6,15,5,3,3,1,0,13.661827208920972,803.4983571856261,1.0566960400340257,0.7529,9.67,0.5382
C1530,24.0,340554.58,154559.1,599.2443664,2,130,59.17,0,0,0,3.0,False,False,True,False,False,True,False,False,False,2020,3,7,5,0,0,0,2,12.738333621794368,393.14005138118404,-0.8844825525024712,0.4538,21.67,0.5917
C1531,56.0,590063.42,216702.84,652.2050736,1,19,58.72,0,0,1,2.0,False,False,True,False,False,False,False,False,False,2022,4,22,4,1,2,0,1,13.287986996362175,465.51352289702606,0.23833074615296412,0.3673,3.17,0.5872
C1532,40.31739130434783,476637.09,230002.42,633.1309672,1,61,71.87,0,0,1,2.0,False,False,True,False,False,False,False,False,False,2023,7,18,1,1,1,0,0,13.074512760721893,479.58567534904546,-0.20878499182944496,0.4826,10.17,0.7187
C1533,51.0,1150044.72,726578.19,712.6953728,4,83,23.59,0,0,1,2.0,False,False,False,False,False,False,True,False,True,2022,6,25,5,4,3,1,0,13.955312256070902,852.3955595848678,1.7321288831961925,0.6318,13.83,0.2359
C1534,39.0,612444.54,264723.27,590.9955632,4,18,73.24,0,0,2,1.0,False,False,True,False,False,True,False,False,False,2020,9,26,5,2,2,0,1,13.325215303162196,514.5126529056404,0.3177824898460796,0.4322,3.0,0.7324
C1535,59.0,1048482.07,563647.81,647.8785656,7,95,63.67,0,0,0,3.0,False,True,False,False,False,False,False,True,False,2019,8,28,2,4,3,0,0,13.862854982317259,750.7648167036066,1.5161258939023325,0.5376,15.83,0.6367
C1536,47.0,519043.47,353873.34,574.5234776,1,18,34.86,0,0,1,2.0,False,True,False,False,False,False,False,True,False,2018,1,23,1,1,1,0,1,13.159744842485068,594.8725409699123,-0.03198555956373449,0.6818,3.0,0.3486
C1537,30.0,445117.17,203097.85,640.0686486114522,1,103,23.68,1,0,1,2.0,False,False,False,True,False,False,False,False,False,2019,3,13,2,1,1,0,2,13.006095076457866,450.66378820579763,-0.34907787031050835,0.4563,17.17,0.2368
C1538,46.0,478779.33,162844.86,640.0686486114522,2,37,28.14,0,0,1,2.0,False,False,False,True,False,False,False,False,True,2022,10,8,5,1,1,0,1,13.078997169950727,403.5404068987392,-0.1995391294036915,0.3401,6.17,0.2814
C1539,39.0,319887.59,254859.38,572.5910072,7,5,59.35,0,0,0,2.0,False,False,True,False,False,True,False,False,False,2020,6,15,0,0,0,0,1,12.675728057905452,504.83599317005917,-1.0065917556020278,0.7967,0.83,0.5935
C1540,59.0,655017.89,506946.19,700.4014312,1,38,76.88,0,0,1,2.0,True,False,False,False,False,False,True,False,False,2019,12,22,6,2,2,1,1,13.392419353896189,712.0015379196874,0.4623370167004163,0.7739,6.33,0.7688
C1541,23.0,334470.15,236165.19,579.757612,6,23,45.1,0,0,1,1.0,False,False,False,False,False,True,False,False,False,2023,10,23,0,0,0,0,1,12.720305906699297,485.968301435392,-0.9197625106883491,0.7061,3.83,0.451
C1542,33.0,520140.72,318858.92,673.6112576,0,8,48.43,0,0,1,3.0,False,False,False,False,False,True,False,False,True,2023,3,18,5,1,1,0,1,13.161856591887288,564.6759424661192,-0.02757630808590749,0.613,1.33,0.4843
C1543,48.0,782587.55,294972.41,685.607004,2,81,90.06,0,0,0,3.0,False,False,True,True,False,False,False,False,False,2018,7,25,2,2,3,0,0,13.5703623579333,543.1136253124203,0.852207893429828,0.3769,13.5,0.9006
C1544,40.0,1168173.41,726578.19,712.6953728,1,62,35.98,1,0,0,2.0,False,False,True,True,False,False,False,False,False,2024,4,2,1,4,3,1,0,13.970952754852783,852.3955595848678,1.7689663886646847,0.622,10.33,0.3598
C1545,48.0,534759.85,195365.96,589.780788,2,141,27.78,0,0,1,3.0,False,False,False,False,False,False,True,False,False,2020,10,17,5,1,1,0,2,13.189574916593887,442.0022171890091,0.03042827800374265,0.3653,23.5,0.2778
C1546,28.0,785176.55,534301.41,600.814124,2,107,45.76,1,0,0,1.0,True,False,False,False,False,False,False,False,False,2019,5,13,0,2,3,0,2,13.57366514953403,730.95923962968,0.8595431838509943,0.6805,17.83,0.4576
C1547,59.0,735303.24,552179.57,640.0686486114522,3,71,75.94,0,0,2,2.0,False,False,False,False,False,False,True,True,False,2023,2,13,0,2,3,0,0,13.508039624521558,743.0878615614711,0.7144727967593014,0.751,11.83,0.7594
C1548,21.0,396207.21,222590.12,675.6965768,7,120,66.96,0,0,1,2.0,False,False,True,False,False,False,False,False,False,2019,7,1,0,0,1,0,2,12.889695134889541,471.79457394082016,-0.5844732885300616,0.5618,20.0,0.6696
C1549,23.0,1203457.09,726578.19,670.687172,4,124,51.18,1,0,1,2.0,False,False,True,False,True,False,False,False,False,2023,3,19,6,4,3,0,2,14.000709712167255,852.3955595848678,1.8392911871460735,0.6037,20.67,0.5118
C1550,33.0,356135.58,240397.59,603.4908464,7,26,92.36,0,0,1,2.0,False,False,False,True,False,False,False,False,False,2023,12,16,5,0,0,0,1,12.783069587944071,490.30356923032895,-0.7965213471351754,0.675,4.33,0.9236
C1551,48.0,514035.21,162380.97,678.1228168,2,116,75.12,0,0,0,2.0,True,False,False,False,True,False,False,False,False,2024,4,8,0,1,1,0,2,13.150048989426812,402.96522182441504,-0.052212192178399196,0.3159,19.33,0.7512
C1552,45.0,1087906.61,653564.99,640.0686486114522,7,79,24.64,1,0,1,1.0,False,False,False,False,True,False,False,False,True,2024,9,4,2,4,3,0,0,13.899766785512938,808.4336645637661,1.6020015470292885,0.6008,13.17,0.2464
C1553,53.0,1073250.05,274838.69,712.6953728,5,140,75.85,0,0,0,2.0,False,False,False,True,False,False,False,False,False,2021,7,23,4,4,3,1,2,13.886202964423155,524.2505984736689,1.570389866788257,0.2561,23.33,0.7585
C1554,58.0,492808.64,248725.49,623.4246912,6,147,21.8,0,0,0,1.0,False,False,True,False,True,False,False,False,True,2022,12,18,6,1,1,0,2,13.107878252698432,498.7238614704534,-0.13984332466245333,0.5047,24.5,0.218
C1555,26.0,843005.88,250660.49,703.4404704,6,36,68.77,1,0,1,2.0,True,False,False,False,False,True,False,False,False,2024,11,14,3,3,3,1,1,13.644730398279277,500.6600543282837,1.0182589637777155,0.2973,6.0,0.6877
C1556,40.31739130434783,432274.13,194441.1,634.5819304,2,71,35.79,0,0,0,1.0,False,True,False,False,False,False,False,False,False,2023,8,30,2,1,1,0,0,12.976817539507431,440.9547595842458,-0.4086735895006392,0.4498,11.83,0.3579
C1557,41.0,373706.72,261515.94,640.0686486114522,5,8,72.23,0,0,1,1.0,True,False,False,False,False,False,True,False,True,2022,10,14,4,0,1,0,1,12.83122927354224,511.3862923465978,-0.7011656136545292,0.6998,1.33,0.7223
C1558,36.0,250939.21,198819.31,572.3327784,6,34,43.23,0,0,1,2.0,False,False,False,True,False,False,False,False,False,2024,2,23,4,0,0,0,1,12.432969982566771,445.89158996330036,-1.4693730393843727,0.7923,5.67,0.4323
C1559,41.0,728057.09,284507.16,599.2445672,3,17,85.48,0,0,0,2.0,False,False,False,False,False,True,False,True,False,2023,1,1,6,2,3,0,1,13.498136117951498,533.3921259261332,0.6927041829503197,0.3908,2.83,0.8548
C1560,31.0,771484.23,400534.11,704.7187384,1,25,45.27,0,0,0,3.0,False,False,False,False,False,False,True,False,True,2019,10,14,0,2,3,1,1,13.556072806078438,632.8776422026615,0.8205135861434142,0.5192,4.17,0.4527
C1561,57.0,357775.47,181313.03,610.6220376,2,45,66.48,1,0,1,2.0,True,False,False,False,False,False,True,False,False,2023,4,29,5,0,0,0,1,12.787663684898188,425.8086776945721,-0.7874547981339555,0.5068,7.5,0.6648
C1562,56.0,566626.15,437798.54,634.330092,3,125,41.44,0,0,1,2.0,False,False,True,False,False,False,True,False,False,2023,1,18,2,1,2,0,2,13.247456782632598,661.6634643079516,0.15233559236622193,0.7726,20.83,0.4144
C1563,55.0,1203457.09,726578.19,712.6953728,7,23,88.79,0,0,0,3.0,False,False,False,False,True,False,False,True,False,2020,11,27,4,4,3,1,1,14.000709712167255,852.3955595848678,1.8392911871460735,0.6037,3.83,0.8879
C1564,39.0,918663.58,569078.76,661.4930864,0,52,78.57,1,0,1,2.0,False,False,False,False,True,False,False,False,False,2020,10,9,4,3,3,0,1,13.73067635103716,754.3730907183792,1.2124853654844452,0.6195,8.67,0.7857
C1565,40.0,638431.4485222222,480785.83,634.0745158817778,7,90,38.25,0,1,2,1.0,True,False,False,False,True,False,False,False,False,2021,2,9,1,2,2,0,0,13.36677115171173,693.3872150537534,0.40699608708923724,0.7531,15.0,0.3825
C1566,38.0,848189.41,359655.33,640.8551528,3,67,91.16,0,0,1,2.0,False,True,False,False,True,False,False,False,False,2023,11,6,0,3,3,0,0,13.650860429663025,599.7127062185693,1.0320291650009956,0.424,11.17,0.9116
C1567,34.0,298559.95,221314.53,658.884796,4,41,46.79,0,0,1,3.0,False,True,False,False,False,True,False,False,False,2023,6,8,3,0,0,0,1,12.606729378576032,470.4407826708905,-1.1398474813248385,0.7413,6.83,0.4679
C1568,35.0,209457.99,77577.07,574.957748,4,35,68.89,0,0,1,2.0,False,False,True,False,True,False,False,True,False,2025,1,11,5,0,0,0,1,12.252283247392471,278.52660555142666,-1.803039097785006,0.3704,5.83,0.6889
C1569,40.31739130434783,483483.91,366672.99,665.6787128,1,78,75.71,1,0,0,2.0,False,False,True,True,False,False,False,False,False,2020,9,6,6,1,1,0,0,13.088775383460835,605.5352921176436,-0.1793570113577834,0.7584,13.0,0.7571
C1570,21.0,1155173.15,418481.93,712.6953728,7,150,21.72,0,0,0,1.0,False,False,False,False,False,False,True,False,False,2021,1,29,4,4,3,1,2,13.959761669792766,646.9017931649286,1.7425996249501225,0.3623,25.0,0.2172
C1571,23.0,1054520.14,464213.85,616.3616112,5,111,91.92,0,0,1,1.0,True,False,False,False,False,True,False,False,False,2022,12,7,2,4,3,0,2,13.868597326115855,681.3324078597759,1.5294542693598676,0.4402,18.5,0.9192
C1572,36.0,601678.99,434555.16,642.1343192,1,107,45.83,0,0,1,2.0,False,False,False,False,True,False,False,False,False,2018,11,14,2,1,2,0,2,13.307481004880154,659.207979320639,0.2798789923550363,0.7222,17.83,0.4583
C1573,43.0,362960.33,150808.96,649.0368264,6,114,34.23,0,0,0,2.0,False,False,True,False,False,False,True,False,False,2021,3,16,1,0,1,0,2,12.80205157864676,388.3412931945301,-0.7590194842516608,0.4155,19.0,0.3423
C1574,31.0,638928.18,357896.78,696.1142544,5,24,83.8,0,0,1,1.0,True,False,False,False,False,True,False,True,False,2020,8,18,1,2,2,0,1,13.367548897796668,598.2447492456579,0.4086710925713204,0.5602,4.0,0.838
C1575,32.0,421663.09,114200.15,585.7330472,5,143,72.72,0,0,0,3.0,True,False,False,False,False,False,True,False,False,2021,1,17,6,1,1,0,2,12.951964280785042,337.9351269104767,-0.45905831978755884,0.2708,23.83,0.7272
C1576,30.0,368608.13,86167.68,640.0686486114522,5,90,26.51,0,0,0,3.0,False,False,True,False,False,True,False,True,False,2021,10,7,3,0,1,0,0,12.817492093308825,293.54331877935834,-0.7284354276715648,0.2338,15.0,0.2651
C1577,52.0,876858.76,392128.08,692.1487008,5,48,28.78,1,0,1,2.0,False,True,False,False,False,False,False,False,True,2021,8,2,0,3,3,0,1,13.684102349787617,626.2013094844182,1.106923293911814,0.4472,8.0,0.2878
C1578,36.0,366106.78,200388.52,613.2885424,4,86,73.64,0,0,2,3.0,False,True,False,False,False,True,False,False,False,2024,1,22,0,0,1,0,0,12.810683049906839,447.64776331396985,-0.7419312935402372,0.5473,14.33,0.7364
C1579,28.0,908890.68,395930.47,648.7112544,7,68,25.61,0,0,1,1.0,True,False,False,False,True,False,False,False,False,2018,11,27,1,3,3,0,0,13.719981202142641,629.230061265353,1.1881789950162511,0.4356,11.33,0.2561
C1580,58.0,353026.26,192978.79,676.2421008,6,126,88.79,1,0,2,2.0,False,False,False,False,False,False,True,False,False,2019,7,21,6,0,0,0,2,12.774300556729864,439.2935123581954,-0.8138098671054661,0.5466,21.0,0.8879
C1581,32.0,638431.4485222222,324993.93,674.0745158817778,4,91,75.62,0,1,0,2.0,False,True,False,False,False,False,True,False,False,2019,9,10,1,2,2,0,0,13.36677115171173,570.0823887825338,0.40699608708923724,0.5091,15.17,0.7562
C1582,44.0,209457.99,121259.36,592.86582,2,69,45.16,0,0,0,3.0,False,False,False,False,False,False,True,False,True,2020,8,5,2,0,0,0,0,12.252283247392471,348.2231468469608,-1.803039097785006,0.5789,11.5,0.4516
C1583,48.0,288882.95,170359.9,572.3327784,6,59,47.22,1,0,1,3.0,False,True,False,True,False,False,False,False,True,2022,4,18,0,0,0,0,0,12.573780329355504,412.74677466940915,-1.2029959284352323,0.5897,9.83,0.4722
C1584,28.0,448896.55,204044.77,589.911724,4,78,57.99,0,0,1,2.0,False,True,False,True,False,False,False,False,False,2019,9,18,2,1,1,0,0,13.014549966969431,451.71315012959275,-0.33181876059980764,0.4545,13.0,0.5799
C1585,48.0,638431.4485222222,290484.49,654.0745158817778,1,121,47.07,0,1,1,3.0,False,False,False,False,True,False,False,True,False,2020,5,26,1,2,2,0,2,13.36677115171173,538.9661306612875,0.40699608708923724,0.455,20.17,0.4707
C1586,56.0,638431.4485222222,181612.68,622.0745158817778,4,133,78.76,0,1,1,1.0,False,False,True,False,False,False,False,False,True,2018,9,21,4,2,2,0,2,13.36677115171173,426.16039234072423,0.40699608708923724,0.2845,22.17,0.7876
C1587,46.0,209457.99,83795.96,654.1976912,6,141,93.11,1,0,1,3.0,False,True,False,True,False,False,False,False,False,2022,8,27,5,0,0,0,2,12.252283247392471,289.4753184642864,-1.803039097785006,0.4001,23.5,0.9311
C1588,28.0,416378.9,229969.18,651.310312,6,99,63.84,0,0,1,3.0,False,True,False,False,False,True,False,False,False,2022,7,28,3,1,1,0,0,12.939353343664502,479.5510191835692,-0.48455251582602304,0.5523,16.5,0.6384
C1589,48.0,422231.7,205159.7,584.778536,1,149,53.45,0,0,1,1.0,False,False,False,False,True,False,False,False,False,2021,9,17,4,1,1,0,2,12.953311862841963,452.94558172036517,-0.4563312000443314,0.4859,24.83,0.5345
C1590,48.0,587217.0,232199.93,630.97736,0,103,36.71,0,0,0,2.0,False,False,True,False,False,False,False,False,False,2024,2,1,3,1,2,0,2,13.283151409763574,481.8712794927708,0.22804330546650214,0.3954,17.17,0.3671
C1591,57.0,438734.26,277714.02,617.0987408,7,116,69.01,0,0,0,1.0,False,True,False,False,False,True,False,False,True,2023,3,24,4,1,1,0,2,12.991651457756278,526.9857872846288,-0.3785112348721785,0.633,19.33,0.6901
C1592,56.0,576501.98,141125.95,685.1201584,6,56,71.42,1,0,1,2.0,False,True,False,False,False,False,True,False,False,2022,8,31,2,1,2,0,0,13.264735787801914,375.6673395439109,0.18893341162689836,0.2448,9.33,0.7142
C1593,47.0,381696.46,285762.48,624.5357168,4,150,71.39,0,0,0,2.0,False,False,True,True,False,False,False,True,False,2018,9,13,3,0,1,0,2,12.85238358427052,534.5675635502026,-0.659061828997515,0.7487,25.0,0.7139
C1594,37.0,724435.98,153860.11,664.9548784,1,37,22.02,0,0,1,2.0,False,True,False,False,False,True,False,False,False,2020,4,27,0,2,3,0,1,13.49315005283255,392.25006054811513,0.6817567006772686,0.2124,6.17,0.2202
C1595,29.0,677978.26,527067.13,692.2382608,5,8,87.43,0,0,0,3.0,False,False,True,False,False,False,False,False,False,2022,9,17,5,2,2,0,1,13.426871976484149,725.993891158872,0.5370113747894206,0.7774,1.33,0.8743
C1596,53.0,408529.36,195037.37,640.0686486114522,7,91,45.36,0,0,1,2.0,False,False,True,False,True,False,False,False,False,2022,5,15,6,1,1,0,0,12.920321511205984,441.6303544821166,-0.5229358764799812,0.4774,15.17,0.4536
C1597,40.0,638431.4485222222,285763.17,658.0745158817778,6,79,75.81,1,1,1,2.0,False,False,False,False,False,True,False,False,True,2024,7,20,5,2,2,0,0,13.36677115171173,534.5682089312832,0.40699608708923724,0.4476,13.17,0.7581
C1598,33.0,440270.56,155796.96,629.2216448,7,13,76.99,0,0,0,3.0,True,False,False,False,True,False,False,False,False,2018,3,22,3,1,1,0,1,12.995146997334256,394.7112362221273,-0.3713938394133346,0.3539,2.17,0.7699
C1599,48.0,638431.4485222222,131544.13,606.0745158817778,7,68,68.79,0,1,1,3.0,False,False,True,False,False,False,True,True,False,2024,6,16,6,2,2,0,0,13.36677115171173,362.69012944936895,0.40699608708923724,0.206,11.33,0.6879
C1600,49.0,638431.4485222222,232947.14,686.0745158817778,3,34,49.61,0,1,1,1.0,False,False,False,False,False,False,False,False,False,2022,4,8,4,2,2,0,1,13.36677115171173,482.6459779175623,0.40699608708923724,0.3649,5.67,0.4961
C1601,33.0,296929.84,78876.43,578.7543872,7,140,65.63,0,0,0,3.0,True,False,False,False,False,False,False,False,False,2023,5,8,0,0,0,0,2,12.60125452871542,280.84947925890833,-1.150361949619018,0.2656,23.33,0.6563
C1602,55.0,799389.17,476350.02,605.9511336,5,137,23.01,0,0,1,1.0,False,True,False,True,False,False,False,False,False,2018,1,25,3,2,3,0,2,13.591604428461213,690.1811501337892,0.8994487805155534,0.5959,22.83,0.2301
C1603,26.0,584326.23,228731.57,596.7460984,2,80,77.14,0,0,1,3.0,True,False,False,False,False,False,False,False,False,2021,12,11,5,1,2,0,0,13.278216430229202,478.25889432398435,0.2175521098602236,0.3914,13.33,0.7714
C1604,38.0,466733.04,308187.37,640.0686486114522,7,133,27.47,1,0,1,2.0,False,False,True,False,False,True,False,False,False,2021,5,8,5,1,1,0,2,13.053514866925397,555.1462600072165,-0.25199529301426093,0.6603,22.17,0.2747
C1605,40.31739130434783,209457.99,77577.07,572.3327784,6,19,49.76,0,0,0,1.0,False,False,True,False,False,True,False,False,False,2022,5,17,1,0,0,0,1,12.252283247392471,278.52660555142666,-1.803039097785006,0.3704,3.17,0.4976
C1606,45.0,1140366.27,726578.19,712.6953728,1,93,27.77,0,0,1,2.0,False,False,True,False,False,True,False,False,False,2022,9,13,1,4,3,1,0,13.946860935152808,852.3955595848678,1.7122597615415438,0.6371,15.5,0.2777
C1607,22.0,400427.25,205735.08,572.3327784,5,132,82.78,0,0,1,2.0,False,False,True,False,False,False,True,False,False,2024,1,14,6,0,1,0,2,12.90028987837991,453.58029057709285,-0.5632173331577706,0.5138,22.0,0.8278
C1608,30.0,693155.73,186253.52,630.4524584,4,30,61.27,1,0,0,2.0,False,False,True,False,False,False,False,False,True,2024,2,15,3,2,2,0,1,13.44901141421752,431.5709906840357,0.5852017814866509,0.2687,5.0,0.6127
C1609,50.0,459233.57,202295.67,636.7386856,4,65,71.82,0,0,0,1.0,False,False,False,False,False,False,False,False,True,2024,10,6,6,1,1,0,0,13.03731640425491,449.77290936649354,-0.2852361772759443,0.4405,10.83,0.7182
C1610,25.0,421135.77,136471.71,663.6908616,6,127,71.19,0,0,1,2.0,False,False,True,False,False,True,False,False,False,2020,6,22,0,1,1,0,2,12.950712929264565,369.42077635130374,-0.46159020247997007,0.3241,21.17,0.7119
C1611,40.31739130434783,543640.96,173862.5,640.0686486114522,0,71,83.12,0,0,1,3.0,False,False,False,True,False,False,False,True,False,2023,6,23,4,1,1,0,0,13.20604614738984,416.9682242089917,0.06501121878439528,0.3198,11.83,0.8312
C1612,21.0,496140.66,249966.5,639.6912528,3,30,29.94,0,0,1,2.0,False,True,False,True,False,False,False,False,True,2020,6,17,2,1,1,0,1,13.114616769768476,499.9664988776748,-0.125877851284099,0.5038,5.0,0.2994
C1613,38.0,422166.04,254623.2,663.7732832,6,87,69.48,1,0,1,1.0,False,False,True,False,False,False,False,False,False,2021,1,22,4,1,1,0,0,12.95315634408225,504.60202139904277,-0.456645953593598,0.6031,14.5,0.6948
C1614,52.0,638431.4485222222,476889.73,595.0745158817778,1,112,63.14,0,1,1,2.0,False,False,True,False,False,False,False,True,False,2022,11,21,0,2,2,0,2,13.36677115171173,690.5720310003874,0.40699608708923724,0.747,18.67,0.6314
C1615,31.0,618396.77,310000.57,583.4717416,5,115,22.32,1,0,0,1.0,True,False,False,False,True,False,False,False,True,2023,6,13,1,2,2,0,2,13.33488717016864,556.7769481578777,0.33849673105746386,0.5013,19.17,0.2232
C1616,40.31739130434783,642936.05,501170.75,696.434884,3,64,35.11,1,0,0,3.0,False,True,False,False,False,False,False,False,False,2018,4,29,6,2,2,0,0,13.37380209796063,707.9341424172167,0.4221455093425428,0.7795,10.67,0.3511
C1617,40.31739130434783,500742.09,383058.14,618.0593672,0,43,40.07,0,0,0,3.0,False,False,True,False,False,True,False,False,False,2022,5,12,3,1,1,0,1,13.123848454131805,618.9169088011735,-0.1067223743201478,0.765,7.17,0.4007
C1618,45.0,687980.2,494683.58,641.038416,6,127,25.44,1,0,1,2.0,False,False,True,False,False,False,True,False,True,2021,10,8,4,2,2,0,2,13.441516790960735,703.3374581237658,0.5688704685649671,0.719,21.17,0.2544
C1619,42.0,387225.16,193607.3,605.9780128,2,40,46.6,0,0,0,2.0,False,True,False,False,False,False,False,False,False,2022,7,15,4,0,1,0,1,12.866764194085823,440.00829537634854,-0.6303634074757719,0.5,6.67,0.466
C1620,47.0,1203457.09,472982.84,712.6953728,3,25,22.04,0,0,1,3.0,False,False,False,False,False,False,False,False,False,2019,11,8,4,4,3,1,1,14.000709712167255,687.7374789845323,1.8392911871460735,0.393,4.17,0.2204
C1621,33.0,1106899.85,366099.02,661.551988,0,122,61.49,1,0,2,2.0,False,False,True,False,False,True,False,False,False,2023,3,30,3,4,3,0,2,13.9170746412838,605.0611704613013,1.6424326282027841,0.3307,20.33,0.6149
C1622,53.0,743663.29,437721.7,704.4930632,6,52,35.86,0,0,0,3.0,True,False,False,False,True,False,False,False,False,2019,6,7,4,2,3,1,1,13.519344988865164,661.6053959876688,0.7393623918328314,0.5886,8.67,0.3586
C1623,54.0,638431.4485222222,289243.28,637.0745158817778,7,30,41.53,0,1,1,2.0,False,False,True,False,False,False,False,True,False,2024,12,23,0,2,2,0,1,13.36677115171173,537.8134248975197,0.40699608708923724,0.4531,5.0,0.4153
C1624,55.0,682358.55,196574.52,619.5886840000001,6,40,88.29,0,0,1,3.0,True,False,False,True,False,False,False,False,False,2023,12,28,3,2,2,0,1,13.433311997318302,443.3672518353154,0.5510127032479794,0.2881,6.67,0.8829
C1625,21.0,406301.02,198029.64,649.5040816,1,132,57.71,1,0,1,2.0,True,False,False,True,False,False,False,False,True,2018,4,21,5,0,1,0,2,12.914852053659251,445.00521345260665,-0.53394639299639,0.4874,22.0,0.5771
C1626,40.31739130434783,285422.44,77577.07,617.8337952,6,150,40.18,0,0,0,2.0,False,False,True,True,False,False,False,False,False,2022,6,2,3,0,0,0,2,12.561729110995739,278.52660555142666,-1.22601475662415,0.2718,25.0,0.4018
C1627,26.0,400651.47,256552.05,608.0521176,2,19,64.88,0,0,1,3.0,False,False,True,False,False,False,True,False,False,2024,8,21,2,0,1,0,1,12.900849672169118,506.5096741425577,-0.5620932928482876,0.6403,3.17,0.6488
C1628,48.0,303364.67,77577.07,672.2691736,6,83,35.13,0,0,1,2.0,True,False,False,False,False,False,True,False,False,2024,4,30,1,0,0,0,0,12.622694188538683,278.52660555142666,-1.1091376135453708,0.2557,13.83,0.3513
C1629,37.0,646120.76,373114.17,660.6896608,4,138,25.58,1,0,0,2.0,False,True,False,False,False,False,False,False,False,2018,4,22,6,2,2,0,2,13.37874324797619,610.8307212313408,0.4328016673063277,0.5775,23.0,0.2558
C1630,25.0,1189206.38,726578.19,684.1365104,0,32,21.57,0,0,1,1.0,False,True,False,False,False,False,False,False,False,2018,12,10,0,4,3,0,1,13.988797575939497,852.3955595848678,1.811101443976923,0.611,5.33,0.2157
C1631,51.0,770130.94,215318.08,706.6104752,7,140,91.36,0,0,0,2.0,False,False,True,False,False,False,False,False,True,2022,10,22,5,2,3,1,2,13.55431712980037,464.0237924934453,0.8166241746769786,0.2796,23.33,0.9136
C1632,40.31739130434783,1203457.09,726578.19,712.6953728,4,124,74.35,0,0,1,2.0,False,False,False,False,False,False,True,False,True,2019,7,10,2,4,3,1,2,14.000709712167255,852.3955595848678,1.8392911871460735,0.6037,20.67,0.7435
C1633,58.0,209457.99,138858.14,604.6436576,6,92,80.0,0,0,0,1.0,False,True,False,False,False,False,False,False,False,2023,3,7,1,0,0,0,0,12.252283247392471,372.6367400029149,-1.803039097785006,0.6629,15.33,0.8
C1634,23.0,370156.41,131916.37,660.6125128,2,35,93.57,0,0,0,1.0,False,False,True,False,False,True,False,True,False,2020,1,15,2,0,1,0,1,12.821683626582121,363.20293225688584,-0.7201207348327707,0.3564,5.83,0.9357
C1635,40.31739130434783,291074.97,86667.56,653.2859976,0,51,89.87,0,0,1,2.0,False,True,False,False,True,False,False,False,False,2018,7,25,2,0,0,0,1,12.581339577374113,294.3935461249108,-1.1885358657113456,0.2977,8.5,0.8987
C1636,57.0,961406.48,386573.34,640.0686486114522,0,38,75.27,0,0,1,3.0,False,False,False,True,False,False,False,False,False,2020,12,1,1,3,3,0,1,13.776153614732097,621.7502231603943,1.3162763893854363,0.4021,6.33,0.7527
C1637,57.0,433088.47,230757.98,595.6470776,6,6,72.05,0,0,1,2.0,False,False,True,True,False,False,False,True,False,2022,4,2,5,1,1,0,1,12.978699613815484,480.3727511006427,-0.40485041810646083,0.5328,1.0,0.7205
C1638,30.0,542657.64,295839.45,599.4126112,2,110,45.26,0,0,1,1.0,False,False,False,False,False,True,False,False,False,2021,9,2,3,1,1,0,2,13.204235745612332,543.9112519520073,0.0612059204144239,0.5452,18.33,0.4526
C1639,30.0,692821.07,192968.54,616.4256856,1,98,27.8,0,0,1,2.0,False,False,True,False,False,False,False,False,True,2020,5,16,5,2,2,0,0,13.448528491958529,439.2818457437093,0.5841489057977373,0.2785,16.33,0.278
C1640,39.0,219666.58,104240.87,612.5733264,7,76,63.03,0,0,0,1.0,False,False,False,False,False,False,True,True,False,2023,2,6,0,0,0,0,0,12.299870682622762,322.8635470287719,-1.7160377033207392,0.4745,12.67,0.6303
C1641,37.0,347409.01,125403.99,582.7927208,0,56,63.22,0,0,0,2.0,False,True,False,False,False,False,False,False,False,2021,8,31,1,0,0,0,0,12.758260946421233,354.1242578530875,-0.8453738098724817,0.361,9.33,0.6322
C1642,41.0,846187.52,596743.73,708.6950016,7,139,91.42,0,0,0,1.0,False,True,False,False,False,False,False,True,False,2021,10,14,3,3,3,1,2,13.648497450643344,772.4918963976256,1.0267195838988827,0.7052,23.17,0.9142
C1643,34.0,361693.21,701947.2,592.9354568,2,94,53.19,0,0,0,1.0,False,False,False,True,False,False,False,False,False,2022,4,2,5,0,1,0,0,12.798554410070842,837.8228929791785,-0.7659367166034947,1.9407,15.67,0.5319
C1644,29.0,209457.99,133975.83,596.2413544,3,96,71.81,0,0,0,1.0,False,False,False,True,False,False,False,False,False,2021,2,13,5,0,0,0,0,12.252283247392471,366.02708916144445,-1.803039097785006,0.6396,16.0,0.7181
C1645,21.0,297674.36,136078.49,651.8139488,4,147,63.12,0,0,0,2.0,False,False,False,False,False,False,True,False,False,2022,9,23,4,0,0,0,2,12.603758775691283,368.88818088954815,-1.145553607071302,0.4571,24.5,0.6312
C1646,33.0,417714.13,265645.91,592.4171304,0,82,33.26,0,0,1,1.0,False,False,True,True,False,False,False,False,False,2020,10,30,4,1,1,0,0,12.94255497199828,515.4084884826791,-0.47808469408233517,0.636,13.67,0.3326
C1647,24.0,535908.27,271188.95,580.8726616,3,129,64.4,0,0,0,2.0,False,True,False,False,False,False,False,False,False,2018,12,2,6,1,1,0,2,13.191720153336691,520.7580532262559,0.03492756725826488,0.506,21.5,0.644
C1648,21.0,470265.49,269545.63,658.6212392,0,146,60.51,1,0,0,2.0,False,False,True,False,False,True,False,False,False,2023,4,11,1,1,1,0,2,13.061054813002476,519.1778404362035,-0.23649496563371414,0.5732,24.33,0.6051
C1649,40.31739130434783,348774.27,152488.96,640.0686486114522,1,135,57.04,0,0,1,2.0,False,True,False,False,False,False,True,True,False,2018,3,21,2,0,0,0,2,12.762183068274064,390.4983482679536,-0.8376625853154569,0.4372,22.5,0.5704
C1650,54.0,819641.55,541720.82,679.571324,6,54,58.51,1,0,1,2.0,True,False,False,False,False,True,False,True,False,2024,1,19,4,3,3,0,0,13.616623609567885,736.0168612199044,0.9552832791382803,0.6609,9.0,0.5851
C1651,48.0,1203457.09,726578.19,712.6953728,2,97,32.3,0,0,1,3.0,False,False,True,False,False,False,False,False,False,2018,8,2,3,4,3,1,0,14.000709712167255,852.3955595848678,1.8392911871460735,0.6037,16.17,0.323
C1652,51.0,548625.18,260310.02,598.8900144,0,128,54.76,0,0,1,1.0,False,True,False,False,False,False,True,True,False,2021,12,4,5,1,1,0,2,13.215172577819846,510.20586041322576,0.08420989581212467,0.4745,21.33,0.5476
C1653,28.0,359142.39,183380.69,630.7313912,2,58,65.42,1,0,0,2.0,False,True,False,False,False,True,False,False,False,2020,7,7,1,0,0,0,0,12.791477002767245,428.2297163906307,-0.7799243820981182,0.5106,9.67,0.6542
C1654,59.0,1121207.9,726578.19,706.696632,5,138,56.71,0,0,1,1.0,False,False,True,False,False,False,True,False,False,2018,10,9,1,4,3,1,2,13.929918036164919,852.3955595848678,1.6725027296134036,0.648,23.0,0.5671
C1655,46.0,394195.75,234793.77,577.53566,0,82,56.65,0,0,1,1.0,False,False,True,False,False,False,False,False,False,2018,6,14,3,0,1,0,0,12.884605429120855,484.55522905031165,-0.5946726142861035,0.5956,13.67,0.5665
C1656,40.31739130434783,638431.4485222222,261435.27,658.0745158817778,1,82,25.81,1,1,2,2.0,False,True,False,False,False,False,True,False,False,2018,5,8,1,2,2,0,0,13.36677115171173,511.3074124242675,0.40699608708923724,0.4095,13.67,0.2581
C1657,23.0,863932.3,520252.93,605.114584,1,24,34.31,0,0,1,2.0,False,False,True,False,False,False,False,False,False,2020,10,9,4,3,3,0,1,13.669250845732117,721.2856091729544,1.0734166188169638,0.6022,4.0,0.3431
C1658,32.0,638431.4485222222,373773.49,680.0745158817778,6,95,44.07,0,1,1,3.0,False,False,False,False,False,False,True,True,False,2020,3,27,4,2,2,0,0,13.36677115171173,611.370174280689,0.40699608708923724,0.5855,15.83,0.4407
C1659,21.0,562586.02,426784.26,665.0068816,6,103,51.45,0,0,1,2.0,False,False,True,False,False,False,True,False,False,2018,3,25,6,1,2,0,2,13.24030110331778,653.2872721858279,0.13720727610317943,0.7586,17.17,0.5145
C1660,25.0,209457.99,116391.99,657.2104151999999,3,60,64.55,1,0,0,3.0,False,False,True,True,False,False,False,False,False,2024,12,19,3,0,0,0,0,12.252283247392471,341.1627031197871,-1.803039097785006,0.5557,10.0,0.6455
C1661,50.0,710944.22,418368.03,602.8755376,1,6,84.75,1,0,0,1.0,False,False,True,False,False,False,False,False,True,2019,9,17,1,2,3,0,1,13.47435065940365,646.8137521729111,0.6405540842481676,0.5885,1.0,0.8475
C1662,50.0,504121.61,204120.99,670.3297288,2,109,31.94,0,0,1,1.0,False,True,False,False,True,False,False,True,False,2020,9,4,4,1,1,0,2,13.130574791276754,451.79750995329755,-0.09274869026894667,0.4049,18.17,0.3194
C1663,37.0,658592.86,439772.66,687.6874288,5,116,21.13,0,0,0,1.0,False,False,False,False,False,False,True,False,True,2019,6,2,6,2,2,0,2,13.397862326074991,663.1535719575066,0.47410871299154805,0.6677,19.33,0.2113
C1664,40.31739130434783,540779.65,294792.49,674.262372,7,28,53.69,1,0,1,1.0,True,False,False,False,False,True,False,False,False,2023,4,24,0,1,1,0,1,13.200769022745316,542.9479625157461,0.05392207322906495,0.5451,4.67,0.5369
C1665,35.0,359497.8,284421.0,636.759824,1,113,52.41,0,0,0,2.0,True,False,False,True,False,False,False,True,False,2019,4,14,6,0,0,0,2,12.792466118168266,533.311353713757,-0.7779704048847866,0.7912,18.83,0.5241
C1666,57.0,799601.65,278664.12,670.968132,0,72,61.39,0,0,0,2.0,False,False,False,True,False,False,False,False,True,2024,4,29,0,2,3,0,0,13.591870195759968,527.8864650661162,0.9000407833395516,0.3485,12.0,0.6139
C1667,41.0,545233.62,135105.35,647.6186896,7,118,82.49,0,0,0,1.0,False,False,False,False,False,False,True,True,False,2020,6,11,3,1,1,0,2,13.208971476421661,367.5667966506224,0.07116217832967811,0.2478,19.67,0.8249
C1668,40.31739130434783,240587.09,77577.07,572.3327784,7,88,80.18,0,0,1,3.0,False,False,False,False,True,False,False,True,False,2023,3,20,0,0,0,0,0,12.390841580050605,278.52660555142666,-1.5479808301343347,0.3224,14.67,0.8018
C1669,22.0,1004182.6,586460.95,712.334608,1,53,27.5,0,0,2,3.0,False,True,False,True,False,False,False,False,False,2020,11,15,6,3,3,1,0,13.819685431041297,765.8073843989753,1.4162934669861278,0.584,8.83,0.275
C1670,40.31739130434783,222623.27,169985.36,620.8098616,5,36,90.05,1,0,1,2.0,True,False,False,False,False,False,False,False,False,2022,2,19,5,0,0,0,1,12.313240741529876,412.2928085717722,-1.6914819202123128,0.7636,6.0,0.9005
C1671,59.0,802519.22,161434.08,619.2015375999999,2,65,28.28,1,0,1,1.0,False,False,False,False,False,False,True,False,False,2019,11,19,1,2,3,0,0,13.59551232993057,401.78860113248606,0.9081561022621091,0.2012,10.83,0.2828
C1672,58.0,1107717.86,703913.3,660.6174288,0,133,67.59,0,0,0,1.0,False,True,False,False,False,False,True,False,False,2024,10,17,3,4,3,0,2,13.91781337763073,838.9954111912651,1.6441606523545336,0.6355,22.17,0.6759
C1673,54.0,266076.07,158112.81,603.2860856,3,106,70.43,0,0,1,1.0,True,False,False,False,True,False,False,False,True,2024,10,23,2,0,0,0,2,12.491541282640329,397.6340151445799,-1.3592547991168389,0.5942,17.67,0.7043
C1674,58.0,457019.35,292210.18,676.561548,3,39,70.99,0,0,0,1.0,False,False,True,False,False,False,False,False,False,2019,4,15,0,1,1,0,1,13.032483198425412,540.5646862309819,-0.29513875509730764,0.6394,6.5,0.7099
C1675,54.0,434186.07,179424.46,606.7348856,3,55,39.9,0,0,1,2.0,False,True,False,False,False,False,False,False,True,2019,11,2,5,1,1,0,0,12.981230757079198,423.58524525766944,-0.3997070499151294,0.4132,9.17,0.399
C1676,38.0,638431.4485222222,441984.73,673.0745158817778,6,49,44.78,0,1,0,1.0,True,False,False,False,True,False,False,False,True,2021,6,28,0,2,2,0,1,13.36677115171173,664.8193213197102,0.40699608708923724,0.6923,8.17,0.4478
C1677,50.0,1203457.09,303473.9,644.0340672,0,81,61.15,0,0,1,2.0,False,True,False,False,False,True,False,False,False,2019,3,19,1,4,3,0,0,14.000709712167255,550.8846521732113,1.8392911871460735,0.2522,13.5,0.6115
C1678,35.0,267775.61,174926.74,627.4220488,7,117,34.97,0,0,1,3.0,True,False,False,False,False,False,False,False,False,2024,6,28,4,0,0,0,2,12.497908367125259,418.24244165316367,-1.3472257631952487,0.6533,19.5,0.3497
C1679,47.0,413076.52,148807.99,616.0461216,3,69,21.52,0,0,1,2.0,True,False,False,False,False,True,False,False,True,2018,4,16,0,1,1,0,0,12.931390554087644,385.75638685574603,-0.5006251993539416,0.3602,11.5,0.2152
C1680,54.0,638431.4485222222,310343.23,589.0745158817778,6,18,62.16,0,1,1,3.0,False,False,True,False,False,True,False,False,True,2021,7,1,3,2,2,0,1,13.36677115171173,557.0845806518073,0.40699608708923724,0.4861,3.0,0.6216
C1681,58.0,409371.42,726578.19,647.7497136,1,97,54.9,0,0,1,1.0,False,True,False,False,False,False,True,False,False,2024,6,16,6,1,1,0,0,12.922380583061717,852.3955595848678,-0.5187884338957147,1.7749,16.17,0.549
C1682,53.0,292237.22,106028.17,626.3789776,7,135,69.25,0,0,1,2.0,False,False,False,False,False,False,True,False,False,2022,3,18,4,0,0,0,2,12.58532457056641,325.6196707817266,-1.1809063753756717,0.3628,22.5,0.6925
C1683,40.31739130434783,565043.54,175798.89,609.2034832,0,28,31.0,0,0,1,2.0,False,False,True,True,False,False,False,False,False,2022,6,13,0,1,2,0,1,13.244659838879917,419.28378218099493,0.1464204452684147,0.3111,4.67,0.31
C1684,35.0,761543.29,463618.35,696.9234632,0,69,83.07,0,0,1,1.0,False,False,True,False,False,False,True,True,False,2020,3,23,0,2,3,0,0,13.543103611149347,680.8952562619305,0.7918066436969255,0.6088,11.5,0.8307
C1685,50.0,638431.4485222222,332007.93,592.0745158817778,0,142,30.97,0,1,1,1.0,True,False,False,False,False,False,False,False,False,2018,11,8,3,2,2,0,2,13.36677115171173,576.2012929523848,0.40699608708923724,0.52,23.67,0.3097
C1686,37.0,663246.91,337355.45,660.0597528,4,17,86.85,0,0,0,2.0,False,False,False,False,False,False,False,False,False,2024,8,22,3,2,2,0,1,13.40490412084538,580.8230797755888,0.4893525167194988,0.5086,2.83,0.8685
C1687,25.0,229317.25,81192.46,602.34538,6,146,53.71,0,0,1,2.0,False,True,False,False,False,True,False,False,False,2025,1,13,0,0,0,0,2,12.34286605573557,284.9429065619988,-1.6368953884901687,0.3541,24.33,0.5371
C1688,49.0,236436.54,77577.07,573.9149232,7,104,61.24,0,0,0,2.0,False,False,False,False,False,False,False,False,False,2020,9,21,0,0,0,0,2,12.373439350553271,278.52660555142666,-1.5803069818499922,0.3281,17.33,0.6124
C1689,24.0,638431.4485222222,284843.52,628.0745158817778,2,142,87.24,0,1,0,2.0,False,False,False,False,False,False,True,False,False,2019,2,22,4,2,2,0,2,13.36677115171173,533.7073355313753,0.40699608708923724,0.4462,23.67,0.8724
C1690,30.0,676379.5,178520.69,665.11036,4,103,42.49,0,0,0,2.0,False,False,False,False,False,False,True,False,False,2021,5,20,3,2,2,0,2,13.424511066495786,422.51708841181795,0.5318818817041739,0.2639,17.17,0.4249
C1691,37.0,743276.87,552695.84,608.4621496,4,59,33.64,1,0,1,1.0,False,False,False,False,False,False,True,False,False,2024,9,25,2,2,3,0,0,13.518825237634626,743.4351619341124,0.7382171943446523,0.7436,9.83,0.3364
C1692,30.0,255222.55,77577.07,640.0686486114522,4,67,53.43,0,0,0,2.0,False,False,False,False,True,False,False,False,False,2019,5,11,5,0,0,0,0,12.449895106759445,278.52660555142666,-1.4376520163541695,0.304,11.17,0.5343
C1693,37.0,728273.1,334270.44,695.261848,2,75,38.33,0,0,1,1.0,True,False,False,False,False,False,False,False,False,2024,5,7,1,2,3,0,0,13.498432767305358,578.1612577819444,0.693355769234685,0.459,12.5,0.3833
C1694,40.0,535833.56,123963.67,630.8666848,4,103,59.59,0,0,1,1.0,True,False,False,True,False,False,False,False,False,2018,6,18,0,1,1,0,2,13.191580735692233,352.0847483206281,0.034635117125746,0.2313,17.17,0.5959
C1695,44.0,301473.51,77577.07,594.1178808,3,70,40.64,0,0,1,3.0,False,False,True,False,False,False,False,False,False,2021,11,23,1,0,0,0,0,12.616440747628404,278.52660555142666,-1.121175487084904,0.2573,11.67,0.4064
C1696,25.0,234731.22,139740.19,584.7784976,0,83,84.84,0,0,0,2.0,True,False,False,False,False,False,False,False,True,2023,12,23,5,0,0,0,0,12.366200654052985,373.8183917358802,-1.5937286349659652,0.5953,13.83,0.8484
C1697,54.0,554822.06,326383.37,644.3857648000001,7,77,65.55,0,0,1,2.0,False,False,True,False,True,False,False,False,False,2022,10,21,4,1,1,0,0,13.226404531086791,571.2997199369172,0.10787396394762334,0.5883,12.83,0.6555
C1698,26.0,993768.71,218461.48,618.5014968,7,51,20.02,0,0,1,2.0,False,False,True,False,False,False,False,False,False,2022,2,26,5,3,3,0,1,13.809260778716252,467.39863072114366,1.3922826122469458,0.2198,8.5,0.2002
C1699,22.0,498588.97,100056.28,611.8871176,0,85,80.41,0,0,2,2.0,False,True,False,False,False,True,False,True,False,2018,10,10,2,1,1,0,0,13.119539333543546,316.31673999331747,-0.11566697865706577,0.2007,14.17,0.8041
C1700,33.0,292375.3,77577.07,616.390024,6,130,44.77,1,0,0,1.0,False,False,False,False,False,False,True,False,True,2023,9,4,0,0,0,0,2,12.585796950221187,278.52660555142666,-1.1800016756769276,0.2653,21.67,0.4477
C1701,31.0,209457.99,115120.24,650.0006512,1,56,44.02,0,0,1,1.0,True,False,False,False,False,False,True,False,False,2021,10,29,4,0,0,0,0,12.252283247392471,339.2937370480039,-1.803039097785006,0.5496,9.33,0.4402
C1702,43.0,1133952.6,624519.73,640.0686486114522,5,150,48.73,0,0,1,1.0,False,True,False,False,True,False,False,True,False,2018,2,21,2,4,3,0,2,13.941220845325123,790.265607248601,1.6990138864154805,0.5507,25.0,0.4873
C1703,40.31739130434783,867193.87,193272.32,632.3755096,3,150,67.27,0,0,0,3.0,True,False,False,False,False,False,True,True,False,2022,9,17,5,3,3,0,2,13.673018994059616,439.6274786680196,1.0819109159762195,0.2229,25.0,0.6727
C1704,51.0,577314.39,284534.14,642.1851512,2,27,53.15,0,0,1,2.0,False,False,True,False,False,True,False,True,False,2023,7,1,5,1,2,0,1,13.26614399927675,533.4174162885947,0.19192026217675467,0.4929,4.5,0.5315
C1705,31.0,1102285.91,691373.14,620.1828728,5,144,67.15,0,0,1,2.0,True,False,False,False,True,False,False,False,False,2019,3,9,5,4,3,0,2,13.912897588710797,831.4885086397767,1.6326654295933976,0.6272,24.0,0.6715
C1706,36.0,1203457.09,726578.19,712.6953728,0,25,31.01,0,0,1,2.0,False,False,False,True,False,False,False,True,False,2022,11,11,4,4,3,1,1,14.000709712167255,852.3955595848678,1.8392911871460735,0.6037,4.17,0.3101
C1707,28.0,365101.14,277630.9,670.2080912,4,68,92.76,0,0,0,3.0,False,False,True,False,False,False,True,False,False,2022,1,23,6,0,1,0,0,12.807932429034384,526.906917775806,-0.7473792508326652,0.7604,11.33,0.9276
C1708,24.0,663525.61,263064.24,594.0820487999999,7,76,74.72,0,0,1,1.0,False,False,True,False,False,False,False,True,False,2023,2,27,0,2,2,0,0,13.405324237451325,512.8978845735279,0.4902624783796192,0.3965,12.67,0.7472
C1709,24.0,309790.29,87205.8,572.3327784,6,134,38.77,0,0,0,2.0,False,True,False,False,False,True,False,True,False,2019,9,19,3,0,0,0,2,12.643654091656826,295.30628168056296,-1.068707272941417,0.2815,22.33,0.3877
C1710,45.0,282771.29,96751.77,631.6217032,6,73,74.31,0,0,0,2.0,False,False,False,False,False,True,False,False,False,2022,11,19,5,0,0,0,0,12.552397223762464,311.0494655195537,-1.2438108451867047,0.3422,12.17,0.7431
C1711,23.0,747421.01,497560.33,594.7936808,1,72,63.13,0,0,1,3.0,False,False,True,False,False,False,True,True,False,2019,12,23,0,2,3,0,0,13.524385244355601,705.3795644899277,0.7504725104505028,0.6657,12.0,0.6313
C1712,52.0,782827.25,612868.04,618.62618,1,132,28.19,0,0,1,3.0,False,False,False,True,False,False,False,False,False,2023,11,8,2,2,3,0,2,13.5706686022535,782.8588889448724,0.8528878896260279,0.7829,22.0,0.2819
C1713,23.0,242666.64,116440.23,640.0686486114522,0,111,33.36,0,0,1,1.0,True,False,False,False,False,False,False,True,False,2021,1,11,0,0,0,0,2,12.39944804949168,341.23339520041117,-1.5319623237971527,0.4798,18.5,0.3336
C1714,47.0,247647.41,94901.44,640.0686486114522,3,113,23.1,0,0,1,3.0,False,False,False,True,False,False,False,False,False,2024,11,27,2,0,0,0,2,12.41976531764447,308.06077322502455,-1.4940652706359014,0.3832,18.83,0.231
C1715,49.0,382782.67,700514.24,665.6226136,6,76,80.69,0,0,1,3.0,False,False,True,True,False,False,False,False,False,2024,1,14,6,0,1,0,0,12.855225278298859,836.9672872938345,-0.6533957615970907,1.8301,12.67,0.8069
C1716,52.0,330638.97,126597.66,604.4511176,5,107,61.38,0,0,0,1.0,False,True,False,False,False,False,True,False,False,2023,6,4,6,0,0,0,2,12.708785358452486,355.8056491962993,-0.9422580846801366,0.3829,17.83,0.6138
C1717,39.0,635437.37,224876.53,590.8349896,1,145,43.76,1,0,0,2.0,False,False,True,False,False,False,False,False,False,2023,3,20,0,2,2,0,2,13.362070386152018,474.2114823578189,0.3968763697139778,0.3539,24.17,0.4376
C1718,41.0,502036.15,279257.84,613.162892,7,69,29.48,0,0,0,2.0,False,False,False,False,False,False,True,False,False,2022,11,20,6,1,1,0,0,13.12642939991977,528.4485216177636,-0.10136223594008852,0.5563,11.5,0.2948
C1719,40.31739130434783,927917.81,194344.58,706.2334248,7,138,56.3,1,0,1,3.0,False,False,False,False,False,False,True,False,False,2024,8,23,4,3,3,1,2,13.740699518716795,440.84530166488105,1.2353000122806754,0.2094,23.0,0.563
C1720,38.0,582154.85,207090.73,666.572388,0,116,59.39,0,0,0,1.0,False,False,True,False,False,True,False,False,False,2021,1,4,0,1,2,0,2,13.274493474371127,455.0722250368616,0.20964267897345293,0.3557,19.33,0.5939
C1721,48.0,342998.98,204711.82,605.4399184,3,83,72.65,0,0,0,3.0,False,False,False,False,False,False,True,True,False,2021,8,13,4,0,0,0,0,12.745485667839038,452.45090341384,-0.8704596309532069,0.5968,13.83,0.7265
C1722,42.0,209457.99,77577.07,572.3327784,0,130,92.75,0,0,1,2.0,True,False,False,False,True,False,False,False,False,2020,10,2,4,0,0,0,2,12.252283247392471,278.52660555142666,-1.803039097785006,0.3704,21.67,0.9275
C1723,41.0,539663.35,134873.25,641.1730680000001,0,125,52.62,0,0,1,2.0,False,False,True,False,False,False,False,False,False,2018,12,21,4,1,1,0,2,13.198702651209132,367.25093600969893,0.049582273261498395,0.2499,20.83,0.5262
C1724,26.0,209457.99,77577.07,572.3327784,3,91,50.45,0,0,1,2.0,False,True,False,False,False,True,False,False,False,2021,2,16,1,0,0,0,0,12.252283247392471,278.52660555142666,-1.803039097785006,0.3704,15.17,0.5045
C1725,21.0,340671.73,247560.31,572.3327784,3,52,47.74,0,0,1,2.0,False,False,True,False,False,False,False,False,False,2023,1,21,5,0,0,0,1,12.738677559353729,497.5543286918525,-0.8838085433073791,0.7267,8.67,0.4774
C1726,25.0,328749.15,216623.24,587.299932,3,92,82.02,1,0,1,3.0,True,False,False,False,False,True,False,False,False,2020,9,25,4,0,0,0,0,12.703053318747772,465.42801806509243,-0.953436251668192,0.6589,15.33,0.8202
C1727,32.0,369669.66,78848.31,672.5735728,7,72,31.72,0,0,1,3.0,True,False,False,False,True,False,False,False,False,2023,3,19,6,0,1,0,0,12.820367780130844,280.7994123925476,-0.7227315267263512,0.2133,12.0,0.3172
C1728,46.0,237086.7,118787.0,645.966936,7,105,45.79,0,0,1,3.0,True,False,False,False,False,False,True,True,False,2024,5,23,3,0,0,0,2,12.376185393862634,344.6548998636172,-1.57521157883385,0.501,17.5,0.4579
C1729,54.0,328107.92,119697.87,669.2486336,0,21,74.37,0,0,0,1.0,True,False,False,False,False,True,False,False,False,2024,11,4,0,0,0,0,1,12.70110090541292,345.973799586038,-0.957241496628138,0.3648,3.5,0.7437
C1730,34.0,918270.71,541033.53,641.4616568,1,42,21.18,0,0,2,2.0,True,False,False,False,False,True,False,False,False,2022,4,2,5,3,3,0,1,13.73024860620123,735.5498147644387,1.211512500089412,0.5892,7.0,0.2118
C1731,46.0,916879.8,726578.19,613.350384,2,142,41.7,0,0,0,1.0,False,True,False,False,False,True,False,False,False,2021,10,9,5,3,3,0,2,13.728732753694413,852.3955595848678,1.2080653391463498,0.7924,23.67,0.417
C1732,40.31739130434783,1135830.75,726578.19,693.86646,2,58,68.11,0,0,0,2.0,False,False,False,False,True,False,False,False,True,2018,4,28,5,4,3,0,0,13.942875759899884,852.3955595848678,1.7028993270286388,0.6397,9.67,0.6811
C1733,29.0,1203457.09,726578.19,712.6953728,0,138,33.95,0,0,1,2.0,True,False,False,False,False,False,False,False,True,2023,7,18,1,4,3,1,2,14.000709712167255,852.3955595848678,1.8392911871460735,0.6037,23.0,0.3395
C1734,46.0,567599.03,452189.15,638.4079224,0,138,42.7,0,0,0,2.0,True,False,False,False,True,False,False,True,False,2021,8,24,1,1,2,0,2,13.249172277122145,672.4501096735728,0.15596485386384454,0.7967,23.0,0.427
C1735,42.0,925728.51,726578.19,639.0582808,1,56,56.45,0,0,1,2.0,False,False,True,False,False,True,False,False,False,2020,1,15,2,3,3,0,0,13.738337365125565,852.3955595848678,1.2299202062083268,0.7849,9.33,0.5645
C1736,50.0,217757.31,158810.41,613.4205848,3,19,51.65,0,0,1,3.0,False,True,False,False,False,True,False,False,False,2023,6,21,2,0,0,0,1,12.291141057017558,398.5102382624567,-1.7320441718787458,0.7293,3.17,0.5165
C1737,37.0,761538.25,414978.72,638.92306,0,72,27.95,0,0,1,1.0,False,True,False,False,False,False,True,False,False,2020,5,18,0,2,3,0,0,13.543096992996281,644.1884196413345,0.791792008869432,0.5449,12.0,0.2795
C1738,46.0,1000779.34,439145.84,669.0623472,6,116,90.37,1,0,1,2.0,False,False,False,False,True,False,False,False,False,2021,12,24,4,3,3,0,2,13.816290593657314,662.6807979713914,1.4084700915712582,0.4388,19.33,0.9037
C1739,56.0,299860.25,125531.03,572.3327784,7,108,23.32,1,0,1,2.0,False,True,False,False,True,False,False,False,False,2020,11,24,1,0,0,0,2,12.611075146652224,354.30358451474916,-1.1314952632448836,0.4186,18.0,0.2332
C1740,21.0,1045966.12,216802.47,686.6772896,4,11,76.23,0,0,1,1.0,False,False,True,True,False,False,False,True,False,2021,10,26,1,4,3,0,1,13.86045248907853,465.62052145497194,1.5105529503557495,0.2073,1.83,0.7623
C1741,28.0,1203457.09,529932.85,712.6953728,3,55,25.36,0,0,1,1.0,False,False,True,False,False,False,False,False,False,2021,2,19,4,4,3,1,0,14.000709712167255,727.964868657822,1.8392911871460735,0.4403,9.17,0.2536
C1742,55.0,749990.39,473457.64,673.9992312,6,62,55.05,0,0,1,3.0,False,False,False,True,False,False,False,True,False,2024,9,7,5,2,3,0,0,13.527817005446597,688.0825822530317,0.7580418745985368,0.6313,10.33,0.5505
C1743,35.0,1203457.09,726578.19,712.6953728,7,113,33.16,0,0,1,3.0,False,False,True,True,False,False,False,False,False,2021,2,5,4,4,3,1,2,14.000709712167255,852.3955595848678,1.8392911871460735,0.6037,18.83,0.3316
C1744,42.0,264110.58,198044.19,671.1288464,0,115,30.58,0,0,1,3.0,True,False,False,False,False,False,False,True,False,2024,3,26,1,0,0,0,2,12.484126944351612,445.0215612754061,-1.3732478784138353,0.7499,19.17,0.3058
C1745,34.0,880338.84,202489.69,629.4271072,4,35,29.44,1,0,1,3.0,True,False,False,False,False,False,True,False,False,2018,2,11,6,3,3,0,1,13.688063293723564,449.9885442986299,1.1158722597955566,0.23,5.83,0.2944
C1746,40.31739130434783,278152.59,81544.87,603.2522072,6,96,53.96,0,0,0,1.0,False,False,True,False,False,False,True,False,False,2023,10,18,2,0,0,0,0,12.535928722125163,285.5606240362981,-1.2751558301376977,0.2932,16.0,0.5396
C1747,48.0,599204.03,403591.64,651.9363224,5,110,58.66,0,0,1,2.0,False,False,False,False,False,False,False,True,False,2020,2,22,5,1,2,0,2,13.303359105675948,635.2886273183237,0.27108370682537564,0.6735,18.33,0.5866
C1748,43.0,633555.14,262991.64,601.6844112,1,17,30.0,0,0,1,2.0,False,True,False,False,False,False,False,False,False,2018,12,17,0,2,2,0,1,13.359103893601448,512.8271053678812,0.3904938366754172,0.4151,2.83,0.3
C1749,34.0,638431.4485222222,173019.52,585.0745158817778,7,150,93.45,1,1,1,2.0,False,False,False,False,True,False,False,False,False,2020,9,15,1,2,2,0,2,13.36677115171173,415.9561515352309,0.40699608708923724,0.271,25.0,0.9345
C1750,44.0,611207.54,487664.35,624.8966032,4,123,39.33,1,0,1,2.0,False,True,False,False,True,False,False,False,False,2022,7,23,5,2,2,0,2,13.323193489249922,698.3296857502193,0.3134561701692232,0.7979,20.5,0.3933
C1751,22.0,1203457.09,726578.19,712.6953728,0,145,54.41,0,0,1,2.0,False,False,True,False,True,False,False,True,False,2023,6,25,6,4,3,1,2,14.000709712167255,852.3955595848678,1.8392911871460735,0.6037,24.17,0.5441
C1752,46.0,209457.99,77577.07,613.37892,2,119,36.22,0,0,1,2.0,False,False,True,False,True,False,False,True,False,2024,3,24,6,0,0,0,2,12.252283247392471,278.52660555142666,-1.803039097785006,0.3704,19.83,0.3622
C1753,34.0,474662.55,329419.84,664.973004,6,61,57.04,0,0,1,2.0,True,False,False,False,False,True,False,False,False,2020,9,11,4,1,1,0,0,13.070361516253156,573.9510780545673,-0.21733839511164108,0.694,10.17,0.5704
C1754,27.0,1203457.09,726578.19,640.0686486114522,0,130,76.7,0,0,1,1.0,False,True,False,False,False,True,False,True,False,2023,5,5,4,4,3,0,2,14.000709712167255,852.3955595848678,1.8392911871460735,0.6037,21.67,0.767
C1755,23.0,299006.98,201526.18,656.9205584,2,58,59.08,0,0,1,2.0,False,False,False,False,False,False,True,False,False,2023,7,4,1,0,0,0,0,12.60822554097989,448.9166737825629,-1.1369725921686653,0.674,9.67,0.5908
C1756,43.0,209457.99,116574.81,580.533104,1,137,41.42,1,0,0,2.0,False,False,True,False,False,True,False,False,False,2023,1,10,1,0,0,0,2,12.252283247392471,341.43053466261625,-1.803039097785006,0.5566,22.83,0.4142
C1757,38.0,533784.93,133893.12,665.7027944,1,23,38.63,0,0,1,2.0,False,False,False,False,False,True,False,True,False,2018,3,12,0,1,1,0,1,13.187750157418591,365.91408827756277,0.026602279384837307,0.2508,3.83,0.3863
C1758,58.0,756518.78,434078.17,634.5215024,3,81,76.92,0,0,1,1.0,True,False,False,False,True,False,False,True,False,2019,1,17,3,2,3,0,0,13.536483958597083,658.8460897660393,0.7771757650641001,0.5738,13.5,0.7692
C1759,55.0,638431.4485222222,130285.56,697.0745158817778,6,73,28.87,0,1,1,2.0,False,True,False,False,True,False,False,False,True,2021,4,20,1,2,2,0,0,13.36677115171173,360.95091078981915,0.40699608708923724,0.2041,12.17,0.2887
C1760,35.0,293138.26,77577.07,640.0686486114522,3,48,47.75,0,0,0,1.0,False,True,False,False,False,False,False,False,False,2020,6,26,4,0,0,0,1,12.588403065187029,278.52660555142666,-1.1750093006432454,0.2646,8.0,0.4775
C1761,45.0,349700.69,259613.6,677.9760552,2,42,31.36,0,0,1,2.0,False,False,True,False,True,False,False,True,False,2022,7,15,4,0,0,0,1,12.764835755753545,509.52291410691237,-0.8324446016953128,0.7424,7.0,0.3136
C1762,57.0,567928.03,293356.54,610.4342424,2,66,39.35,0,0,1,3.0,False,True,False,False,False,False,False,True,False,2020,9,23,2,1,2,0,0,13.24975174271364,541.6239839593516,0.15719096943705002,0.5165,11.0,0.3935
C1763,48.0,298221.51,191321.38,592.8577208,1,26,31.45,0,0,0,2.0,False,False,True,False,False,False,False,False,True,2021,6,8,1,0,0,0,1,12.60559516471467,437.4029949600254,-1.1420264528706423,0.6415,4.33,0.3145
C1764,30.0,235428.54,165529.95,623.8342832,4,77,86.51,0,0,1,2.0,True,False,False,False,False,True,False,False,False,2024,7,10,2,0,0,0,0,12.369166954465449,406.85372064170684,-1.588230423198047,0.7031,12.83,0.8651
C1765,40.31739130434783,428686.05,329981.97,616.294884,2,129,74.89,1,0,1,2.0,False,True,False,False,True,False,False,False,False,2022,2,20,6,1,1,0,2,12.968482444525424,574.4405713387591,-0.42559219135681586,0.7698,21.5,0.7489
C1766,37.0,290805.66,209848.77,643.2644528,2,9,62.07,0,0,1,2.0,False,False,True,False,False,True,False,True,False,2023,4,23,6,0,0,0,1,12.580413926717624,458.0925343203052,-1.1903074219695167,0.7216,1.5,0.6207
C1767,59.0,613145.08,300433.04,630.0516064,6,58,36.83,0,0,0,3.0,False,False,False,False,True,False,False,False,False,2024,3,17,6,2,2,0,0,13.326358489954371,548.1177245811341,0.3202292861292507,0.49,9.67,0.3683
C1768,42.0,998773.76,401089.75,639.9019008,4,90,58.27,0,0,1,2.0,False,False,True,False,False,True,False,False,False,2023,12,15,4,3,3,0,0,13.814284566744066,633.3164690737167,1.4038490927024831,0.4016,15.0,0.5827
C1769,46.0,1203457.09,597225.43,712.6953728,3,7,59.06,0,0,0,2.0,False,True,False,False,False,True,False,False,False,2021,11,9,1,4,3,1,1,14.000709712167255,772.8036167099634,1.8392911871460735,0.4963,1.17,0.5906
C1770,45.0,638431.4485222222,281032.98,613.0745158817778,3,42,64.28,1,1,2,2.0,True,False,False,False,False,True,False,True,False,2022,10,9,6,2,2,0,1,13.36677115171173,530.1254379861431,0.40699608708923724,0.4402,7.0,0.6428
C1771,37.0,697518.76,292885.44,613.8015008,2,146,24.51,0,0,1,1.0,False,True,False,False,False,False,True,False,True,2024,3,4,0,2,2,0,2,13.455286122025482,541.1889134119434,0.5988889532425099,0.4199,24.33,0.2451
C1772,40.31739130434783,351644.31,188391.65,651.1315448,6,146,92.97,0,0,1,2.0,False,True,False,False,False,True,False,True,False,2021,9,16,3,0,0,0,2,12.770378304522241,434.04106948536565,-0.821535390564415,0.5357,24.33,0.9297
C1773,40.0,363830.28,218045.54,640.0686486114522,3,77,54.91,1,0,1,2.0,False,False,True,True,False,False,False,True,False,2021,12,12,6,0,1,0,0,12.804445522678389,466.95346663238297,-0.7542822827817529,0.5993,12.83,0.5491
C1774,45.0,990763.3,726578.19,676.261064,3,42,89.49,0,0,1,2.0,False,False,False,True,False,False,False,False,False,2023,2,2,3,3,3,0,1,13.806231944458487,852.3955595848678,1.3853134129625764,0.7334,7.0,0.8949
C1775,24.0,420004.08,267555.92,631.6003264,5,129,20.74,0,0,1,2.0,False,True,False,True,False,False,False,False,False,2021,1,14,3,1,1,0,2,12.9480220854245,517.2580787189312,-0.46703302563323834,0.637,21.5,0.2074
C1776,30.0,508958.14,298376.26,679.7166512,6,74,38.57,0,0,0,2.0,False,False,False,False,False,False,False,False,False,2021,6,9,2,1,1,0,0,13.14012301726133,546.2382813388311,-0.07288839974846774,0.5862,12.33,0.3857
C1777,23.0,958032.15,384224.03,707.642572,3,69,27.8,0,0,0,1.0,False,False,True,False,False,True,False,False,False,2020,10,26,0,3,3,1,0,13.772637659694608,619.8580724649797,1.3082267576222768,0.4011,11.5,0.278
C1778,38.0,421786.72,93089.31,602.7429376,1,29,77.72,0,0,0,2.0,False,False,False,True,False,False,False,False,False,2020,8,2,6,1,1,0,1,12.95225743327916,305.1054080150006,-0.4584651101435607,0.2207,4.83,0.7772
C1779,56.0,1115966.32,416116.03,706.2773056,0,20,44.01,0,0,1,2.0,False,False,True,False,False,False,False,False,False,2019,5,10,4,4,3,1,1,13.925232138340512,645.0705620317827,1.6615249685650435,0.3729,3.33,0.4401
C1780,42.0,670089.21,442975.03,585.6071368,2,19,83.04,0,0,0,2.0,True,False,False,True,False,False,False,False,False,2020,2,28,4,2,2,0,1,13.415167624094801,665.5636934208476,0.5115994339086298,0.6611,3.17,0.8304
C1781,54.0,628109.0,202981.69,640.0686486114522,7,135,82.43,0,0,2,1.0,False,False,False,False,True,False,False,False,False,2021,7,16,4,2,2,0,2,13.350470589347417,450.5348932102818,0.3719350878794888,0.3232,22.5,0.8243
C1782,28.0,342318.19,214740.62,614.3854552,2,41,70.08,0,0,0,2.0,False,False,False,False,False,False,True,False,False,2019,5,5,6,0,0,0,1,12.743498884880841,463.4011437189166,-0.8743566005106731,0.6273,6.83,0.7008
C1783,39.0,646946.77,354441.37,679.7557416,1,129,69.93,1,0,1,3.0,True,False,False,False,False,True,False,False,False,2024,1,4,3,2,2,0,2,13.380020843794808,595.3497879398295,0.4355582360864773,0.5479,21.5,0.6993
C1784,57.0,386166.82,117052.62,572.8933456,7,117,72.51,1,0,0,1.0,False,False,False,False,False,False,True,False,False,2020,1,29,2,0,1,0,2,12.864027320802629,342.12953687163576,-0.6358299777846965,0.3031,19.5,0.7251
C1785,26.0,632967.83,225953.62,674.6374264,0,5,70.53,0,0,1,2.0,True,False,False,False,False,False,True,False,True,2020,2,24,0,2,2,0,1,13.358176458207739,475.34578992560773,0.38849900379528185,0.357,0.83,0.7053
C1786,40.31739130434783,462312.44,230130.89,574.9849952,0,75,49.02,0,0,1,1.0,False,True,False,False,True,False,False,False,True,2020,6,5,4,1,1,0,0,13.043998381584881,479.7195951803512,-0.2715338791997412,0.4978,12.5,0.4902
C1787,54.0,832131.09,375311.78,700.5704872,1,107,71.21,0,0,1,2.0,False,False,True,False,True,False,False,True,False,2023,6,7,2,3,3,1,2,13.631746469221222,612.6269501091182,0.9891343213963203,0.451,17.83,0.7121
C1788,40.31739130434783,480472.78,320541.8,641.4378224,4,23,87.31,1,0,0,2.0,True,False,False,False,True,False,False,False,False,2021,2,6,5,1,1,0,1,13.08252793774542,566.1641104838773,-0.19225508369232094,0.6671,3.83,0.8731
C1789,57.0,1203457.09,726578.19,712.6953728,4,56,44.94,1,0,0,2.0,False,False,False,False,False,False,False,True,False,2024,8,11,6,4,3,1,0,14.000709712167255,852.3955595848678,1.8392911871460735,0.6037,9.33,0.4494
C1790,53.0,420184.49,228893.27,634.6147592,0,122,90.87,1,0,1,2.0,True,False,False,True,False,False,False,True,False,2023,11,19,6,1,1,0,2,12.948451535621192,478.42791515545997,-0.46616451567281336,0.5447,20.33,0.9087
C1791,42.0,364391.41,252656.19,640.1513128,4,111,21.02,1,0,1,3.0,False,False,False,False,False,True,False,True,False,2024,9,10,1,0,1,0,2,12.805986615391413,502.6491718883062,-0.7512318256753404,0.6934,18.5,0.2102
C1792,41.0,591467.84,317974.13,603.3174272,4,59,46.18,0,0,1,1.0,False,True,False,False,True,False,False,False,False,2021,3,5,4,1,2,0,0,13.290364281384894,563.8919488696394,0.24339102661603865,0.5376,9.83,0.4618
C1793,26.0,884545.37,688736.71,712.6953728,4,18,29.91,0,0,1,1.0,True,False,False,False,False,True,False,True,False,2019,2,16,5,3,3,1,1,13.692830216306756,829.901626700418,1.1266492332822131,0.7786,3.0,0.2991
C1794,26.0,880772.08,290949.37,704.4617664,0,17,29.5,0,0,1,3.0,False,True,False,False,False,True,False,True,False,2020,3,6,4,3,3,1,1,13.688555300799113,539.3972283948074,1.1169842236729184,0.3303,2.83,0.295
C1795,24.0,535914.44,336811.08,640.0686486114522,7,88,81.16,0,0,1,2.0,False,False,True,False,False,True,False,True,False,2021,4,28,2,1,1,0,0,13.191731666413302,580.3542711137741,0.034951717995735834,0.6285,14.67,0.8116
C1796,50.0,589187.08,248617.2,648.1349663999999,4,94,88.88,0,0,0,3.0,False,False,False,False,True,False,False,True,False,2020,7,20,0,1,2,0,0,13.286500732544514,498.61528255760476,0.23516800773582455,0.422,15.67,0.8888
C1797,31.0,589656.79,216627.94,608.1725432,7,31,78.33,0,0,1,2.0,False,False,False,False,True,False,False,False,False,2022,1,18,1,1,2,0,1,13.287297630657848,465.43306715359194,0.23686370254678737,0.3674,5.17,0.7833
C1798,50.0,270268.17,83305.43,585.6214536,2,93,93.25,1,0,1,3.0,False,True,False,True,False,False,False,False,False,2020,1,5,6,0,0,0,0,12.507173667305809,288.626800557398,-1.329700708323953,0.3082,15.5,0.9325
C1799,51.0,858756.24,456430.73,712.6953728,5,141,36.22,0,0,1,2.0,False,False,True,False,True,False,False,False,False,2021,5,23,6,3,3,1,2,13.663241553341964,675.5965734075329,1.0598801923054455,0.5315,23.5,0.3622
C1800,44.0,638431.4485222222,210223.77,674.0745158817778,0,45,30.56,1,1,0,2.0,True,False,False,False,True,False,False,True,False,2018,2,27,1,2,2,0,1,13.36677115171173,458.5016575760659,0.40699608708923724,0.3293,7.5,0.3056
C1801,29.0,638431.4485222222,204432.46,630.0745158817778,1,52,59.05,0,1,0,3.0,True,False,False,False,False,True,False,False,False,2023,12,28,3,2,2,0,1,13.36677115171173,452.14207943963805,0.40699608708923724,0.3202,8.67,0.5905
C1802,23.0,503966.41,400310.17,636.3173128,4,16,82.18,0,0,0,2.0,False,False,False,True,False,False,False,False,False,2019,6,3,0,1,1,0,1,13.13026688226437,632.7006954318922,-0.0933886666273377,0.7943,2.67,0.8218
C1803,51.0,410067.54,279275.86,640.0686486114522,3,142,22.99,0,0,1,1.0,False,True,False,False,False,False,True,False,False,2021,1,28,3,1,1,0,2,12.924079595440729,528.4655712532274,-0.5153652679910996,0.681,23.67,0.2299
C1804,57.0,757581.63,491644.79,666.6065304,0,10,94.67,0,0,1,2.0,False,True,False,False,True,False,False,False,False,2018,7,6,4,2,3,0,1,13.537887892924848,701.1738657422993,0.7802775518399604,0.649,1.67,0.9467
C1805,56.0,625335.74,422999.84,629.0268592,6,45,65.17,0,0,1,1.0,True,False,False,False,True,False,False,False,False,2018,8,12,6,2,2,0,1,13.346045567626552,650.3843786561913,0.36243207562800267,0.6764,7.5,0.6517
C1806,44.0,527556.24,412208.03,674.2044992,1,10,93.42,0,0,0,1.0,False,False,True,False,False,False,True,True,False,2024,3,16,5,1,1,0,1,13.176012650293716,642.034290361504,0.0020171213385482343,0.7814,1.67,0.9342
C1807,51.0,263275.5,143212.92,572.3327784,5,134,47.38,1,0,0,2.0,False,False,True,False,False,True,False,True,False,2021,4,11,6,0,0,0,2,12.480960089697195,378.4348292639038,-1.3792199366103093,0.544,22.33,0.4738
C1808,26.0,496137.34,164790.19,661.6909872,2,19,54.35,0,0,0,2.0,True,False,False,True,False,False,False,False,False,2019,6,2,6,1,1,0,1,13.114610078108864,405.9435798236006,-0.12589172665591702,0.3321,3.17,0.5435
C1809,22.0,475023.09,340746.31,666.0018472,7,149,76.43,0,0,0,2.0,True,False,False,False,False,True,False,False,False,2023,7,4,1,1,1,0,2,13.07112079752025,583.7347942345051,-0.21577433756243386,0.7173,24.83,0.7643
C1810,40.0,552496.68,356713.09,584.1997344,7,20,79.45,1,0,0,2.0,False,True,False,False,False,False,False,False,False,2019,2,25,0,1,1,0,1,13.222204513270206,597.2546274412615,0.09902047456698855,0.6456,3.33,0.7945
C1811,48.0,385956.17,173134.14,649.8764936,6,89,37.48,0,0,1,2.0,False,False,True,False,True,False,False,False,True,2018,2,20,1,0,1,0,0,12.863481683741389,416.0939076698913,-0.6369195526752479,0.4486,14.83,0.3748
C1812,31.0,651836.89,315581.42,693.1469512,1,14,89.74,0,0,0,1.0,True,False,False,False,False,False,False,False,False,2024,6,9,6,2,2,0,1,13.387551175024667,561.7663393262362,0.4518165917293496,0.4841,2.33,0.8974
C1813,24.0,404089.4,180527.52,592.327152,4,142,85.06,0,0,1,1.0,True,False,False,False,True,False,False,False,False,2021,3,10,2,0,1,0,2,12.909393894288458,424.8853021698915,-0.5449251551095091,0.4468,23.67,0.8506
C1814,35.0,619094.0,469251.77,651.52752,3,142,21.37,0,0,1,1.0,False,False,False,False,False,False,False,False,False,2023,4,7,4,2,2,0,2,13.336014013235008,685.0195398672946,0.3409120483112535,0.758,23.67,0.2137
C1815,26.0,638431.4485222222,259279.12,637.0745158817778,4,23,29.64,0,1,1,2.0,True,False,False,False,False,False,True,True,False,2023,5,15,0,2,2,0,1,13.36677115171173,509.1945797040656,0.40699608708923724,0.4061,3.83,0.2964
C1816,50.0,364387.26,283526.29,577.1509808,1,72,57.21,0,0,1,1.0,True,False,False,False,True,False,False,False,True,2022,12,10,5,0,1,0,0,12.805975226505373,532.471867801483,-0.7512543715596987,0.7781,12.0,0.5721
C1817,58.0,319755.79,238589.96,647.5804631999999,0,46,54.57,0,0,1,2.0,False,False,True,False,True,False,False,True,False,2021,10,27,2,0,0,0,1,12.675315954555732,488.4567125140159,-1.0073917472246283,0.7462,7.67,0.5457
C1818,22.0,635394.53,367456.72,642.8315624,6,144,73.13,0,0,1,2.0,False,True,False,False,False,False,False,True,False,2020,1,26,6,2,2,0,2,13.362002965854186,606.1820848556974,0.3967312805456128,0.5783,24.0,0.7313
C1819,35.0,236427.1,129536.77,624.914168,3,150,26.73,0,0,1,3.0,False,False,True,True,False,False,False,False,False,2018,7,30,0,0,0,0,2,12.373399423778295,359.9121698414767,-1.5803810522269972,0.5479,25.0,0.2673
C1820,31.0,901139.74,380329.24,656.0911791999999,7,88,68.36,0,0,1,1.0,False,True,False,False,False,False,False,False,False,2020,10,31,5,3,3,0,0,13.711416728609402,616.7083913812103,1.1687430344553718,0.4221,14.67,0.6836
C1821,28.0,491899.37,103792.26,639.3519496,6,138,66.23,1,0,1,2.0,False,False,False,False,True,False,False,False,False,2023,5,11,3,1,1,0,2,13.106031474968551,322.1680617317613,-0.14366827704344826,0.211,23.0,0.6623
C1822,46.0,459035.52,126957.25,640.0686486114522,6,57,37.52,0,0,1,2.0,True,False,False,False,True,False,False,False,False,2019,4,13,5,1,1,0,0,13.036885050147767,356.3106088793877,-0.2861202549343018,0.2766,9.5,0.3752
C1823,25.0,660207.04,430810.71,602.8165632,3,102,60.68,0,0,1,3.0,False,False,False,True,False,False,False,False,False,2018,9,25,1,2,2,0,0,13.400310276454917,656.3617219186384,0.4794061134370465,0.6525,17.0,0.6068
C1824,26.0,638051.95,308130.65,607.044156,7,46,36.67,1,0,1,3.0,False,True,False,False,False,True,False,False,False,2022,6,30,3,2,2,0,1,13.366176552613545,555.095172020078,0.4057156510111176,0.4829,7.67,0.3667
C1825,46.0,490698.39,142254.88,679.2558712,7,34,31.02,1,0,0,1.0,False,False,True,True,False,False,False,False,False,2023,7,8,5,1,1,0,1,13.103586978955152,377.1669126527405,-0.14872956246777289,0.2899,5.67,0.3102
C1826,24.0,792730.84,284096.11,628.4184672,1,13,62.99,1,0,0,1.0,False,False,True,False,False,True,False,False,True,2018,10,31,2,2,3,0,1,13.583240284538084,533.0066697518897,0.8808295212279497,0.3584,2.17,0.6299
C1827,39.0,337792.28,259661.65,596.0233824,5,38,93.31,1,0,0,3.0,False,False,False,False,True,False,False,True,False,2024,6,21,4,0,0,0,1,12.730189389729896,509.5700638773828,-0.9004325141326028,0.7687,6.33,0.9331
C1828,40.0,723456.77,304054.2,609.8765416,5,92,37.77,0,0,0,2.0,False,True,False,False,False,False,True,True,False,2025,1,22,2,2,3,0,0,13.491797454310746,551.4110989089719,0.6787883271938976,0.4203,15.33,0.3777
C1829,53.0,270156.61,201161.09,666.6125288,4,149,46.65,0,0,1,2.0,False,False,False,False,False,False,True,True,False,2018,8,8,2,0,0,0,2,12.5067608084109,448.5098549641914,-1.330482138395551,0.7446,24.83,0.4665
C1830,40.0,638431.4485222222,244379.75,635.0745158817778,1,54,39.24,0,1,0,2.0,False,False,False,False,False,False,False,False,False,2019,9,14,5,2,2,0,0,13.36677115171173,494.34780266528946,0.40699608708923724,0.3828,9.0,0.3924
C1831,32.0,408264.16,214719.21,621.6611328,3,80,39.98,0,0,1,2.0,True,False,False,True,False,False,False,True,False,2019,9,4,2,1,1,0,0,12.91967214425226,463.37804220743993,-0.5242435844135631,0.5259,13.33,0.3998
C1832,21.0,237732.81,77577.07,665.0186248,1,50,50.31,0,0,1,3.0,False,False,False,True,False,False,False,False,False,2024,4,24,2,0,0,0,1,12.378906881348675,278.52660555142666,-1.5701596670594586,0.3263,8.33,0.5031
C1833,46.0,563066.8,288923.69,687.045344,3,50,72.64,0,0,0,3.0,True,False,False,False,False,False,True,True,False,2021,5,29,5,1,2,0,1,13.241155326158909,537.5162230109897,0.13901239344285093,0.5131,8.33,0.7264
C1834,34.0,479771.6,279306.33,661.381728,6,130,22.91,0,0,1,2.0,True,False,False,False,False,True,False,False,False,2018,12,15,5,1,1,0,2,13.081067520629087,528.4943992134638,-0.19526842216146614,0.5822,21.67,0.2291
C1835,58.0,638431.4485222222,217438.94,619.0745158817778,4,21,91.78,0,1,0,2.0,False,False,True,True,False,False,False,False,True,2020,10,13,1,2,2,0,1,13.36677115171173,466.30348486795594,0.40699608708923724,0.3406,3.5,0.9178
C1836,57.0,209457.99,83687.05,572.3327784,0,70,23.47,0,0,0,3.0,True,False,False,False,False,True,False,False,False,2019,5,1,2,0,0,0,0,12.252283247392471,289.2871410899558,-1.803039097785006,0.3995,11.67,0.2347
C1837,31.0,638431.4485222222,375589.64,611.0745158817778,6,108,86.09,0,1,0,1.0,True,False,False,False,False,True,False,False,False,2024,4,4,3,2,2,0,2,13.36677115171173,612.8536856379343,0.40699608708923724,0.5883,18.0,0.8609
C1838,40.31739130434783,1190667.08,726578.19,669.2533664,7,9,87.08,0,0,0,1.0,False,False,True,False,False,True,False,False,True,2022,9,1,3,4,3,0,1,13.99002511931979,852.3955595848678,1.8140040621373859,0.6102,1.5,0.8708
C1839,33.0,583359.12,388425.0,659.6687296,0,127,59.34,0,0,1,3.0,False,False,False,False,False,True,False,False,False,2024,10,19,5,1,2,0,2,13.276559976177296,623.2375149170659,0.21403242231015965,0.6658,21.17,0.5934
C1840,23.0,338552.08,130953.14,635.0841664,1,129,30.27,1,0,1,2.0,False,True,False,False,False,False,False,True,False,2024,9,7,5,0,0,0,2,12.73243616849462,361.8744810013549,-0.8960342884244282,0.3868,21.5,0.3027
C1841,53.0,886492.76,479296.65,604.9194208,3,116,62.39,1,0,1,1.0,False,True,False,False,False,False,False,True,False,2024,12,8,6,3,3,0,2,13.695029365554536,692.3125378035559,1.1316236312598393,0.5407,19.33,0.6239
C1842,26.0,805302.28,635341.15,694.4241824000001,0,20,67.15,0,0,1,1.0,False,True,False,False,False,False,True,True,False,2020,7,13,0,2,3,0,1,13.598974230791608,797.0829003309506,0.9158739443995924,0.7889,3.33,0.6715
C1843,30.0,638431.4485222222,471728.38,611.0745158817778,6,85,84.33,1,1,0,3.0,False,False,False,False,False,False,False,False,True,2023,11,11,5,2,2,0,0,13.36677115171173,686.8248539474965,0.40699608708923724,0.7389,14.17,0.8433
C1844,40.31739130434783,712221.17,549549.33,645.9776936,3,95,61.32,0,0,0,2.0,True,False,False,True,False,False,False,False,True,2022,4,8,4,2,3,0,0,13.476145178237697,741.3159447900739,0.6444821108884072,0.7716,15.83,0.6132
C1845,43.0,795913.89,343581.57,668.6731112,4,139,50.8,0,0,0,2.0,False,True,False,False,False,False,False,False,False,2023,1,20,4,2,3,0,2,13.58724753699939,586.1583147921729,0.8897470708936707,0.4317,23.17,0.508
C1846,30.0,730956.84,491317.66,639.4765472,6,140,82.87,0,0,1,1.0,False,False,False,True,False,False,False,False,False,2022,12,19,0,2,3,0,2,13.502111062650078,700.9405538274982,0.7014375064679408,0.6722,23.33,0.8287
C1847,22.0,376010.47,215054.97,643.0808376,7,76,93.57,0,0,1,3.0,True,False,False,True,False,False,False,True,False,2021,5,2,6,0,1,0,0,12.837374927225902,463.74019666188093,-0.6889475933103848,0.5719,12.67,0.9357
C1848,33.0,209457.99,77577.07,617.8951128,1,100,68.38,1,0,1,3.0,False,False,True,False,False,True,False,True,False,2024,8,7,2,0,0,0,0,12.252283247392471,278.52660555142666,-1.803039097785006,0.3704,16.67,0.6838
C1849,22.0,367094.85,254906.34,605.367588,3,115,85.58,0,0,1,2.0,False,True,False,False,False,False,True,False,False,2022,10,23,6,0,1,0,2,12.813378264599452,504.8825011822058,-0.7365908924396172,0.6944,19.17,0.8558
C1850,40.0,897811.43,544307.85,611.8249144,1,86,64.91,1,0,0,2.0,True,False,False,False,False,True,False,True,False,2021,6,4,4,3,3,0,0,13.70771645018846,737.7722209462755,1.16035346165239,0.6063,14.33,0.6491
C1851,21.0,638431.4485222222,203883.35,597.0745158817778,3,42,71.73,0,1,1,1.0,False,True,False,False,False,True,False,False,True,2024,5,18,5,2,2,0,1,13.36677115171173,451.53443943956256,0.40699608708923724,0.3194,7.0,0.7173
C1852,40.31739130434783,451349.62,111863.9,572.3327784,6,58,71.61,1,0,1,3.0,False,True,False,False,False,False,False,False,True,2024,12,18,2,1,1,0,0,13.019999744382165,334.46061053582974,-0.3206824205312862,0.2478,9.67,0.7161
C1853,29.0,257511.15,180827.75,590.600892,5,80,72.86,1,0,1,2.0,False,True,False,False,False,False,False,False,False,2018,9,4,1,0,0,0,0,12.458822182438796,425.23846251250603,-1.420888415350804,0.7022,13.33,0.7286
C1854,37.0,361096.58,89314.02,572.3327784,5,19,44.08,0,0,0,3.0,True,False,False,True,False,False,False,False,False,2024,11,2,5,0,1,0,1,12.796903505498424,298.8545130996017,-0.7692008651899865,0.2473,3.17,0.4408
C1855,29.0,486504.27,123967.28,650.9203416,3,120,63.17,0,0,0,2.0,False,False,False,False,False,False,False,False,False,2019,2,11,0,1,1,0,2,13.095003013026401,352.0898748899207,-0.16648780351461082,0.2548,20.0,0.6317
C1856,31.0,641079.79,292617.65,631.2863832,4,13,64.56,0,0,1,3.0,True,False,False,False,False,False,False,True,False,2020,5,1,4,2,2,0,1,13.370910765402254,540.9414478481012,0.4159136837977631,0.4564,2.17,0.6456
C1857,35.0,379927.78,106713.62,651.3942224,1,12,43.63,1,0,1,3.0,False,True,False,False,True,False,False,True,False,2025,1,6,0,0,1,0,1,12.847739093084417,326.67050678014994,-0.6683172994208488,0.2809,2.0,0.4363
C1858,44.0,365603.4,273545.11,659.248272,7,114,46.24,0,0,1,2.0,True,False,False,True,False,False,False,False,False,2020,5,14,3,0,1,0,2,12.809307153500653,523.015401302868,-0.7446567140163816,0.7482,19.0,0.4624
C1859,58.0,777000.72,374646.72,640.0686486114522,2,55,77.17,0,0,1,3.0,False,False,True,True,False,False,False,False,False,2020,12,19,5,2,3,0,0,13.563197842989547,612.0839158154705,0.8363084586942208,0.4822,9.17,0.7717
C1860,40.31739130434783,584724.8,316622.98,608.7779840000001,3,35,63.7,0,0,0,2.0,False,False,False,False,True,False,False,False,False,2018,11,29,3,1,2,0,1,13.27889829838268,562.6926159103209,0.21900121988658566,0.5415,5.83,0.637
C1861,50.0,625789.83,473637.58,669.0631864,3,106,31.19,0,0,0,1.0,True,False,False,True,False,False,False,False,False,2019,10,6,6,2,2,0,2,13.346771456865712,688.2133244859475,0.36399053551906546,0.7569,17.67,0.3119
C1862,51.0,1133222.98,587188.48,712.6953728,5,7,82.82,0,0,1,2.0,False,False,True,False,False,False,True,False,True,2020,9,9,2,4,3,1,1,13.940577208027698,766.2822456510395,1.6975030029923088,0.5182,1.17,0.8282
C1863,40.31739130434783,370351.96,152642.3,611.6281568,0,103,86.23,0,0,1,2.0,False,False,False,False,False,False,True,True,False,2019,12,13,4,0,1,0,2,12.82221177584908,390.69463779273957,-0.7190726803913355,0.4122,17.17,0.8623
C1864,34.0,638431.4485222222,433043.62,672.0745158817778,6,87,54.96,1,1,2,2.0,False,False,True,False,True,False,False,False,False,2024,3,10,6,2,2,0,0,13.36677115171173,658.0604987385278,0.40699608708923724,0.6783,14.5,0.5496
C1865,31.0,662077.49,308336.19,588.9661992,5,47,35.67,0,0,1,1.0,False,False,False,False,False,False,False,False,False,2018,11,4,6,2,2,0,1,13.40313939284556,555.2802805790964,0.48553078857172227,0.4657,7.83,0.3567
C1866,29.0,302752.51,118400.95,667.2202008,1,33,91.07,0,0,0,2.0,True,False,False,False,False,False,True,False,False,2019,10,4,4,0,0,0,1,12.620674255072327,344.0943911196461,-1.113027221252679,0.3911,5.5,0.9107
C1867,54.0,554586.1,351573.02,640.0686486114522,5,14,86.17,0,0,1,2.0,False,False,True,False,True,False,False,False,True,2018,1,11,3,1,1,0,1,13.225979151886085,592.9359324581367,0.10697702548737317,0.6339,2.33,0.8617
C1868,32.0,494948.04,337041.5,671.5958432,2,144,38.33,0,0,1,2.0,False,True,False,False,False,False,True,False,False,2022,8,1,0,1,1,0,2,13.112210086756216,580.5527538475724,-0.13086728705146286,0.681,24.0,0.3833
C1869,55.0,1203457.09,726578.19,712.6953728,4,50,27.17,1,0,1,2.0,False,False,True,False,False,True,False,False,False,2023,1,20,4,4,3,1,1,14.000709712167255,852.3955595848678,1.8392911871460735,0.6037,8.33,0.2717
C1870,55.0,516550.44,406320.98,633.3240352,6,34,53.05,0,0,1,2.0,False,False,False,False,True,False,False,False,False,2024,8,29,3,1,1,0,1,13.154930155999967,637.4331180602401,-0.04203321390761123,0.7866,5.67,0.5305
C1871,21.0,923860.97,620834.73,669.9088776,2,98,70.73,0,0,2,1.0,True,False,False,True,False,False,False,True,False,2023,4,9,6,3,3,0,0,13.736317956348168,787.9306631931518,1.225322514208514,0.672,16.33,0.7073
C1872,42.0,771790.77,510894.67,682.7432616,4,36,33.15,0,0,1,2.0,False,False,False,False,False,False,True,True,False,2021,4,7,2,2,3,0,1,13.556470064644504,714.7689626725547,0.8213937892780643,0.662,6.0,0.3315
C1873,49.0,258820.78,184925.16,592.7056624,2,51,58.49,1,0,1,2.0,False,False,True,True,False,False,False,True,False,2018,5,14,0,0,0,0,1,12.46389499571852,430.02925481878555,-1.4113524778943471,0.7145,8.5,0.5849
C1874,28.0,209457.99,77577.07,631.6875504,7,92,51.91,1,0,1,1.0,False,False,True,False,True,False,False,False,False,2020,8,6,3,0,0,0,0,12.252283247392471,278.52660555142666,-1.803039097785006,0.3704,15.33,0.5191
C1875,31.0,560092.95,233815.76,640.807436,6,67,86.79,0,0,1,3.0,False,True,False,False,False,False,True,False,False,2021,3,26,4,1,2,0,0,13.235859816497022,483.54499273593973,0.12782581598155396,0.4175,11.17,0.8679
C1876,57.0,976308.66,627338.71,685.1046928000001,5,135,52.22,0,0,1,3.0,True,False,False,True,False,False,False,False,False,2021,3,4,3,3,3,0,2,13.791535089664453,792.0471639997204,1.3515416331033105,0.6426,22.5,0.5222
C1877,34.0,572835.09,320691.07,669.8268072,2,27,60.03,0,0,1,2.0,True,False,False,False,False,False,False,True,False,2023,2,3,4,1,2,0,1,13.258354898928676,566.2959208752965,0.17540730327618273,0.5598,4.5,0.6003
C1878,50.0,510613.64,156525.14,614.8490912,5,78,91.65,0,0,0,3.0,False,False,True,False,False,False,False,False,False,2018,10,19,4,1,1,0,0,13.143370455528894,395.6325820758447,-0.06612724373147456,0.3065,13.0,0.9165
C1879,55.0,418215.59,159858.67,606.4572472,6,54,42.48,0,0,1,3.0,True,False,False,False,False,True,False,True,False,2020,8,14,4,1,1,0,0,12.943754735204184,399.82329847071196,-0.4756601719009802,0.3822,9.0,0.4248
C1880,41.0,236055.28,94912.06,572.3327784,5,128,41.67,1,0,1,3.0,False,True,False,False,True,False,False,False,True,2020,12,19,5,0,0,0,2,12.371825530153476,308.07800960146443,-1.5833005159604379,0.4021,21.33,0.4167
C1881,57.0,288287.52,155876.16,620.0630016,1,17,79.97,1,0,0,1.0,False,False,False,True,False,False,False,False,True,2025,1,4,5,0,0,0,1,12.571717063201344,394.81154998302674,-1.2069398937841014,0.5407,2.83,0.7997
C1882,25.0,209457.99,140023.32,619.0264992,5,130,40.82,1,0,1,3.0,True,False,False,False,False,True,False,False,False,2024,8,12,0,0,0,0,2,12.252283247392471,374.196900040607,-1.803039097785006,0.6685,21.67,0.4082
C1883,39.0,638431.4485222222,484885.54,672.0745158817778,0,33,82.39,0,1,2,2.0,False,False,True,False,True,False,False,False,False,2020,3,21,5,2,2,0,1,13.36677115171173,696.3372315193265,0.40699608708923724,0.7595,5.5,0.8239
C1884,34.0,366112.33,237993.31,641.2889864,2,125,27.17,0,0,1,2.0,False,False,False,False,False,False,False,False,False,2022,10,8,5,0,1,0,2,12.810698209262187,487.8455800763188,-0.7419012622588352,0.6501,20.83,0.2717
C1885,46.0,749235.63,528788.21,599.9388504,6,94,28.34,0,0,0,1.0,False,False,False,True,False,False,False,True,False,2019,4,16,1,2,3,0,0,13.526810140508516,727.1782518750131,0.7558206492273141,0.7058,15.67,0.2834
C1886,24.0,638431.4485222222,307760.72,689.0745158817778,3,137,87.6,0,1,0,2.0,False,True,False,False,False,False,True,True,False,2024,2,9,4,2,2,0,2,13.36677115171173,554.7618588187187,0.40699608708923724,0.4821,22.83,0.876
C1887,45.0,562751.93,244158.47,680.0201544,3,82,60.56,0,0,0,1.0,False,False,True,False,False,False,False,False,False,2020,7,9,3,1,2,0,0,13.24059596533028,494.1239419416954,0.1378303432414017,0.4339,13.67,0.6056
C1888,45.0,526694.55,229441.38,649.135564,3,113,73.91,0,0,2,1.0,True,False,False,False,False,False,True,False,False,2019,9,3,1,1,1,0,2,13.174377956603436,479.00039665954347,-0.0014034408561486636,0.4356,18.83,0.7391
C1889,38.0,643371.03,366479.01,631.4696824,6,18,36.9,0,0,1,2.0,False,False,True,False,False,False,True,True,False,2020,12,24,3,2,2,0,1,13.374478420663072,605.3750985959036,0.4236036100466466,0.5696,3.0,0.369
C1890,28.0,276745.0,77577.07,572.3327784,0,140,32.47,0,0,2,3.0,False,False,False,True,False,False,False,False,True,2019,8,6,1,0,0,0,2,12.530855396988562,278.52660555142666,-1.284796434129383,0.2803,23.33,0.3247
C1891,59.0,638431.4485222222,349666.68,583.0745158817778,5,52,82.62,0,1,1,3.0,False,False,True,True,False,False,False,False,False,2018,10,20,5,2,2,0,1,13.36677115171173,591.3262043914509,0.40699608708923724,0.5477,8.67,0.8262
C1892,34.0,225494.86,135089.4,572.3327784,2,145,46.9,0,0,1,2.0,True,False,False,False,False,False,True,True,False,2018,9,2,6,0,0,0,2,12.326057078554564,367.5450992735449,-1.667896797540158,0.5991,24.17,0.469
C1893,52.0,382201.31,177091.16,654.5761048,4,28,54.13,0,0,1,3.0,True,False,False,False,False,True,False,False,False,2019,11,11,0,0,1,0,1,12.853705354726088,420.8220051280589,-0.6564266452391682,0.4633,4.67,0.5413
C1894,40.31739130434783,483352.76,373100.14,640.0686486114522,4,83,22.1,0,0,1,3.0,False,True,False,False,False,False,True,False,False,2021,6,13,6,1,1,0,0,13.088504086904598,610.8192367632179,-0.17991736399880393,0.7719,13.83,0.221
C1895,53.0,742723.91,419585.51,591.4179128,6,55,48.94,0,0,1,3.0,True,False,False,False,False,False,True,False,True,2024,9,3,1,2,3,0,0,13.518081012882204,647.7542049265293,0.736577557150689,0.5649,9.17,0.4894
C1896,43.0,1044052.29,346625.03,699.5241832,1,7,77.78,0,0,1,1.0,True,False,False,True,False,False,False,True,False,2024,5,20,0,4,3,0,1,13.85862109018332,588.7486985123619,1.5063060958911827,0.332,1.17,0.7778
C1897,35.0,638431.4485222222,311254.33,623.0745158817778,0,132,81.6,1,1,1,2.0,False,False,True,False,True,False,False,True,False,2021,3,28,6,2,2,0,2,13.36677115171173,557.9017207358299,0.40699608708923724,0.4875,22.0,0.816
C1898,53.0,638431.4485222222,386405.95,674.0745158817778,2,123,72.41,1,1,0,3.0,False,False,True,False,False,False,False,False,False,2022,12,4,6,2,2,0,2,13.36677115171173,621.615596651178,0.40699608708923724,0.6052,20.5,0.7241
C1899,45.0,309883.98,122149.28,576.7907184,5,62,71.91,0,0,0,2.0,False,False,False,True,False,False,False,True,False,2019,5,25,5,0,0,0,0,12.643956475353765,349.49861230053546,-1.0681230621981466,0.3942,10.33,0.7191
C1900,37.0,638431.4485222222,158193.71,695.0745158817778,3,129,57.97,0,1,1,2.0,False,True,False,False,False,True,False,False,False,2023,4,4,1,2,2,0,2,13.36677115171173,397.73572884517176,0.40699608708923724,0.2478,21.5,0.5797
C1901,53.0,856201.65,470963.46,657.496132,0,117,60.37,0,0,1,2.0,False,False,True,False,False,False,False,False,False,2021,5,30,6,3,3,0,2,13.660262367759438,686.2677757260645,1.0531738581639303,0.5501,19.5,0.6037
C1902,22.0,209457.99,100611.61,572.3327784,0,59,75.7,0,0,1,2.0,True,False,False,True,False,False,False,False,False,2022,7,7,3,0,0,0,0,12.252283247392471,317.1933322123906,-1.803039097785006,0.4803,9.83,0.757
C1903,34.0,433108.98,212675.22,575.6487184,2,123,38.55,0,0,1,2.0,False,False,False,True,False,False,False,False,False,2021,1,20,2,1,1,0,2,12.978746970114324,461.1672364771808,-0.40475420645744803,0.491,20.5,0.3855
C1904,59.0,680865.85,506336.41,591.469268,6,124,37.36,0,0,1,1.0,False,False,True,False,True,False,False,False,False,2023,8,12,5,2,2,0,2,13.431122044722652,711.5731937053279,0.5462499812083911,0.7437,20.67,0.3736
C1905,40.31739130434783,368251.86,258149.77,629.4601488,5,84,91.24,0,0,1,2.0,False,True,False,False,False,True,False,True,False,2024,1,21,6,0,1,0,0,12.816525100757719,508.08441227811744,-0.7303528961356582,0.701,14.0,0.9124
C1906,26.0,269088.65,77617.99,626.527092,7,46,22.08,0,0,1,3.0,False,True,False,False,False,True,False,False,False,2023,7,16,6,0,0,0,1,12.502799874436871,278.6000538406265,-1.3379766525550127,0.2884,7.67,0.2208
C1907,23.0,1203457.09,726578.19,712.6953728,7,25,30.46,1,0,2,3.0,False,False,False,True,False,False,False,False,False,2022,11,29,1,4,3,1,1,14.000709712167255,852.3955595848678,1.8392911871460735,0.6037,4.17,0.3046
C1908,27.0,519733.82,239742.46,596.5787056,6,14,62.77,0,0,1,1.0,False,False,False,False,True,False,False,False,False,2018,11,26,0,1,1,0,1,13.16107399894454,489.6350273417946,-0.02921049507894269,0.4613,2.33,0.6277
C1909,28.0,527615.45,184743.39,655.209236,6,61,75.34,0,0,1,3.0,False,False,False,True,False,False,False,False,False,2024,9,15,6,1,1,0,0,13.176124878262671,429.8178567719122,0.002251986803748422,0.3501,10.17,0.7534
C1910,35.0,238006.49,145698.77,609.0405192,1,60,60.34,1,0,1,2.0,False,False,False,False,False,False,True,True,False,2018,6,13,2,0,0,0,0,12.380057422746658,381.70508249170587,-1.5680232900124407,0.6122,10.0,0.6034
C1911,49.0,349130.64,225397.5,574.9304512,6,42,46.63,1,0,1,2.0,False,False,False,False,False,False,True,True,False,2022,11,5,5,0,0,0,1,12.76320432204263,474.76046591939394,-0.8356539684552963,0.6456,7.0,0.4663
C1912,53.0,298399.26,91888.41,642.8719408,5,90,93.35,0,0,1,3.0,True,False,False,False,True,False,False,False,False,2021,8,13,4,0,0,0,0,12.606191018625037,303.13101128060123,-1.1408817866952932,0.3079,15.0,0.9335
C1913,50.0,885082.71,662632.05,695.8066168,1,117,72.79,1,0,0,3.0,True,False,False,True,False,False,False,False,False,2024,10,8,1,3,3,0,2,13.693437507087566,814.0221434334572,1.1280227394397258,0.7487,19.5,0.7279
C1914,59.0,645350.26,419921.89,644.6280208000001,7,116,82.35,0,0,1,3.0,False,False,True,False,True,False,False,True,False,2020,10,22,3,2,2,0,2,13.377550036690343,648.0138038653189,0.43022764593865565,0.6507,19.33,0.8235
C1915,47.0,357249.6,271518.73,640.579968,1,58,23.02,0,0,1,2.0,False,True,False,True,False,False,False,True,False,2018,4,16,0,0,0,0,0,12.786192775286855,521.0745915893424,-0.7903583504827453,0.76,9.67,0.2302
C1916,56.0,665487.5,259702.46,684.239,3,50,37.69,0,0,1,3.0,True,False,False,True,False,False,False,False,False,2019,1,10,3,2,2,0,1,13.408276636427578,509.6101058652585,0.49665891719710525,0.3902,8.33,0.3769
C1917,40.31739130434783,425305.89,324764.01,603.0244712,3,8,48.06,0,0,0,1.0,True,False,False,False,False,False,True,False,False,2020,7,26,6,1,1,0,1,12.96056628143968,569.8806980412655,-0.44164085243632883,0.7636,1.33,0.4806
C1918,58.0,556248.21,234242.01,645.4998568,7,66,33.7,0,0,0,2.0,True,False,False,False,False,False,False,True,False,2024,6,14,4,1,2,0,0,13.22897169223686,483.98554730487564,0.11328819887754324,0.4211,11.0,0.337
C1919,53.0,554803.98,128926.38,616.3843184,2,128,25.47,0,0,1,2.0,False,False,True,False,False,True,False,False,False,2024,8,1,3,1,1,0,2,13.22637194359017,359.06319778000085,0.10780524916117216,0.2324,21.33,0.2547
C1920,57.0,616089.16,405252.13,648.2871328,7,132,36.88,0,0,0,2.0,False,False,False,False,False,True,False,False,False,2018,3,26,0,2,2,0,2,13.331148595441908,636.594164283651,0.3304862575181683,0.6578,22.0,0.3688
C1921,47.0,576544.93,358671.42,611.1235944,5,116,60.02,0,0,1,2.0,False,False,True,False,True,False,False,True,False,2021,1,8,4,1,2,0,2,13.26481028594271,598.8918266264785,0.18909140816253922,0.6221,19.33,0.6002
C1922,53.0,638431.4485222222,356721.4,587.0745158817778,6,89,72.18,0,1,1,3.0,False,True,False,False,False,True,False,True,False,2024,6,18,1,2,2,0,0,13.36677115171173,597.2615842325706,0.40699608708923724,0.5587,14.83,0.7218
C1923,24.0,975489.4,481829.57,707.0391520000001,1,8,78.05,1,0,1,1.0,False,True,False,False,False,False,True,True,False,2018,6,14,3,3,3,1,1,13.790695597889755,694.1394456447493,1.3496148209783967,0.4939,1.33,0.7805
C1924,42.0,695446.6,152510.86,653.635728,2,69,23.22,0,0,1,1.0,False,True,False,False,False,False,False,True,False,2019,12,19,3,2,2,0,0,13.452310946026374,390.52638835295113,0.592397522400956,0.2193,11.5,0.2322
C1925,22.0,638431.4485222222,366943.81,617.0745158817778,1,66,52.1,0,1,1,2.0,False,True,False,True,False,False,False,True,False,2023,4,12,2,2,2,0,0,13.36677115171173,605.7588711690486,0.40699608708923724,0.5748,11.0,0.521
C1926,30.0,463298.11,208530.84,622.0638488,0,94,29.17,0,0,1,2.0,True,False,False,True,False,False,False,False,False,2023,10,27,4,1,1,0,0,13.046128150401383,456.6517710466039,-0.26716361038839503,0.4501,15.67,0.2917
C1927,25.0,961830.79,515662.15,623.9464632,4,124,52.34,0,0,2,3.0,True,False,False,False,False,False,True,False,False,2022,12,17,5,3,3,0,2,13.776594859889164,718.0961982910089,1.3172869018268423,0.5361,20.67,0.5234
C1928,30.0,520129.11,238007.34,575.6103288,4,134,52.55,0,0,0,2.0,False,False,True,False,False,True,False,False,False,2021,2,13,5,1,1,0,2,13.161834270798385,487.85995941458447,-0.027622920971234196,0.4576,22.33,0.5255
C1929,40.31739130434783,1203457.09,726578.19,712.6953728,1,141,57.37,0,0,0,1.0,False,False,False,True,False,False,False,False,False,2020,1,14,1,4,3,1,2,14.000709712167255,852.3955595848678,1.8392911871460735,0.6037,23.5,0.5737
C1930,58.0,345543.53,194356.26,596.6434824,2,49,86.96,1,0,1,3.0,False,True,False,False,False,True,False,True,False,2024,7,25,3,0,0,0,1,12.752876799557754,440.85854874324485,-0.8559521069131766,0.5625,8.17,0.8696
C1931,33.0,568167.17,369048.33,640.0686486114522,7,150,80.38,0,0,0,2.0,False,False,True,False,False,False,True,False,True,2022,11,21,0,1,2,0,2,13.25017272782571,607.493481446509,0.15808181641489738,0.6495,25.0,0.8038
C1932,51.0,305537.79,232761.18,598.4430232,3,116,67.75,0,0,1,1.0,True,False,False,True,False,False,False,False,True,2025,2,13,3,0,0,0,2,12.629832021710262,482.45329307612775,-1.0953834646511762,0.7618,19.33,0.6775
C1933,56.0,991166.17,550057.18,666.2932936,5,46,86.41,0,0,0,2.0,True,False,False,False,True,False,False,True,False,2023,7,8,5,3,3,0,1,13.806638487279615,741.6583984557851,1.386248663944011,0.555,7.67,0.8641
C1934,44.0,276288.23,77577.07,572.3327784,1,45,70.89,0,0,1,2.0,False,False,False,False,False,False,False,False,False,2019,1,9,2,0,0,0,1,12.529203530781542,278.52660555142666,-1.2879338142814918,0.2808,7.5,0.7089
C1935,35.0,1102330.63,243146.59,712.6953728,1,93,81.41,0,0,0,2.0,False,False,False,False,False,True,False,False,False,2023,4,10,0,4,3,1,0,13.91293815808749,493.09896572594835,1.632760263478621,0.2206,15.5,0.8141
C1936,49.0,417952.61,259717.03,640.0686486114522,5,46,62.28,1,0,1,2.0,False,False,False,False,False,True,False,True,False,2021,11,26,4,1,1,0,1,12.943125724486817,509.6244009071779,-0.47693135255823316,0.6214,7.67,0.6228
C1937,28.0,270437.0,99372.37,640.0686486114522,7,39,59.39,1,0,1,3.0,False,False,True,False,False,True,False,True,False,2022,7,31,6,0,0,0,1,12.507798145821551,315.23383384402126,-1.3285186475750737,0.3675,6.5,0.5939
C1938,25.0,542556.04,297118.79,640.0686486114522,6,71,74.31,0,0,0,3.0,True,False,False,False,False,True,False,True,False,2021,9,27,0,1,1,0,0,13.204048501726772,545.0860390800703,0.06081240997188306,0.5476,11.83,0.7431
C1939,49.0,289476.23,93027.91,640.0686486114522,3,45,21.48,0,0,1,2.0,True,False,False,False,False,False,True,True,False,2021,8,8,6,0,0,0,1,12.57583192005215,305.00477045449634,-1.1990730692888556,0.3214,7.5,0.2148
C1940,24.0,498273.53,180449.42,625.8618824,1,103,71.78,1,0,1,1.0,False,False,False,False,False,False,True,True,False,2019,3,5,1,1,1,0,2,13.118906469176267,424.79338507090716,-0.11698015182146332,0.3621,17.17,0.7178
C1941,32.0,355880.78,178931.39,677.4704624,0,54,90.09,0,0,2,3.0,False,True,False,False,False,False,True,False,False,2019,10,21,0,0,0,0,0,12.782353876032158,423.002825049668,-0.7979332570159063,0.5028,9.0,0.9009
C1942,22.0,822242.22,645741.08,712.6953728,3,108,73.55,0,0,1,2.0,False,False,False,False,False,False,True,False,False,2021,9,12,6,3,3,1,2,13.619791518349931,803.5801640160115,0.9623679704661565,0.7853,18.0,0.7355
C1943,47.0,527135.17,300341.74,615.1708136,0,90,22.76,1,0,0,2.0,False,False,True,True,False,False,False,True,False,2022,8,14,6,1,1,0,0,13.175214181244076,548.0344332247746,0.00034623674562759676,0.5698,15.0,0.2276
C1944,51.0,254313.88,193708.05,639.3451104,4,83,48.34,0,0,1,2.0,False,False,False,False,False,False,True,False,True,2023,7,23,6,0,0,0,0,12.446328463265013,440.1227669639461,-1.4443433153877783,0.7617,13.83,0.4834
C1945,56.0,352085.7,273087.5,579.166856,5,49,80.72,0,0,1,3.0,False,False,False,True,False,False,False,False,False,2021,3,26,4,0,0,0,1,12.771632731069872,522.5777454121061,-0.8190650851461941,0.7756,8.17,0.8072
C1946,56.0,720514.62,234070.7,706.6411696,3,110,91.9,0,0,1,2.0,False,False,True,False,True,False,False,True,False,2022,6,29,2,2,3,1,2,13.487722373576032,483.8085365100537,0.6698489163161325,0.3249,18.33,0.919
C1947,46.0,992418.98,383784.46,626.3935184,6,149,47.76,0,0,1,1.0,False,False,False,False,False,False,True,False,False,2024,3,3,6,3,3,0,2,13.807901663608,619.5033978922149,1.389154962948838,0.3867,24.83,0.4776
C1948,47.0,476917.53,315717.2,575.1534024,3,126,83.09,0,0,0,2.0,True,False,False,False,True,False,False,False,True,2018,5,31,3,1,1,0,2,13.075100958637368,561.8871772873981,-0.20757261219139725,0.662,21.0,0.8309
C1949,25.0,275290.42,198225.18,572.3327784,2,81,84.79,1,0,1,3.0,False,True,False,False,False,False,True,False,False,2023,2,6,0,0,0,0,0,12.525585524644303,445.2248645347652,-1.2948027549523657,0.7201,13.5,0.8479
C1950,40.0,873025.44,446583.98,656.8420352,2,60,29.25,0,0,1,1.0,False,False,False,False,True,False,False,True,False,2018,12,27,3,3,3,0,0,13.67972112073196,668.2693917874736,1.0970309743614732,0.5115,10.0,0.2925
C1951,31.0,718779.58,572102.29,694.5023664,5,116,83.43,0,0,1,3.0,False,False,True,False,False,False,False,False,False,2021,7,12,0,2,3,0,2,13.485311416275595,756.3744376960395,0.6645626293992647,0.7959,19.33,0.8343
C1952,30.0,1003090.98,207582.98,711.2472784,6,97,44.32,0,0,1,2.0,False,True,False,False,True,False,False,True,False,2020,10,30,4,3,3,1,0,13.81859776762478,455.61275223593117,1.4137865212527836,0.2069,16.17,0.4432
C1953,58.0,573558.39,217812.01,607.8846712,3,45,64.49,0,0,0,2.0,False,False,True,True,False,False,False,False,False,2021,8,17,1,1,2,0,1,13.259616767295388,466.7033426064142,0.17808116424757356,0.3798,7.5,0.6449
C1954,26.0,367203.58,210737.05,574.3762864,7,10,60.42,0,0,2,2.0,False,True,False,False,False,True,False,False,False,2019,4,20,5,0,1,0,1,12.813674410417573,459.0610525845119,-0.7360039660453236,0.5739,1.67,0.6042
C1955,28.0,649714.73,312885.69,653.9771784,4,102,69.73,1,0,1,1.0,False,True,False,False,True,False,False,False,False,2022,7,14,3,2,2,0,0,13.384290207749924,559.3618596221949,0.44477374631560723,0.4816,17.0,0.6973
C1956,43.0,585066.66,157945.64,689.8053328,6,77,75.53,0,0,0,3.0,False,False,False,False,False,True,False,False,True,2023,10,9,0,1,2,0,0,13.279482777645766,397.42375369371166,0.22024347658782029,0.27,12.83,0.7553
C1957,46.0,356403.74,149929.16,587.5122992,1,45,53.07,0,0,0,2.0,True,False,False,False,False,False,False,False,False,2018,1,5,4,0,0,0,1,12.783822274153652,387.20686977376835,-0.7950363330750952,0.4207,7.5,0.5307
C1958,32.0,545387.17,117404.56,631.6309736000001,5,13,86.62,0,0,1,3.0,False,False,False,False,False,False,False,False,False,2024,2,1,3,1,1,0,1,13.209253058656,342.6434881914437,0.07175439135065667,0.2153,2.17,0.8662
C1959,40.31739130434783,638431.4485222222,373895.86,656.0745158817778,7,12,80.71,1,1,2,2.0,False,False,True,True,False,False,False,True,False,2023,3,8,2,2,2,0,1,13.36677115171173,611.470244574501,0.40699608708923724,0.5856,2.0,0.8071
C1960,33.0,735970.87,541413.68,688.8776696,6,108,78.91,0,0,1,1.0,False,False,True,True,False,False,False,False,False,2022,8,20,5,2,3,0,2,13.50894717687191,735.808181525593,0.7164692810671894,0.7356,18.0,0.7891
C1961,38.0,638431.4485222222,466645.17,615.0745158817778,5,17,54.37,0,1,1,1.0,False,True,False,False,True,False,False,False,True,2018,8,11,5,2,2,0,1,13.36677115171173,683.1143169338496,0.40699608708923724,0.7309,2.83,0.5437
C1962,45.0,274203.2,169931.04,640.936256,6,23,22.82,0,0,0,2.0,False,True,False,False,False,False,True,False,False,2020,2,8,5,0,0,0,1,12.521628363279694,412.226927795844,-1.3023113252872378,0.6197,3.83,0.2282
C1963,53.0,259410.64,124377.57,663.7528512,2,102,56.92,0,0,1,3.0,True,False,False,False,False,False,False,True,False,2023,10,25,2,0,0,0,0,12.466171422641073,352.6720431222186,-1.407070860758832,0.4795,17.0,0.5692
C1964,32.0,465377.35,236048.22,593.230188,4,100,87.38,1,0,0,2.0,False,False,False,False,False,True,False,False,False,2022,1,21,4,1,1,0,0,13.050606009644946,485.84793917438816,-0.257970519360806,0.5072,16.67,0.8738
C1965,56.0,497848.26,140468.53,589.8278608,5,53,34.28,0,0,0,2.0,False,False,True,False,False,False,True,False,False,2024,12,25,2,1,1,0,0,13.118052619423642,374.7913152675766,-0.11875166480927365,0.2822,8.83,0.3428
C1966,24.0,743063.83,300651.25,694.4451064,4,104,93.69,0,0,1,2.0,False,True,False,False,False,False,False,True,False,2023,8,4,4,2,3,0,2,13.518538574267614,548.3167424035126,0.73758561085799,0.4046,17.33,0.9369
C1967,25.0,648435.07,202724.69,662.8748056,5,86,80.58,1,0,0,2.0,True,False,False,False,True,False,False,True,False,2025,1,5,6,2,2,0,0,13.382318696537618,450.2495863407317,0.44051746456493346,0.3126,14.33,0.8058
C1968,57.0,1090642.04,726578.19,632.2513632,2,70,73.24,1,0,1,2.0,False,False,True,False,False,False,False,True,False,2022,12,16,4,4,3,0,0,13.902278025210341,852.3955595848678,1.6078612785779902,0.6662,11.67,0.7324
C1969,28.0,378149.01,283177.77,654.2519208,1,95,70.79,0,0,1,3.0,False,True,False,True,False,False,False,False,False,2018,7,31,1,0,1,0,0,12.843046247728708,532.1445010521109,-0.6776625762617358,0.7489,15.83,0.7079
C1970,48.0,366459.27,191348.16,640.0686486114522,7,63,64.03,0,0,0,2.0,False,False,True,False,False,True,False,False,False,2020,4,13,0,0,1,0,0,12.811645390612806,437.4336063907299,-0.7400247230447521,0.5222,10.5,0.6403
C1971,51.0,288399.6,183612.03,572.3327784,2,57,74.05,0,0,0,2.0,True,False,False,False,False,True,False,False,False,2020,12,29,1,0,0,0,0,12.572105764834594,428.49974329047154,-1.2061969779678354,0.6367,9.5,0.7405
C1972,29.0,738350.49,201480.24,692.0680392,5,56,51.64,0,0,1,1.0,True,False,False,True,False,False,False,False,True,2024,2,28,2,2,3,0,0,13.51217526391302,448.86550324122703,0.7235728122331244,0.2729,9.33,0.5164
C1973,49.0,494827.11,279637.09,655.5861688,4,85,83.4,1,0,1,3.0,False,False,True,False,False,False,True,False,False,2019,6,21,4,1,1,0,0,13.111965728719456,528.8072333090764,-0.13137377922188345,0.5651,14.17,0.834
C1974,34.0,209457.99,109664.35,572.3327784,0,19,72.23,1,0,0,1.0,False,False,False,True,False,False,False,False,False,2021,3,25,3,0,0,0,1,12.252283247392471,331.1560810252471,-1.803039097785006,0.5236,3.17,0.7223
C1975,40.31739130434783,546446.1,257737.25,642.715688,2,125,77.84,0,0,0,1.0,False,False,True,False,False,True,False,False,False,2022,11,30,2,1,1,0,2,13.211192784109311,507.67829380425553,0.0758346283437365,0.4717,20.83,0.7784
C1976,31.0,565962.78,195802.66,681.2770224,4,9,79.44,0,0,0,2.0,False,True,False,False,True,False,False,True,False,2023,6,9,4,1,2,0,1,13.246285362204823,442.4959434842313,0.14985789873714164,0.346,1.5,0.7944
C1977,43.0,451625.77,328072.12,624.1300616,6,139,26.91,0,0,1,2.0,False,False,False,False,False,False,True,False,False,2019,5,13,0,1,1,0,2,13.020611387622997,572.7758025615258,-0.31943199017070945,0.7264,23.17,0.2691
C1978,40.31739130434783,575595.35,371687.95,644.047628,6,22,24.17,0,0,1,2.0,False,True,False,False,False,False,False,False,True,2018,4,29,6,1,2,0,1,13.263161912766071,609.6621605446742,0.18559593190507676,0.6457,3.67,0.2417
C1979,57.0,249913.56,184914.63,579.9930848,2,60,80.07,1,0,1,2.0,False,False,True,False,True,False,False,False,False,2025,1,24,4,0,0,0,0,12.428874378431125,430.0170112914139,-1.477036904328206,0.7399,10.0,0.8007
C1980,41.0,1203457.09,726578.19,666.455676,5,79,39.45,0,0,0,3.0,False,False,False,False,False,False,True,False,True,2024,10,29,1,4,3,0,0,14.000709712167255,852.3955595848678,1.8392911871460735,0.6037,13.17,0.3945
C1981,46.0,602680.62,478663.81,595.2144496,6,100,63.65,0,0,1,1.0,False,True,False,False,False,True,False,False,False,2020,9,7,0,1,2,0,0,13.30914434290524,691.8553389257034,0.2834297554905714,0.7942,16.67,0.6365
C1982,56.0,209457.99,77577.07,599.7461448,4,118,53.28,0,0,1,3.0,False,False,True,False,False,True,False,True,False,2019,10,11,4,0,0,0,2,12.252283247392471,278.52660555142666,-1.803039097785006,0.3704,19.67,0.5328
C1983,40.31739130434783,487359.15,122838.22,576.988732,7,105,21.65,1,0,2,2.0,False,False,True,False,True,False,False,False,True,2021,6,26,5,1,1,0,2,13.096758656469582,350.48283838156755,-0.16285764468501188,0.252,17.5,0.2165
C1984,21.0,611515.82,245952.69,585.9212656,1,32,23.02,0,0,1,2.0,False,False,False,False,False,False,True,False,False,2024,3,6,2,2,2,0,1,13.323697739863539,495.93617532904375,0.3145350532505819,0.4022,5.33,0.2302
C1985,35.0,265106.62,77577.07,641.2085296,4,54,82.03,1,0,1,2.0,False,False,True,False,False,False,False,False,True,2018,2,26,0,0,0,0,0,12.487891135734257,278.52660555142666,-1.366145667404953,0.2926,9.0,0.8203
C1986,41.0,655724.92,336962.65,642.4579936,6,6,65.58,1,0,0,2.0,True,False,False,False,False,False,False,False,False,2024,3,12,1,2,2,0,1,13.393498175743401,580.4848404566652,0.4646694561090659,0.5139,1.0,0.6558
C1987,29.0,638431.4485222222,370173.63,638.0745158817778,6,72,59.29,0,1,0,3.0,False,True,False,True,False,False,False,False,True,2022,7,30,5,2,2,0,0,13.36677115171173,608.4189592706657,0.40699608708923724,0.5798,12.0,0.5929
C1988,29.0,343038.17,187632.67,577.4430536,3,132,90.83,0,0,1,2.0,False,True,False,False,True,False,False,True,False,2019,1,17,3,0,0,0,2,12.745599917878682,433.16586892321055,-0.8702355002028556,0.547,22.0,0.9083
C1989,30.0,618864.29,220033.54,595.5091432,0,81,32.98,0,0,1,2.0,False,False,True,False,False,False,True,False,False,2020,7,9,3,2,2,0,0,13.335642902780995,469.07732837987385,0.34011655125996426,0.3555,13.5,0.3298
C1990,46.0,638431.4485222222,475819.4,597.0745158817778,5,28,39.35,0,1,0,2.0,False,False,True,False,True,False,False,False,False,2019,4,10,2,2,2,0,1,13.36677115171173,689.7966366980924,0.40699608708923724,0.7453,4.67,0.3935
C1991,55.0,832808.91,177141.3,619.6247128,4,116,76.76,1,0,0,3.0,True,False,False,False,False,False,False,False,False,2023,3,6,0,3,3,0,2,13.63256069582785,420.88157479272,0.9909590694899735,0.2127,19.33,0.7676
C1992,45.0,460531.69,188269.04,653.8425352,6,123,78.14,0,0,0,2.0,False,False,False,False,False,False,True,False,False,2019,4,27,5,1,1,0,2,13.040139120214427,433.8998041022835,-0.279449493465274,0.4088,20.5,0.7814
C1993,46.0,271931.6,171696.38,572.3327784,5,40,50.37,0,0,1,3.0,False,False,True,False,False,True,False,False,False,2019,9,23,0,0,0,0,1,12.513309520454452,414.3626189703893,-1.3180814888546042,0.6314,6.67,0.5037
C1994,31.0,803956.33,530737.68,660.3165064,2,6,91.32,0,0,0,2.0,False,False,True,False,False,True,False,False,False,2023,8,4,4,2,3,0,1,13.597301474613424,728.5174534628529,0.9121442587038806,0.6602,1.0,0.9132
C1995,58.0,280970.98,126344.54,614.4776784,2,131,90.37,0,0,0,1.0,False,False,True,False,False,False,True,False,False,2021,4,10,5,0,0,0,2,12.54601022804149,355.4497714164408,-1.2559766038802376,0.4497,21.83,0.9037
C1996,22.0,1203457.09,277873.28,712.6953728,4,109,20.93,0,0,0,1.0,False,False,True,False,True,False,False,True,False,2023,9,16,5,4,3,1,2,14.000709712167255,527.1368702718489,1.8392911871460735,0.2309,18.17,0.2093
C1997,27.0,665586.0,379933.93,640.0686486114522,3,22,32.92,0,0,0,2.0,False,True,False,False,True,False,False,False,False,2021,1,24,6,2,2,0,1,13.408424637048398,616.387808120829,0.4969796385095017,0.5708,3.67,0.3292
C1998,40.31739130434783,351726.44,83660.53,601.1381152,6,12,81.52,0,0,0,1.0,False,False,True,False,False,True,False,False,False,2022,8,29,0,0,0,0,1,12.770611836459251,289.2413006470549,-0.8210755382135423,0.2379,2.0,0.8152
C1999,47.0,899647.58,238148.83,644.9718064,4,19,45.14,0,0,0,1.0,False,True,False,False,False,True,False,True,False,2023,5,31,2,3,3,0,1,13.709759499387822,488.0049487453995,1.1649850530063126,0.2647,3.17,0.4514
