customer_id,age,annual_income,loan_amount,credit_score,repayment_history,transaction_count,spending_ratio,default_flag,annual_income_was_missing,gender_encoded,education_encoded,region_North,region_South,region_West,loan_purpose_Car,loan_purpose_Education,loan_purpose_Home,loan_purpose_Other,employment_type_Self-Employed,employment_type_Unemployed,join_year,join_month,join_day,join_weekday,income_bin,income_quantile_bin,credit_score_above_700,transaction_cluster,annual_income_log,loan_amount_sqrt,annual_income_yeojohnson,debt_to_income_ratio,avg_monthly_transactions,spending_to_income_ratio
C1000,1.6901330356064703,0.6108941928679433,0.13723813620408906,0.6736894095650588,-0.6343397486845295,1.6642532652487563,1.0438235450935311,0,0,2,1.0,False,True,False,False,False,False,True,False,True,2019,4,2,1,2,3,0,2,13.519839243001284,563.8691514881799,0.7404514930230133,0.4273,25.0,0.8045
C1001,0.785477233443361,2.3108182590219744,1.4782438929982753,1.8847548238513878,0.6540957598148535,-1.01117065422685,-1.1223964939920927,1,0,1,1.0,False,True,False,True,False,False,False,True,False,2018,4,13,4,4,3,1,1,14.000709712167255,742.0114150065348,1.8392911871460735,0.4575,5.83,0.3345
C1002,-0.4810408895849922,-0.33388140649707887,-0.9596259374921257,-1.5242234373382166,-0.20486124585140184,1.036110258067527,1.0682511327683266,0,0,0,1.0,False,True,False,False,True,False,False,False,False,2021,1,31,6,1,1,0,2,13.099492399130236,357.3075146145124,-0.15720315640800203,0.2612,20.5,0.8098
C1003,-1.1142999510991687,0.2201651998911575,0.3684721085894811,1.0646673147694783,-1.063818251517657,0.4544963625293517,1.508408608795299,1,1,1,2.0,False,False,False,False,True,False,False,False,False,2020,9,30,2,2,2,0,0,13.36677115171173,598.3828206090145,0.40699608708923724,0.5608,16.33,0.9053
C1004,0.061752591712873464,-0.8695755075783925,-0.25966408212270836,-1.2371815645864186,1.5130527654811088,-1.034435210048377,-0.581763279982,0,0,1,1.0,False,False,True,False,True,False,False,False,False,2020,7,3,4,0,0,0,1,12.748153098489965,499.0945301243042,-0.8652257785954279,0.7243,5.67,0.4518
C1005,6.427966085902237e-16,-0.18050362778893023,-0.8646549590393472,0.058920834208575544,1.0835742626479812,-0.4528213145102017,0.08930403425388712,1,0,0,3.0,False,False,False,False,False,False,False,False,False,2019,7,26,4,1,1,0,0,13.180908832191411,379.66282409527537,0.012267303524355807,0.2719,9.83,0.5974
C1006,-0.11917856871974841,-1.0561486861587939,-0.8993058888178799,-0.8357942790418624,-0.6343397486845295,0.7104064765661489,0.5331486933261119,0,0,2,2.0,False,False,True,False,False,False,True,True,False,2019,2,24,6,0,0,0,2,12.58960685317465,371.6621449650206,-1.1727026179868905,0.4707,18.17,0.6937
C1007,0.24268375214549534,0.6080553258584882,1.50294896008057,0.058920834208575544,0.6540957598148535,-0.7785250960115798,-1.4676090066038232,0,0,0,2.0,False,True,False,False,False,True,False,False,True,2024,2,12,0,2,3,0,1,13.51880751866678,744.8937373880922,0.7381781547088625,0.7465,7.5,0.2596
C1008,-0.842903210450236,0.5234515832234907,1.1639151566307977,-1.0330784988167474,-0.6343397486845295,-0.010794753901188501,-0.034216597762059084,0,0,0,1.0,True,False,False,False,False,True,False,False,False,2018,12,23,6,2,3,0,0,13.487561142700093,704.3098749840159,0.6694953403217745,0.6886,13.0,0.5706
C1009,-0.842903210450236,0.05279700427882466,0.054522329207258864,1.250233735094805,-1.063818251517657,0.058998913563392534,-0.496036274179888,0,0,0,2.0,False,True,False,False,True,False,False,False,False,2024,8,15,3,1,2,0,0,13.2932853046189,550.9983666037496,0.249611179907096,0.5118,13.5,0.4704
C1010,0.33314933236180627,-0.3522634070926723,0.15299724747579205,1.0552023587092911,1.0835742626479812,0.2451153601356086,1.2733506896604763,1,0,1,2.0,False,False,True,False,False,False,True,False,False,2022,9,25,6,1,1,0,0,13.089274571223601,566.2881333738153,-0.17832589852287314,0.6629,14.83,0.8543
C1011,1.4187362949575375,0.45852380419680333,0.38538307846772213,-1.0432301411668392,-1.4932967543507847,0.6871419207446219,1.2880994218414845,0,0,1,3.0,False,False,False,True,False,False,False,False,False,2018,5,11,4,2,2,0,2,13.462901480035763,600.8291354453444,0.61551784866686,0.5136,18.0,0.8575
C1012,0.33314933236180627,0.6536858468167465,-0.41129189682213424,0.8729287148720669,0.6540957598148535,0.10552802520644655,0.6801751172555404,0,0,0,3.0,False,True,False,False,False,True,False,False,False,2018,5,3,3,2,3,0,0,13.535263351604943,472.00798722055544,0.7744795444055397,0.2949,13.83,0.7256
C1013,-1.5666278521807235,0.1813570452762322,-0.7007070071823631,-1.395004451412492,1.5130527654811088,0.2218508043140816,0.5243916335936382,1,0,1,2.0,False,False,False,False,True,False,False,True,False,2019,1,19,5,2,2,0,0,13.350206349124688,415.4334122335371,0.37136743812343864,0.2748,14.67,0.6918
C1014,0.1522181719291844,-1.2628421737142295,-1.248377959595373,-1.643957211468241,-1.4932967543507847,1.3618140395689051,0.7940168937776997,0,0,0,3.0,False,False,False,False,False,True,False,True,False,2020,6,14,6,0,0,0,2,12.378473487699061,278.52660555142666,-1.5709643162066178,0.3265,22.83,0.7503
C1015,-1.6570934323970343,-0.9694802120595659,-0.9455509770085627,0.19177353666773117,-0.20486124585140184,1.152433037175162,-0.47713946107297067,1,0,0,3.0,False,False,False,False,False,True,False,False,False,2020,8,10,0,0,0,0,2,12.666390802907003,360.7080952792715,-1.0247054719132505,0.4106,21.33,0.4745
C1016,0.33314933236180627,-0.5809564859260751,0.14876410080523292,0.8806158553599976,1.0835742626479812,-0.987906098405323,-0.34393997356323763,0,0,1,3.0,False,True,False,False,False,True,False,False,False,2023,9,1,4,1,1,0,1,12.952568868479036,565.6393727455684,-0.45783487586932303,0.7583,6.0,0.5034
C1017,0.875942813659672,-1.3386425573400043,-0.8446406231346035,-1.643957211468241,0.22461725698172583,-1.5927845497650253,0.1718047548914034,1,0,1,1.0,False,False,False,False,True,False,False,False,True,2024,10,1,1,0,0,0,1,12.288319598991096,384.20810767082986,-1.7372130569094117,0.6798,1.67,0.6153
C1018,1.5996674553901595,-0.09575898523249969,-0.23008831676399427,-1.2690916738051077,-0.6343397486845295,0.4544963625293517,1.5001124469434814,0,0,0,1.0,False,False,False,False,True,False,False,False,False,2018,4,19,3,1,1,0,0,13.223203529596457,504.20832995895654,0.10112585971165086,0.4597,16.33,0.9035
C1019,-1.6570934323970343,1.7889388994233413,1.3411189938567267,0.4592587015122445,0.6540957598148535,-1.127493433334485,0.7603713484897738,0,0,1,1.0,False,True,False,False,False,False,False,False,False,2024,4,17,2,4,3,0,1,13.87605380235201,725.805097805189,1.5467784218446572,0.4958,5.0,0.743
C1020,0.061752591712873464,1.4591487209228167,0.3206404046302891,1.335879554188514,1.5130527654811088,-0.871583319297688,0.1621258993976165,0,0,0,2.0,False,False,False,False,False,False,False,False,False,2020,3,25,2,3,3,0,1,13.788430726733518,591.4087757211589,1.3444176714030571,0.3594,6.83,0.6132
C1021,1.1473395543086047,0.5752186879710603,0.9401780648057139,0.1263584583639632,-0.6343397486845295,-1.4299326590143362,0.9207638109582414,0,0,1,2.0,False,True,False,False,False,False,False,False,False,2024,2,11,6,2,3,0,1,13.506795746739325,676.194757447882,0.7117368869103677,0.6226,2.83,0.7778
C1022,-0.752437630233925,2.3108182590219744,2.4927767082295493,1.8847548238513878,-0.20486124585140184,0.4312318067078247,-0.4600862394886797,0,0,0,2.0,False,False,True,False,False,True,False,False,False,2022,9,15,3,4,3,1,0,14.000709712167255,852.3955595848678,1.8392911871460735,0.6037,16.17,0.4782
C1023,0.1522181719291844,2.3108182590219744,1.57705171004835,1.8847548238513878,-0.20486124585140184,-1.150757989156012,0.7829553446419435,0,0,1,3.0,False,False,True,False,False,False,True,True,False,2020,6,21,6,4,3,1,1,14.000709712167255,753.4731182995183,1.8392911871460735,0.4717,4.83,0.7479
C1024,0.42361491257811723,0.7355565823885122,-0.6864401471241247,1.7721888385613564,-0.6343397486845295,1.5479304861411212,-0.32273867105303816,1,0,0,3.0,False,False,True,False,True,False,False,False,False,2023,1,14,5,2,3,1,2,13.564126392966106,418.4015774348849,0.8383681248956419,0.2251,24.17,0.508
C1025,0.6045460730107391,0.8679321325766293,0.9977082199338072,1.6933019719873292,0.6540957598148535,-1.2670807682636471,-0.7758012877383931,1,0,1,3.0,False,False,False,False,False,False,False,False,False,2024,8,10,5,3,3,1,1,13.609100861449406,683.5345346067015,0.9384729484656548,0.5743,4.0,0.4097
C1026,0.69501165322705,-1.3221805771811406,-1.0089750834470392,0.15090243440033047,1.5130527654811088,-0.05732386554424252,0.36538186476714013,1,0,1,2.0,True,False,False,False,False,False,True,True,False,2021,2,13,5,0,0,0,0,12.308601435634964,345.11992118682457,-1.7000081702118506,0.5375,12.67,0.6573
C1027,-0.39057530936868123,1.6234775464132032,0.8931834211420648,0.058920834208575544,1.0835742626479812,0.943052034781419,0.6322417376672624,1,0,1,2.0,True,False,False,False,False,False,False,False,False,2018,1,27,5,4,3,0,2,13.833051315434961,670.1394630970482,1.4471338253046426,0.4413,19.83,0.7152
C1028,-0.4810408895849922,0.11036464946317046,0.36198153348880296,0.6781653507260453,-1.063818251517657,1.222226704639743,-0.15451094461340967,1,0,0,2.0,False,False,False,False,False,False,False,False,True,2019,10,16,2,2,2,0,2,13.319175191497068,597.4412439729952,0.3048616305258528,0.5863,21.83,0.5445
C1029,6.427966085902237e-16,-0.4106304595255884,-0.2649050906627857,0.7217971439784489,1.0835742626479812,-1.127493433334485,0.21236376838917656,1,0,0,1.0,True,False,False,False,False,False,True,False,True,2022,9,28,2,1,1,0,1,13.056120749100572,498.18285799493344,-0.2466402061491173,0.5304,5.0,0.6241
C1030,1.5092018751738485,-0.6312820675541334,-0.8709407797725732,0.2247619295580483,-1.063818251517657,-0.4760858703317287,0.6566693253420578,1,0,1,1.0,False,True,False,False,False,False,False,False,False,2021,10,25,0,1,1,0,0,12.91980148809524,378.22403413849844,-0.5239831194091021,0.3503,9.67,0.7205
C1031,-1.2047655313154797,-0.8041683062087417,-0.7812773896161802,-1.1010694591254264,1.5130527654811088,1.5014013744980672,0.9115458533451111,0,0,1,2.0,True,False,False,False,False,True,False,True,False,2021,2,12,4,0,1,0,2,12.798275267945913,398.25604829054384,-0.7664886898803758,0.4386,23.83,0.7758
C1032,0.061752591712873464,1.469237606709964,0.8748558876867513,0.9139838216403737,0.22461725698172583,1.175697592996689,1.3535469208947097,1,0,1,2.0,False,False,False,False,False,True,False,False,False,2019,9,29,6,3,3,0,2,13.791228305914498,667.7630642675589,1.3508374710061317,0.4569,21.5,0.8717
C1033,-1.023834370882858,-0.36095853808976514,0.3249553492871698,-0.5836222346433896,1.0835742626479812,-1.4764617706573901,-0.516776678809431,1,0,0,3.0,False,False,False,False,False,True,False,False,True,2020,5,31,6,1,1,0,1,13.08440467557965,592.0412823443987,-0.18838176338215074,0.7281,2.5,0.4659
C1034,1.6901330356064703,-0.7767249384232138,2.4927767082295493,-1.3375523091722339,1.5130527654811088,-1.104228877512958,1.5466631328897897,0,0,0,1.0,False,True,False,True,False,False,False,False,False,2021,10,10,6,0,1,0,1,12.818579510718001,852.3955595848678,-0.7262788338174164,1.969,5.17,0.9136
C1035,6.427966085902237e-16,0.2201651998911575,1.0123437762010044,-0.8711107169851953,-0.6343397486845295,0.4544963625293517,0.4607877260630386,0,1,1,2.0,False,False,True,False,False,False,False,False,True,2019,2,23,5,2,2,0,0,13.36677115171173,685.3892178900978,0.40699608708923724,0.7358,16.33,0.678
C1036,-1.4761622719644125,-0.15499067772950198,0.2594249591121157,-0.9744675043147772,-0.6343397486845295,0.1985862484925546,0.9806805354435884,0,0,1,2.0,False,False,False,True,False,False,False,True,False,2019,1,15,1,1,1,0,0,13.193831191692137,582.3615028485314,0.03935654583356434,0.6315,14.5,0.7908
C1037,0.42361491257811723,-0.6576165884789744,-0.42127736150329403,-1.5996304085385031,0.6540957598148535,-0.941376986762269,0.6764879342102883,1,0,1,2.0,False,True,False,False,True,False,False,False,False,2022,4,6,2,0,1,0,1,12.902217154609637,470.16943754353065,-0.5593470533806939,0.551,6.33,0.7248
C1038,-0.5715064698013032,-0.8326765636315686,-0.4439267569927669,-1.643957211468241,-0.6343397486845295,-0.8483187634761609,-1.0315996115027593,1,0,1,2.0,True,False,False,False,False,False,True,False,False,2019,2,1,4,0,0,0,1,12.776737283780424,465.9722845835362,-0.8090080390726149,0.6136,7.0,0.3542
C1039,-1.023834370882858,-1.2961813225872088,-0.6894191732940415,-1.0165444203161396,0.6540957598148535,0.29164447177866265,-1.4952628794432141,0,0,1,2.0,True,False,False,False,True,False,False,False,True,2022,1,10,0,0,0,0,0,12.339818571390795,417.7835444341962,-1.6425217830589303,0.7635,15.17,0.2536
C1040,0.5140804927944281,0.9242798168078352,-0.02355895030241104,0.058920834208575544,1.5130527654811088,-0.2201757562949316,0.7682066124609347,0,0,2,2.0,False,True,False,True,False,False,False,False,True,2021,11,9,1,3,3,0,0,13.627647756794138,538.5665789853656,0.9799521603246011,0.35,11.5,0.7447
C1041,-1.6570934323970343,-0.46521293562869753,-0.3342896705231432,0.7424086849892085,-0.6343397486845295,1.3152849279258512,0.02431743308131823,0,0,1,2.0,False,True,False,False,False,True,False,False,False,2024,10,8,1,1,1,0,2,13.024089403899271,485.9522507407492,-0.31231942465945306,0.5211,22.5,0.5833
C1042,-0.028712988503437474,-1.1461199461789593,-0.7432171151561803,-1.643957211468241,-0.20486124585140184,1.5711950419626481,0.685244993942762,0,0,0,1.0,False,False,False,False,False,False,False,True,False,2020,12,19,5,0,0,0,2,12.50312246580024,406.4608591242212,-1.3373664416147266,0.6138,24.33,0.7267
C1043,0.69501165322705,-0.5836804277370088,-0.22050613517818743,-1.282902550050593,-1.4932967543507847,-0.5226149819747827,-0.09413332224740632,0,0,1,1.0,True,False,False,False,False,False,False,False,False,2018,6,27,2,1,1,0,0,12.950822507612534,505.8540500974565,-0.4613685095838075,0.6075,9.33,0.5576
C1044,-1.2047655313154797,0.3049274234046671,-0.3560590026883235,1.5632595211708809,1.5130527654811088,-1.034435210048377,-0.6628813069775465,0,0,1,2.0,False,True,False,False,False,True,False,False,False,2023,2,25,5,2,2,0,1,13.402024145035284,482.05096203617313,0.4831161090618661,0.3514,5.67,0.4342
C1045,-1.1142999510991687,-0.30403341578768756,-0.11477068007303734,0.8802980659711146,-0.6343397486845295,0.8965229231383649,-0.7569044746314758,1,0,0,3.0,True,False,False,False,False,False,False,False,False,2024,1,6,5,1,1,0,2,13.115864485278097,523.6706025737935,-0.12329042932190476,0.552,19.5,0.4138
C1046,1.3282707147412267,-0.13257537988186646,0.42561800340973815,0.14387524840938035,-1.4932967543507847,1.5944595977841753,0.7829553446419435,0,0,0,2.0,False,True,False,False,False,False,True,False,False,2019,5,27,0,1,1,0,2,13.205048394179384,606.6098004483607,0.06291390517225692,0.6775,24.5,0.7479
C1047,-0.5715064698013032,-0.2901237666636007,-0.29609416133734295,-0.36914003992292677,-1.063818251517657,1.5711950419626481,-0.78548014323218,0,0,2,2.0,True,False,False,False,False,False,True,True,False,2022,3,31,3,1,1,0,2,13.123403536251503,492.7226400318946,-0.10764617509813583,0.485,24.33,0.4076
C1048,-0.3001097291523703,0.2201651998911575,0.7921853895110971,1.114947263646223,0.22461725698172583,-1.5462554381219713,0.7281084968438176,1,1,1,2.0,False,False,True,False,False,False,True,False,False,2018,11,19,0,2,2,0,1,13.36677115171173,656.9369452238168,0.40699608708923724,0.676,2.0,0.736
C1049,1.4187362949575375,0.9060376801048402,0.27958162005437026,1.7642942631163392,1.0835742626479812,-0.05732386554424252,-0.41491824718434134,0,0,1,3.0,False,False,False,False,True,False,False,True,False,2024,3,11,0,3,3,1,0,13.621680912402057,585.3559771626151,0.9665950039732649,0.4159,12.67,0.488
C1050,-1.4761622719644125,-1.3670807718134426,-0.8548460604132283,-1.29315692439223,1.0835742626479812,-0.987906098405323,0.9226074024808671,0,0,0,3.0,True,False,False,False,False,True,False,False,False,2021,4,15,3,0,0,0,1,12.252283247392471,381.89719820915155,-1.803039097785006,0.6963,6.0,0.7782
C1051,-1.6570934323970343,0.18983065110798406,0.194870553226287,0.9476190157930431,1.5130527654811088,0.47776091835087875,-1.248682513291978,0,0,1,2.0,False,False,True,False,False,False,True,False,False,2025,1,18,5,2,2,0,0,13.353846695983435,572.6659322851325,0.37918973639045545,0.5204,16.5,0.3071
C1052,-1.2952311115317907,0.3959988720445489,0.5091475245537955,-0.8509559160579288,-1.063818251517657,-0.7785250960115798,-1.033904100906042,0,0,1,2.0,True,False,False,True,False,False,False,False,False,2024,12,8,6,2,2,0,1,13.438565470031888,618.4382184179758,0.56244437356207,0.5576,7.5,0.3537
C1053,-1.4761622719644125,-0.5390020172772558,-1.1490740513047888,0.058920834208575544,-0.6343397486845295,0.01246980192033851,0.6285545546220104,1,0,1,3.0,True,False,False,False,False,False,True,False,False,2022,1,21,4,1,1,0,0,12.979088280120832,307.90246832398077,-0.40406076213193237,0.2188,13.17,0.7144
C1054,0.785477233443361,0.05521002643644932,-0.6611987527234827,-0.18143320514602398,1.0835742626479812,-0.6854668727254718,0.19438875104357276,1,0,1,2.0,False,False,True,False,True,False,False,False,False,2024,6,22,5,1,2,0,1,13.29438407875188,423.60200660525675,0.25195166326845364,0.3022,8.17,0.6202
C1055,-0.20964414893605934,-0.5887287372381953,-0.2925319426180146,0.14733197478267648,0.6540957598148535,-1.4299326590143362,-1.037591283951294,0,0,0,2.0,True,False,False,True,False,False,False,False,False,2020,2,27,3,1,1,0,1,12.947577873100855,493.34932856952383,-0.4679313312522472,0.5798,2.83,0.3529
C1056,0.5140804927944281,0.06984863284839003,-0.1382256041466241,0.058920834208575544,-1.063818251517657,-1.290345324085174,1.3784354064501612,0,0,1,1.0,True,False,False,False,False,True,False,True,False,2018,10,12,4,1,2,0,1,13.301024041299696,519.771132326527,0.26610357416111663,0.4519,3.83,0.8771
C1057,1.2378051345249157,0.9814134769137978,0.7613631127667467,0.9002258399011103,-0.20486124585140184,-0.49935042615325576,-0.7882455305161188,0,0,1,3.0,False,False,False,False,False,True,False,False,False,2018,7,7,5,3,3,0,0,13.64610858279846,652.8546698921591,1.0213537454510166,0.5049,9.5,0.407
C1058,-0.9333687906665469,-0.9718900151275992,-1.248377959595373,-0.060936060720172554,-1.4932967543507847,1.4548722628550133,-0.2867886363618299,0,0,1,3.0,False,False,True,False,False,False,True,False,False,2020,7,22,2,0,0,0,2,12.664333630250262,278.52660555142666,-1.028692851285517,0.2453,23.5,0.5158
C1059,1.4187362949575375,0.47883714754424134,1.1646472457261352,0.058920834208575544,0.6540957598148535,-1.6625782172296062,-1.043122058519172,1,0,1,1.0,False,False,True,True,False,False,False,False,False,2021,3,31,2,2,3,0,1,13.470682081012196,704.400028392958,0.6325272166824828,0.7005,1.17,0.3517
C1060,-0.5715064698013032,2.3108182590219744,2.4927767082295493,0.058920834208575544,1.0835742626479812,0.5010254741724057,-0.40109131076464566,0,0,1,2.0,False,True,False,True,False,False,False,False,False,2018,11,23,4,4,3,0,0,14.000709712167255,852.3955595848678,1.8392911871460735,0.6037,16.67,0.491
C1061,0.9664083938759829,-0.049593836394835,-0.6810290287478002,0.9934592049600144,0.6540957598148535,1.4316077070334863,-0.04297365749453311,0,0,1,2.0,True,False,False,False,False,False,True,False,True,2020,8,11,1,1,2,0,2,13.245512664499412,419.52184686855105,0.14822378963561897,0.3112,23.33,0.5687
C1062,-0.4810408895849922,-0.7702708117962616,-0.4547154444656141,0.7274337474793081,-0.6343397486845295,-1.4066681031928092,-0.7218762357015807,1,0,1,1.0,False,False,False,False,False,False,True,False,False,2019,2,18,0,0,1,0,1,12.823295370513495,463.95968574866504,-0.716922145131565,0.5806,3.0,0.4214
C1063,-1.1142999510991687,2.3108182590219744,2.4927767082295493,1.8847548238513878,-0.20486124585140184,1.059374813889054,0.9161548321516766,1,0,1,3.0,True,False,False,False,False,False,False,False,False,2022,4,6,2,4,3,1,2,14.000709712167255,852.3955595848678,1.8392911871460735,0.6037,20.67,0.7768
C1064,-0.5715064698013032,-0.24250603139851803,0.03424789991683316,0.9891613151539889,-1.4932967543507847,1.3152849279258512,-0.3808118040157591,0,0,1,1.0,True,False,False,False,False,False,False,False,False,2021,2,12,4,1,1,0,2,13.148790387496451,547.7974716991673,-0.05483561787176676,0.5845,22.5,0.4954
C1065,0.24268375214549534,0.2201651998911575,-0.2741232452692968,1.5423268290985537,-0.20486124585140184,-1.4299326590143362,0.7792681615966908,1,1,1,1.0,False,True,False,False,False,False,True,False,True,2023,2,1,2,2,2,0,1,13.36677115171173,496.5753014397716,0.40699608708923724,0.3862,2.83,0.7471
C1066,6.427966085902237e-16,-0.06357730257334902,0.2268280868717059,0.5333389256455313,-1.063818251517657,-0.05732386554424252,-1.0265297348155376,0,0,0,2.0,True,False,False,False,True,False,False,False,False,2022,2,3,3,1,2,0,0,13.238807597246641,577.4860517796079,0.13405180136404346,0.5937,12.67,0.3553
C1067,-0.39057530936868123,0.1723596898678309,-0.5190965124057989,-1.349615032043192,-0.6343397486845295,1.6642532652487563,-0.43888493697847997,0,0,0,2.0,False,False,False,False,False,False,False,False,False,2019,10,29,1,2,2,0,2,13.346326432833294,451.76322338145235,0.36303506367691685,0.3263,25.0,0.4828
C1068,-0.20964414893605934,-0.6405904906199623,-0.7810390859689263,-1.643957211468241,0.6540957598148535,0.1753216926710276,-1.7146502706357156,0,0,1,1.0,False,False,False,False,False,False,True,False,False,2022,2,25,4,0,1,0,0,12.913621250961732,398.3079461923902,-0.5364228649589067,0.391,14.33,0.206
C1069,0.33314933236180627,-0.13368348672195812,-0.619077747221597,0.26897280703765586,0.6540957598148535,-0.4062922028671477,0.8802047974604683,0,0,1,2.0,False,True,False,True,False,False,False,False,False,2021,12,26,6,1,1,0,0,13.204496814901399,432.14077567385374,0.0617546002753352,0.344,10.17,0.769
C1070,0.5140804927944281,0.9122053077581438,0.8461390876516296,1.5916668676950803,-1.063818251517657,-1.5695199939434983,0.42115050832657824,0,0,1,2.0,True,False,False,False,False,False,False,False,False,2020,5,8,4,3,3,1,1,13.623702276155356,664.0224619694728,0.9711186136395653,0.5342,1.83,0.6694
C1071,0.42361491257811723,0.2201651998911575,-0.7205451805457405,1.2657871102764573,0.6540957598148535,0.8732583673168379,1.0848434564719611,0,1,0,1.0,False,False,False,False,True,False,False,True,False,2020,12,29,1,2,2,0,2,13.36677115171173,411.27055571727965,0.40699608708923724,0.2649,19.33,0.8134
C1072,0.785477233443361,-0.7061084730727984,0.0046424474806308225,0.8880091799386699,0.22461725698172583,-0.6156732052608908,-0.16741608527179216,0,0,2,1.0,True,False,False,False,False,True,False,False,False,2018,10,20,5,0,1,0,1,12.86900589780036,543.0895230070269,-0.6258842041633955,0.76,8.67,0.5417
C1073,-0.4810408895849922,-0.6014481002350319,-0.7352258726996818,-1.6193798696578021,-0.6343397486845295,0.12879258102797356,1.0221613447026752,0,0,0,2.0,True,False,False,True,False,False,False,True,False,2024,10,31,3,1,1,0,0,12.939355937446285,408.16261465254263,-0.48454727721369617,0.4001,14.0,0.7998
C1074,-1.7475590126133453,0.2201651998911575,-0.4760085728499613,1.441766931345064,-1.063818251517657,1.036110258067527,0.49627686287359013,0,1,1,2.0,True,False,False,False,True,False,False,False,False,2025,2,13,3,2,2,0,2,13.36677115171173,459.96167231629204,0.40699608708923724,0.3314,20.5,0.6857
C1075,0.42361491257811723,-0.8993944894804299,-0.731559028649012,0.6572483288578913,-0.6343397486845295,1.059374813889054,-1.7298599006973807,0,0,0,3.0,False,True,False,False,True,False,False,False,False,2019,12,2,0,0,0,0,2,12.724441259283564,408.9411082295347,-0.9116781280685996,0.4979,20.67,0.2027
C1076,-1.2047655313154797,-0.9269303598404278,-1.0023049447611663,0.8434009500790787,-1.4932967543507847,-0.33649853540256663,-0.865215476585757,0,0,1,3.0,True,False,False,False,True,False,False,False,True,2023,12,28,3,0,0,0,0,12.702034092753854,346.7922576990438,-0.9554228577884203,0.3662,10.67,0.3903
C1077,-1.023834370882858,-0.3334794643104917,-0.22771548342294118,-0.8200856766299311,-0.6343397486845295,-0.964641542583796,-0.035138393523372266,0,0,1,3.0,False,False,False,True,False,False,False,False,False,2020,9,29,1,1,1,0,1,13.099714660635101,504.61635922748286,-0.15674332746843148,0.5209,6.17,0.5704
C1078,0.33314933236180627,0.723366852132061,0.13074946338216267,1.5141633432985098,-0.6343397486845295,0.943052034781419,0.39626202277112677,0,0,1,2.0,True,False,False,False,True,False,False,True,False,2019,11,1,4,2,3,0,2,13.559881404630564,562.8701359994151,0.8289544338449268,0.4091,19.83,0.664
C1079,-1.7475590126133453,1.8823715687791445,0.055214989252107084,1.2139634894933837,-1.4932967543507847,1.24549126046127,-1.5155423861921007,1,0,2,3.0,False,False,False,False,False,True,False,False,False,2023,3,9,3,4,3,0,2,13.899543671827894,551.1073942526991,1.6014810399861708,0.2792,22.0,0.2492
C1080,-1.1142999510991687,0.2201651998911575,-0.3723915645364372,-0.19233140714914088,-1.063818251517657,-1.6625782172296062,0.6949238494365485,0,1,1,2.0,True,False,False,False,False,False,False,False,False,2022,4,4,0,2,2,0,1,13.36677115171173,479.10314129631837,0.40699608708923724,0.3595,1.17,0.7288
C1081,0.33314933236180627,0.1833412254986142,-0.01795518296887247,0.7429718807525676,-0.6343397486845295,-1.6393136614080792,0.1367765159615083,0,0,0,2.0,False,False,False,True,False,False,False,False,True,2021,1,10,6,2,2,0,1,13.351059962050229,539.4683308591896,0.3732012793297343,0.4631,1.33,0.6077
C1082,-0.842903210450236,-0.07381826259292522,-0.9925582448857458,0.058920834208575544,-0.20486124585140184,0.5940836974585137,0.07501619995353502,0,0,1,1.0,False,False,False,False,True,False,False,False,False,2024,3,31,6,1,2,0,2,13.23386838296068,349.22154859057594,0.12362128362369638,0.2182,17.33,0.5943
C1083,-0.3001097291523703,-1.3670807718134426,-1.105251774505998,0.6195297391611061,-0.6343397486845295,-1.6393136614080792,-0.7329377848373371,1,0,1,1.0,True,False,False,False,False,False,True,False,True,2020,6,18,3,0,0,0,1,12.252283247392471,320.0094529853767,-1.803039097785006,0.4889,1.33,0.419
C1084,-1.1142999510991687,-1.1798554870840572,-0.8364434734144401,-1.5566746794786956,-1.063818251517657,-0.7552605401900528,0.31376130213361014,1,0,1,2.0,True,False,False,False,False,False,False,False,False,2021,8,21,5,0,0,0,1,12.468663845784253,386.0542448931238,-1.402381308589085,0.5731,7.67,0.6461
C1085,1.3282707147412267,0.6077505853771542,0.7069959283993753,-1.0123975915885197,1.5130527654811088,-1.5229908823004443,-1.6473591800598641,0,0,1,2.0,False,False,False,True,False,False,False,False,True,2018,8,18,5,2,3,0,1,13.518696704089647,645.5910547707426,0.7379340028471639,0.5608,2.17,0.2206
C1086,1.3282707147412267,0.7587912310397732,0.6889826744517611,-0.9805791125486654,0.6540957598148535,-0.5458795377963097,-1.5187686713566964,0,0,1,1.0,False,False,True,False,False,False,True,False,False,2020,7,27,0,2,3,0,0,13.572168125855836,643.1663392933433,0.856217938603327,0.5276,9.17,0.2485
C1087,1.1473395543086047,0.7225196765540348,0.7776914665436826,0.15614423974260877,1.0835742626479812,1.6409887094272293,0.7944777916583564,0,0,1,2.0,False,True,False,False,False,False,True,False,False,2018,5,12,5,2,3,0,2,13.559585710874051,655.0204576957883,0.8282989265234757,0.5542,24.83,0.7504
C1088,-1.3856966917481015,-0.5015109088497046,0.24894357612487855,-1.1376792552776045,-1.4932967543507847,1.6409887094272293,-0.6296966595702775,1,0,0,2.0,False,False,True,False,True,False,False,True,False,2021,7,16,4,1,1,0,2,13.002205654408506,580.7982868432034,-0.3570100581010068,0.7608,24.83,0.4414
C1089,1.6901330356064703,-1.3670807718134426,-1.248377959595373,-1.500039686967583,0.6540957598148535,0.5242900299939327,-0.5430478580068524,0,0,0,2.0,False,False,True,True,False,False,False,False,True,2022,7,2,5,0,0,0,0,12.252283247392471,278.52660555142666,-1.803039097785006,0.3704,16.83,0.4602
C1090,0.69501165322705,0.2201651998911575,-0.8539760849308005,1.114947263646223,-1.063818251517657,-1.2670807682636471,-1.0219207560089723,1,1,0,2.0,True,False,False,False,True,False,False,False,True,2021,1,1,4,2,2,0,1,13.36677115171173,382.09473956075345,0.40699608708923724,0.2287,4.0,0.3563
C1091,-1.2047655313154797,-1.0243434889777363,-1.1472172543087327,-1.0699062484913155,0.22461725698172583,1.5711950419626481,-0.20198342632103083,0,0,1,3.0,False,True,False,False,False,True,False,True,False,2018,9,29,5,0,0,0,2,12.61847400877169,308.42509625515237,-1.1172626994079493,0.3149,24.33,0.5342
C1092,-1.023834370882858,0.41448917465433194,-0.49916224514305724,1.547392094456441,1.0835742626479812,-1.2205516566205932,-1.5625539700190654,0,0,1,3.0,False,False,True,False,False,False,True,False,True,2020,5,14,3,2,2,0,1,13.445824159567698,455.5745054324265,0.5782542828191788,0.3004,4.33,0.239
C1093,-1.1142999510991687,-0.6557877015786125,-0.9807182890009563,0.058920834208575544,0.6540957598148535,-1.104228877512958,-0.7039012183559765,1,0,1,2.0,True,False,False,False,False,True,False,False,False,2024,5,12,6,0,1,0,1,12.903448398064592,352.15002484736533,-0.5568739327106955,0.3087,5.17,0.4253
C1094,-0.752437630233925,2.3108182590219744,2.4927767082295493,1.5683738567867662,-0.6343397486845295,-0.7319959843685259,0.07962517876010025,1,0,2,2.0,False,False,True,False,True,False,False,False,False,2021,7,12,0,4,3,1,1,14.000709712167255,852.3955595848678,1.8392911871460735,0.6037,7.83,0.5953
C1095,1.2378051345249157,1.9133106088538954,1.3098487016439542,0.058920834208575544,1.0835742626479812,1.3152849279258512,-0.1328487442225535,0,0,0,2.0,False,False,True,False,False,False,False,False,False,2020,5,20,2,4,3,0,2,13.907201998020845,722.058439463178,1.619357301384281,0.4757,22.5,0.5492
C1096,6.427966085902237e-16,2.3108182590219744,2.4927767082295493,1.8847548238513878,-0.6343397486845295,0.4544963625293517,1.7135081656874487,0,0,1,3.0,True,False,False,False,False,False,True,False,False,2023,8,7,0,4,3,1,0,14.000709712167255,852.3955595848678,1.8392911871460735,0.6037,16.33,0.9498
C1097,0.24268375214549534,-1.049269861711935,-1.1232914297768928,-0.25383586895300553,-1.4932967543507847,-1.5462554381219713,-0.3983259234807068,0,0,0,2.0,True,False,False,False,False,False,False,False,False,2022,6,9,3,0,0,0,1,12.595921248294852,315.08189411643446,-1.1605962260174987,0.3361,2.0,0.4916
C1098,0.33314933236180627,0.22778530843671937,-0.2685809849487286,0.058920834208575544,-0.6343397486845295,0.2683799159571356,-0.4047784938098977,0,0,1,1.0,True,False,False,True,False,False,False,False,False,2023,2,23,3,2,2,0,0,13.369991722642936,497.5424404008165,0.4139333941139463,0.3865,15.0,0.4902
C1099,1.5092018751738485,-0.750834059845531,0.0179216789978916,0.310619065220898,1.0835742626479812,0.33817358342171666,-0.0014928482354464303,0,0,0,1.0,False,True,False,False,False,False,True,False,False,2019,8,9,4,0,1,0,0,12.837364422172035,545.206254549597,-0.68896848776567,0.7905,15.5,0.5777
C1100,6.427966085902237e-16,0.024547458056275354,0.6640681261275412,0.254419637850916,-0.20486124585140184,1.4781368186765402,-1.0846028677782584,0,0,1,2.0,False,False,True,False,False,True,False,True,False,2020,12,20,6,1,2,0,2,13.28033120834598,639.7975148435636,0.22204693168363485,0.6991,23.67,0.3427
C1101,0.1522181719291844,-0.9805385248271591,-0.8235505774181993,-0.5684364632518604,-0.20486124585140184,0.8965229231383649,1.2867167281995149,0,0,0,2.0,True,False,False,False,False,False,False,False,False,2019,7,26,4,0,0,0,2,12.65691562636718,388.9402139146838,-1.043060806692693,0.4819,19.5,0.8572
C1102,0.6045460730107391,1.4089274081967007,1.2517698255632221,1.233161741589133,1.5130527654811088,-1.2438162124421202,0.2358695603026591,0,0,1,3.0,False,False,False,True,False,False,False,False,False,2020,10,7,2,3,3,0,1,13.774387049243181,715.047613799249,1.312231380548162,0.5328,4.17,0.6292
C1103,6.427966085902237e-16,-0.9685417549410527,-0.4049529275734828,0.6196632022574037,0.6540957598148535,-1.5229908823004443,-1.0781502974490675,0,0,0,1.0,False,False,True,False,False,False,True,False,False,2024,4,18,3,0,0,0,1,12.667190790522309,473.1714277088168,-1.023154538226211,0.7059,2.17,0.3441
C1104,-1.7475590126133453,-1.3670807718134426,-1.2236809051417603,0.5450048190479746,-1.063818251517657,-0.8948478751192149,1.000499144311819,0,0,0,2.0,False,False,False,True,False,False,False,True,False,2024,1,17,2,0,0,0,1,12.252283247392471,286.1143477702578,-1.803039097785006,0.3908,6.67,0.7951
C1105,1.3282707147412267,2.3108182590219744,1.0959356113853815,1.4578133375376312,1.5130527654811088,-0.8948478751192149,-1.623853388146382,0,0,0,3.0,False,True,False,False,False,True,False,True,False,2020,12,12,5,4,3,0,1,14.000709712167255,695.8876130525675,1.8392911871460735,0.4024,6.67,0.2257
C1106,1.5092018751738485,0.16553825401817285,0.8104699199376607,-1.02650316867036,-1.4932967543507847,-0.034059309722715515,1.654052339082758,0,0,1,3.0,True,False,False,False,False,False,True,True,False,2024,7,22,0,2,2,0,0,13.343374769281247,659.3467069759278,0.356699422952853,0.6971,12.83,0.9369
C1107,-0.5715064698013032,-1.1372548324510203,-0.8773564742642085,0.7542186606131533,0.22461725698172583,-1.7091073288726604,1.2484622041050242,0,0,1,2.0,False,False,False,True,False,False,False,False,False,2022,10,21,4,0,0,0,1,12.511983975828368,376.74985069671897,-1.3205925261765548,0.5227,0.83,0.8489
C1108,-1.5666278521807235,-0.4874279099010607,-0.9432872076492719,-0.3758251814776609,1.5130527654811088,-0.12711753300882356,0.26121894373876736,0,0,1,2.0,False,True,False,False,True,False,False,False,False,2024,7,18,3,1,1,0,0,13.010753128339639,361.25204497691084,-0.3395720212547164,0.2918,12.17,0.6347
C1109,6.427966085902237e-16,-0.8248041505318123,-0.6625701227690005,0.3206924317465783,0.6540957598148535,-0.871583319297688,-1.3574544131269157,0,0,1,2.0,True,False,False,False,False,False,True,False,False,2022,6,24,4,0,0,0,1,12.782731402062351,423.3211074350061,-0.7971885171412608,0.5034,6.83,0.2835
C1110,-1.3856966917481015,-0.3272376865934927,-0.42910863961022055,-0.5652932021918405,-1.063818251517657,-0.05732386554424252,-0.9979540662148336,0,0,1,3.0,False,False,False,False,False,False,True,False,False,2022,1,22,5,1,1,0,0,13.103159844215432,468.7224765252889,-0.14961374669743951,0.4479,12.67,0.3615
C1111,6.427966085902237e-16,0.6712632600195994,1.4869529286370686,1.7372420818862468,-1.4932967543507847,0.7569355882092028,-0.7762621856190495,0,0,0,1.0,False,False,False,False,False,False,True,False,False,2020,6,17,2,2,3,1,2,13.5415307788443,743.0287679491286,0.788329023426949,0.7261,18.5,0.4096
C1112,-0.5715064698013032,0.4385203074728096,-0.5874116657388573,-1.1043830284282825,1.0835742626479812,0.5010254741724057,-0.9090007752481262,0,0,1,3.0,False,True,False,False,False,False,True,False,False,2019,7,21,6,2,2,0,0,13.455179940184866,438.4506357618837,0.5986572289544179,0.2756,16.67,0.3808
C1113,1.6901330356064703,-0.06202792145200597,0.6542664907475653,-1.5021568348309247,-1.4932967543507847,1.5479304861411212,-0.022694150745646194,0,0,1,2.0,True,False,False,False,True,False,False,False,False,2023,9,19,1,1,2,0,2,13.239552743540496,638.4673131805574,0.13562605556771057,0.7251,24.17,0.5731
C1114,0.6045460730107391,-0.3277250641578605,-0.2615325233705172,0.058920834208575544,1.0835742626479812,0.2218508043140816,1.522696443095651,1,0,1,2.0,True,False,False,False,False,True,False,False,True,2023,7,15,5,1,1,0,0,13.102891260283643,498.7697063776027,-0.15016969603126448,0.5073,14.67,0.9084
C1115,-1.023834370882858,1.1322519119486252,0.5623116040779557,1.2084741257948137,0.6540957598148535,-0.7319959843685259,-0.20705330300825248,1,0,1,1.0,False,False,False,False,True,False,False,False,True,2019,1,8,1,3,3,0,1,13.693270051278418,625.8502456658462,1.1276439930685893,0.4426,7.83,0.5331
C1116,-0.4810408895849922,-1.3670807718134426,-1.248377959595373,-1.3112922985926845,-1.063818251517657,-0.871583319297688,0.5446711403425248,0,0,0,2.0,False,False,False,False,True,False,False,False,False,2018,7,12,3,0,0,0,1,12.252283247392471,278.52660555142666,-1.803039097785006,0.3704,6.83,0.6962
C1117,-0.4810408895849922,0.2201651998911575,0.5879768031265441,1.1400872380845954,1.5130527654811088,-1.150757989156012,0.6377725122351408,0,1,1,2.0,False,False,False,True,False,False,False,False,False,2019,3,26,1,2,2,0,1,13.36677115171173,629.3971957357294,0.40699608708923724,0.6205,4.83,0.7164
C1118,0.5140804927944281,-1.0859940867960998,-0.45156296506043203,0.058920834208575544,-1.063818251517657,-0.034059309722715515,1.270585302376537,0,0,0,1.0,True,False,False,False,False,False,False,False,False,2019,9,19,3,0,0,0,0,12.561738955969115,464.5486734455282,-1.2259959689008118,0.7561,12.83,0.8537
C1119,-0.661972050017614,1.004406693845692,0.3888967602564776,1.490943258428047,-0.6343397486845295,-0.7552605401900528,-1.6252360817883515,0,0,1,2.0,False,True,False,False,False,False,False,False,False,2025,1,14,1,3,3,0,1,13.653442950134963,601.3361705402396,1.0378342075225866,0.4252,7.67,0.2254
C1120,1.0568739740922939,-0.93725405416261,1.5418890096408089,0.13387020227823043,0.22461725698172583,-1.6858427730511334,-0.3448617693245508,0,0,2,3.0,False,True,False,True,False,False,False,False,True,2019,10,18,4,0,0,0,1,12.693502121432095,749.4143380000145,-0.9720408784804797,1.7248,1.0,0.5032
C1121,1.6901330356064703,0.2201651998911575,0.26569706038040564,0.20990818386481727,-0.20486124585140184,1.4316077070334863,0.9705407820691451,0,1,0,2.0,True,False,False,False,True,False,False,False,False,2022,9,26,0,2,2,0,2,13.36677115171173,583.2949339742288,0.40699608708923724,0.5329,23.33,0.7886
C1122,1.0568739740922939,0.30519053772748955,0.8883339938007769,1.2365828697586256,-0.6343397486845295,0.5010254741724057,1.074703703097518,0,0,1,2.0,False,False,True,True,False,False,False,True,False,2024,9,8,6,2,2,0,0,13.402131663288147,669.5114935533221,0.48334888466502657,0.6777,16.67,0.8112
C1123,-1.4761622719644125,-1.0445924505333433,-1.248377959595373,-0.9803527119948626,-1.4932967543507847,-0.31323397958103966,1.4632406164909604,1,0,0,1.0,False,True,False,False,False,False,True,False,False,2018,9,18,1,0,0,0,0,12.600192202250842,278.52660555142666,-1.1524011502582197,0.2615,10.83,0.8955
C1124,0.875942813659672,-0.6503459971287199,-0.3503563745045091,-1.0928789761252815,0.22461725698172583,-1.4066681031928092,0.6870885854653876,0,0,1,2.0,False,False,False,True,False,False,False,False,False,2022,4,26,1,0,1,0,1,12.907102922676241,483.0759774611029,-0.5495306278343958,0.5788,3.0,0.7271
C1125,1.5092018751738485,2.3108182590219744,2.4927767082295493,1.8847548238513878,0.22461725698172583,0.8965229231383649,-0.8947129409477741,0,0,0,1.0,False,False,True,True,False,False,False,False,False,2022,4,13,2,4,3,1,2,14.000709712167255,852.3955595848678,1.8392911871460735,0.6037,19.5,0.3839
C1126,0.24268375214549534,0.2201651998911575,-0.25700112244962126,1.1903671869613401,-1.063818251517657,0.058998913563392534,0.00542061997440124,1,1,1,2.0,False,False,True,False,False,False,True,True,False,2024,9,6,4,2,2,0,0,13.36677115171173,499.5571138518598,0.40699608708923724,0.3909,13.5,0.5792
C1127,1.6901330356064703,-0.531221514735493,-0.5139043290203477,-0.6510290223940404,0.22461725698172583,-1.2438162124421202,-1.6303059584755732,0,0,0,3.0,False,True,False,False,False,False,False,False,False,2023,4,2,6,1,1,0,1,12.983929955155379,452.759019788673,-0.3942200346419169,0.4709,4.17,0.2243
C1128,-0.4810408895849922,-0.44955813293465907,-0.7774773284080831,-1.0591602770335193,0.6540957598148535,-0.2434403121164586,0.49397237347030765,0,0,0,2.0,False,False,True,False,False,False,True,True,False,2023,12,8,4,1,1,0,0,13.033381726153046,399.0828234840482,-0.29329833839895186,0.3482,11.33,0.6852
C1129,0.785477233443361,0.8380371135583775,2.4927767082295493,0.058920834208575544,0.22461725698172583,-0.4062922028671477,0.17364834641402943,0,0,1,1.0,False,False,True,False,False,True,False,False,False,2020,10,26,0,2,3,0,0,13.599119420206094,852.3955595848678,0.9161977123199901,0.9021,10.17,0.6157
C1130,1.4187362949575375,0.4628930707993203,0.6612154573825836,-1.1414151158150843,-1.4932967543507847,1.036110258067527,0.562646157688129,0,0,0,2.0,False,True,False,True,False,False,False,False,False,2024,3,16,5,2,2,0,2,13.464580153944526,639.4106583409445,0.6191859591601229,0.5807,20.5,0.7001
C1131,6.427966085902237e-16,-0.2561504201400549,-0.16882116385066234,0.9063249585956958,0.6540957598148535,-0.5226149819747827,1.4729194719847476,0,0,1,2.0,False,True,False,True,False,False,False,False,True,2018,2,17,5,1,1,0,0,13.141581677151668,514.640097543905,-0.06985188236704849,0.5196,9.33,0.8976
C1132,1.0568739740922939,-0.2269237137218344,-0.39612335663560705,0.24343188017496245,0.6540957598148535,0.47776091835087875,0.633624431309232,0,0,1,2.0,False,False,True,False,False,False,False,False,True,2019,4,15,0,1,1,0,0,13.156959896201075,474.7872365597037,-0.03779828307807694,0.4355,16.5,0.7155
C1133,-1.2047655313154797,-1.340433592186893,-1.227431968260799,-1.643957211468241,-0.6343397486845295,1.6642532652487563,-0.6347665362574991,0,0,1,3.0,False,False,False,False,True,False,False,False,True,2024,1,9,1,0,0,0,2,12.286087952828323,284.97491117640516,-1.7412998614468522,0.3748,25.0,0.4403
C1134,6.427966085902237e-16,-1.3670807718134426,-0.9238241867136469,-1.2390031467982845,0.22461725698172583,1.5246659303195942,-1.0551054034162417,0,0,1,3.0,True,False,False,False,False,False,True,True,False,2020,12,28,0,0,0,0,2,12.252283247392471,365.895353892339,-1.803039097785006,0.6392,24.0,0.3491
C1135,6.427966085902237e-16,-0.5006176299885625,-0.49147824952735797,-0.18187468320914021,-1.063818251517657,0.33817358342171666,1.212051271533159,1,0,1,2.0,False,False,True,False,True,False,False,True,False,2021,10,25,0,1,1,0,0,13.002749992680624,457.0351408808736,-0.35590019932718453,0.4708,15.5,0.841
C1136,-1.6570934323970343,-0.8650590138783489,-0.6990773883851042,-0.983326871530819,1.0835742626479812,-1.4997263264789171,-1.070775931358563,0,0,1,2.0,False,False,True,False,False,True,False,False,False,2019,4,2,1,0,0,0,1,12.751696052236598,415.77352008034376,-0.8582707920706324,0.5009,2.33,0.3457
C1137,6.427966085902237e-16,0.2201651998911575,0.19053612462340405,0.36074803049505155,-0.6343397486845295,-0.5226149819747827,-1.1836959121194095,0,1,2,2.0,False,False,False,False,False,False,True,False,False,2021,4,17,5,2,2,0,0,13.36677115171173,572.0090471312494,0.40699608708923724,0.5125,9.33,0.3212
C1138,0.69501165322705,0.2201651998911575,0.030530674301649272,0.058920834208575544,-1.063818251517657,-0.941376986762269,-1.0279124284575072,1,1,0,1.0,False,False,True,False,False,True,False,False,False,2022,11,16,2,2,2,0,1,13.36677115171173,547.2085708393098,0.40699608708923724,0.469,6.33,0.355
C1139,0.69501165322705,-0.9593682746308605,-1.043927726164548,0.058920834208575544,0.22461725698172583,0.943052034781419,0.01648216911015738,0,0,0,2.0,False,False,True,False,False,True,False,True,False,2019,10,10,3,0,0,0,2,12.67497720226693,336.2206269698514,-1.0080493097466419,0.3537,19.83,0.5816
C1140,-0.028712988503437474,-0.1630621193684882,-0.856312947910004,-0.6017551350703604,-0.6343397486845295,1.4316077070334863,-1.3132082165838905,0,0,1,2.0,True,False,False,False,False,True,False,False,False,2023,2,2,3,1,1,0,2,13.189761019856418,381.5638871801156,0.030818542279684124,0.2722,23.33,0.2931
C1141,0.875942813659672,-0.7047168273414417,-1.1153091222660463,0.058920834208575544,0.22461725698172583,1.175697592996689,1.5005733448241383,0,0,1,2.0,True,False,False,False,False,False,True,False,False,2018,1,14,6,0,1,0,2,12.869974546445228,317.27171320494364,-0.6239482569775581,0.2591,21.5,0.9036
C1142,-0.842903210450236,2.3108182590219744,2.4927767082295493,1.8847548238513878,-1.4932967543507847,-0.7319959843685259,1.5978227976426629,0,0,0,2.0,True,False,False,False,False,False,True,True,False,2020,12,14,0,4,3,1,1,14.000709712167255,852.3955595848678,1.8392911871460735,0.6037,7.83,0.9247
C1143,0.69501165322705,0.09523348534269221,-0.5309750903137285,-0.36079817405270537,-0.6343397486845295,-1.057699765869904,1.6240939768400848,0,0,1,1.0,False,True,False,False,False,False,False,True,False,2023,8,13,6,1,2,0,1,13.312434925286345,449.47676246942956,0.2904568447643072,0.3341,5.5,0.9304
C1144,0.42361491257811723,-1.3670807718134426,-1.248377959595373,-1.643957211468241,-1.063818251517657,0.7336710323876758,-1.6072610644427474,0,0,0,2.0,False,True,False,True,False,False,False,False,False,2020,1,2,3,0,0,0,2,12.252283247392471,278.52660555142666,-1.803039097785006,0.3704,18.33,0.2293
C1145,1.6901330356064703,0.2201651998911575,0.8015022896782624,1.366347008029947,-1.4932967543507847,1.059374813889054,1.528227217663529,1,1,0,1.0,True,False,False,False,True,False,False,False,False,2023,9,11,0,2,2,0,2,13.36677115171173,658.1659441204779,0.40699608708923724,0.6785,20.67,0.9096
C1146,1.1473395543086047,-0.864963366216347,-1.113714147999992,-0.7067351632415839,-0.20486124585140184,0.15205713684950056,1.705672901716288,0,0,1,1.0,True,False,False,False,True,False,False,False,False,2019,3,12,1,0,0,0,0,12.751770947276016,317.70745978021984,-0.8581237296155245,0.2924,14.17,0.9481
C1147,-1.7475590126133453,-1.0837112712622987,-0.7473161799971525,-1.2278755907524765,-1.063818251517657,-1.01117065422685,1.515322077005147,0,0,1,3.0,False,True,False,False,False,True,False,False,False,2025,1,5,6,0,0,0,1,12.563898162306048,405.58518217508885,-1.2218747614520074,0.5751,5.83,0.9068
C1148,0.6045460730107391,2.3108182590219744,1.9990399700110706,1.8847548238513878,1.0835742626479812,1.24549126046127,0.5769339919884804,0,0,1,1.0,False,False,False,False,False,False,True,False,False,2021,5,7,4,4,3,1,2,14.000709712167255,800.5789405174233,1.8392911871460735,0.5326,22.0,0.7032
C1149,-0.661972050017614,0.04606144781930444,-0.755070790505906,-0.5635055488894772,1.5130527654811088,-0.8483187634761609,0.6815578108975099,0,0,1,2.0,False,False,True,False,False,False,True,True,False,2023,9,11,0,1,2,0,1,13.290211852609607,403.9233838242099,0.24306651307084962,0.2759,7.0,0.7259
C1150,-1.5666278521807235,0.2201651998911575,-0.04429413456441402,-1.1225104613689192,0.22461725698172583,0.6173482532800408,-1.3196607869130814,0,1,1,1.0,False,False,True,False,False,True,False,True,False,2024,10,30,2,2,2,0,2,13.36677115171173,535.2166850911881,0.40699608708923724,0.4487,17.5,0.2917
C1151,1.6901330356064703,0.5654232943521911,-0.8144678304719202,0.6992535657641347,-1.063818251517657,1.3385494837473781,1.279803259989667,0,0,1,3.0,True,False,False,True,False,False,False,True,False,2020,3,25,2,2,3,0,2,13.503184433409709,390.96052230372317,0.703796695837411,0.2089,22.67,0.8557
C1152,-1.2952311115317907,-0.5267402830168375,0.07769733008029774,-1.2770926013979857,-0.20486124585140184,1.2920203721043242,-1.536282790821644,0,0,1,2.0,False,False,False,False,True,False,False,False,False,2019,9,19,3,1,1,0,2,12.98670794775228,554.6345733904442,-0.3885705208780833,0.7046,22.33,0.2447
C1153,-1.1142999510991687,0.2201651998911575,0.17434882769814483,-0.14205145827239612,-1.063818251517657,-1.4531972148358632,-0.6439844938706296,0,1,1,1.0,False,True,False,False,False,False,False,False,False,2022,3,12,5,2,2,0,1,13.36677115171173,569.5491550340497,0.40699608708923724,0.5081,2.67,0.4383
C1154,6.427966085902237e-16,-0.6976037493749948,-1.0575868946288456,0.7669320663585153,-1.4932967543507847,-0.9181124309407419,1.6840107013254317,1,0,2,2.0,True,False,False,True,False,False,False,False,False,2019,10,24,3,0,1,0,1,12.874910970480617,332.67817782355365,-0.6140779145087302,0.2835,6.5,0.9434
C1155,-1.023834370882858,2.2408729553508833,0.6410064549522532,1.8847548238513878,0.6540957598148535,0.8267292556737839,-0.2826405554359211,1,0,1,2.0,False,False,False,False,False,False,True,False,False,2024,1,19,4,4,3,1,2,13.984877295613614,636.6633411780515,1.8018352293955437,0.3422,19.0,0.5167
C1156,1.5092018751738485,-0.11838529995301633,-0.21758855837643054,-1.306530224298629,1.5130527654811088,-0.05732386554424252,-1.288780628909095,0,0,2,3.0,False,False,False,False,False,True,False,True,False,2023,12,13,2,1,1,0,0,13.21208498838961,506.3540757217226,0.07771179034884966,0.4688,12.67,0.2984
C1157,1.1473395543086047,1.5824803684070594,0.12251374928367037,-0.5328613278876707,-1.063818251517657,0.8267292556737839,1.6084234488977631,0,0,1,1.0,False,False,False,False,True,False,False,False,False,2018,1,3,2,4,3,0,2,13.822104261642316,561.5995815525507,1.4218700759257192,0.3133,19.0,0.927
C1158,0.33314933236180627,-0.407447593942194,-0.7195530557095318,0.8240870943248699,-0.6343397486845295,-0.31323397958103966,1.6595831136506363,0,0,1,3.0,False,True,False,False,False,True,False,False,False,2024,9,19,3,1,1,0,0,13.05795730616155,411.47974433743394,-0.24286482322764724,0.3612,10.83,0.9381
C1159,-0.4810408895849922,-0.9480012622717457,-0.7270333922091815,-1.3552299548300968,1.0835742626479812,-0.6156732052608908,-1.0956644169140148,1,0,1,3.0,False,True,False,False,False,False,True,False,False,2021,8,20,4,0,0,0,1,12.684542119423465,409.8998902171114,-0.9894696880882512,0.5206,8.67,0.3403
C1160,1.0568739740922939,-1.3236681665827374,-0.8035885253567211,-1.643957211468241,-0.20486124585140184,1.5944595977841753,1.2470795104630545,0,0,1,3.0,False,False,True,False,False,True,False,False,False,2023,6,25,6,0,0,0,2,12.306785477418776,393.36678812528135,-1.7033439735274587,0.6996,24.5,0.8486
C1161,1.0568739740922939,0.44167897438272274,0.08001787957808534,0.4308723116707388,-1.063818251517657,-0.08058842136576953,-0.3927951489128284,0,0,1,2.0,False,False,True,False,True,False,False,True,False,2018,3,21,2,2,2,0,0,13.456403186642683,554.9973603540832,0.6013269857118958,0.4411,12.5,0.4928
C1162,0.33314933236180627,0.2201651998911575,0.6236543293380583,0.6624277237555202,-0.20486124585140184,1.5944595977841753,-0.42413620479747144,1,1,0,2.0,False,False,False,False,False,True,False,False,False,2019,4,4,3,2,2,0,2,13.36677115171173,634.2949077519069,0.40699608708923724,0.6302,24.5,0.486
C1163,-0.752437630233925,-1.0307586165192917,-0.438568556552625,-1.0733932031698765,0.6540957598148535,1.385078595390432,-0.8343353185817703,0,0,1,2.0,False,False,False,False,True,False,False,True,False,2022,1,26,2,0,0,0,2,12.612718189982466,466.96861778924716,-1.1283360456157474,0.726,23.0,0.397
C1164,1.6901330356064703,0.2572702080408009,-0.46283892411775857,1.135115760831562,-1.4932967543507847,-0.15038208883035056,-1.5879033534551736,1,0,0,3.0,False,True,False,False,False,True,False,False,False,2021,6,13,6,2,2,0,0,13.382356448197427,462.4384932074751,0.4405989545278719,0.3298,12.0,0.2335
C1165,-1.6570934323970343,-1.2931329557470939,-0.7904794036757077,-1.417127065782834,-0.6343397486845295,-1.2205516566205932,-0.8158994033555098,0,0,0,2.0,False,False,True,False,False,True,False,False,False,2020,9,7,0,0,0,0,1,12.34341570825158,396.24682964031393,-1.6358803226883922,0.6843,4.33,0.401
C1166,-1.5666278521807235,0.2201651998911575,0.7129224490277795,-0.8711107169851953,0.22461725698172583,-0.987906098405323,-1.5565622975705307,0,1,1,2.0,False,False,False,False,True,False,False,True,False,2018,8,26,6,2,2,0,1,13.36677115171173,646.3868191725447,0.40699608708923724,0.6544,6.0,0.2403
C1167,1.5092018751738485,0.2201651998911575,-0.17135834254689714,0.5115878771252859,-1.063818251517657,1.1291684813536351,1.453100863116517,0,1,1,2.0,False,False,True,False,False,True,False,False,False,2020,9,13,6,2,2,0,2,13.36677115171173,514.212300514097,0.40699608708923724,0.4142,21.17,0.8933
C1168,6.427966085902237e-16,-1.3670807718134426,-0.8308860525086694,-0.5683118896505251,-1.4932967543507847,-1.2205516566205932,0.5451320382231809,1,0,0,2.0,False,False,True,True,False,False,False,False,False,2024,5,12,6,0,0,0,1,12.252283247392471,387.30086496159544,-1.803039097785006,0.7161,4.33,0.6963
C1169,-1.6570934323970343,-0.3508046044922502,-0.6977737509921078,0.829735523669703,1.5130527654811088,0.8267292556737839,1.3226667628907232,0,0,1,3.0,False,False,False,False,False,False,False,False,False,2018,11,19,0,1,1,0,2,13.090089286901893,416.04539415789714,-0.17664287117159969,0.3575,19.0,0.865
C1170,-1.6570934323970343,-1.000229695858712,-1.0678126805256323,-1.643957211468241,-0.20486124585140184,-1.3834035473712822,0.737326454456948,0,0,1,1.0,False,True,False,True,False,False,False,False,False,2018,12,17,0,0,0,0,1,12.639817971849284,330.0012727248184,-1.076116423276875,0.3529,3.17,0.738
C1171,0.69501165322705,0.3809510342431529,0.9118940043641904,-0.004376065780804817,0.6540957598148535,1.152433037175162,-1.2883197310284384,0,0,2,3.0,False,False,False,False,False,False,False,False,False,2023,6,14,2,2,2,0,2,13.432619043300633,672.5568674840812,0.5495054933268569,0.6634,21.33,0.2985
C1172,0.24268375214549534,-0.49027354809896717,-0.5097538450082699,-1.2069910899552547,1.0835742626479812,-0.7087314285469988,1.5088695066759559,1,0,1,2.0,False,False,False,True,False,False,False,False,False,2018,10,11,3,1,1,0,1,13.009031888893396,453.55345881163777,-0.3430853891169583,0.4608,8.0,0.9054
C1173,1.5092018751738485,0.8908707359885568,0.18728795483253233,0.3230716990394049,-0.20486124585140184,0.943052034781419,1.368295653075718,0,0,0,3.0,False,False,True,False,False,False,False,False,True,2023,12,22,4,3,3,0,2,13.616692686075037,571.5162902315209,0.9554377254704871,0.3985,19.83,0.8749
C1174,1.0568739740922939,-0.5908314317589882,-0.9531481595394135,0.8501083354831956,1.0835742626479812,-1.5229908823004443,-0.5388997770809439,0,0,2,2.0,False,False,False,False,False,True,False,False,False,2019,5,31,4,1,1,0,1,12.946223323692404,358.87658045629,-0.4706701905359007,0.3072,2.17,0.4611
C1175,1.1473395543086047,-1.2869300291113723,-0.8173277048182098,-0.7601161179093118,0.6540957598148535,-0.941376986762269,-1.3565326173656027,1,0,1,2.0,False,True,False,False,True,False,False,False,False,2019,6,10,0,0,0,0,1,12.350695580202348,390.32551799747864,-1.6224283801095503,0.6592,6.33,0.2837
C1176,-1.7475590126133453,-1.3435630652843031,-0.8598216722450431,-0.7657591371316469,1.0835742626479812,-0.034059309722715515,0.6916975642719532,1,0,1,3.0,False,False,False,False,True,False,False,False,False,2023,5,1,0,0,0,0,0,12.282176606515057,380.7654396081661,-1.7484593916307167,0.6718,12.83,0.7281
C1177,-0.11917856871974841,-1.3670807718134426,-1.1630047844720892,-1.643957211468241,0.6540957598148535,1.5944595977841753,0.7755809785514387,0,0,1,2.0,False,True,False,False,False,False,True,False,False,2024,3,1,4,0,0,0,2,12.252283247392471,303.9527594873914,-1.803039097785006,0.4411,24.5,0.7463
C1178,-1.6570934323970343,0.42038658378709365,1.3959087146862101,0.972378230234562,-1.4932967543507847,-0.6854668727254718,1.3576950018206186,0,0,1,3.0,False,True,False,False,False,False,False,False,False,2019,11,8,4,2,2,0,1,13.44812825141041,732.3235282305219,0.583276352096386,0.7744,8.17,0.8726
C1179,0.5140804927944281,2.3108182590219744,2.4927767082295493,1.8847548238513878,-1.063818251517657,-0.05732386554424252,-1.5602494806157827,0,0,1,2.0,False,False,True,False,False,False,True,False,False,2020,12,21,0,4,3,1,0,14.000709712167255,852.3955595848678,1.8392911871460735,0.6037,12.67,0.2395
C1180,1.0568739740922939,0.15634409013232933,-0.5075632269137019,0.8288574346425216,0.22461725698172583,-0.3830276470456207,-1.2523696963372304,0,0,0,2.0,True,False,False,False,False,False,True,False,True,2023,12,2,5,2,2,0,0,13.339382581128254,453.97220179213616,0.3481347989348316,0.3318,10.33,0.3063
C1181,-1.2952311115317907,0.2201651998911575,0.5364141540872319,0.058920834208575544,-1.063818251517657,0.943052034781419,0.3257446470306798,0,1,1,2.0,True,False,False,False,False,False,False,False,False,2024,10,20,6,2,2,0,2,13.36677115171173,622.2507051020513,0.40699608708923724,0.6065,19.83,0.6487
C1182,1.0568739740922939,1.232633374698617,1.7483796387896313,-0.7984412446853898,1.5130527654811088,-1.290345324085174,0.39764471641309634,0,0,1,2.0,False,False,True,False,True,False,False,True,False,2022,9,30,4,3,3,0,1,13.723466406876991,772.9444029165358,1.1960953719532748,0.655,3.83,0.6643
C1183,-1.4761622719644125,-0.7817152673107225,-0.9856994923794047,-1.1391450163472572,1.5130527654811088,-1.360138991549755,-1.6261578775496648,0,0,2,2.0,False,False,False,False,False,False,False,False,False,2020,5,17,6,0,1,0,1,12.814917902487064,350.92095976159646,-0.7335392252498205,0.3349,3.33,0.2252
C1184,-0.842903210450236,1.4862381738584225,-0.305201753197015,1.0992043330573038,-0.6343397486845295,0.01246980192033851,-0.370211152760659,0,0,0,1.0,False,False,True,False,False,True,False,False,False,2024,1,18,3,3,3,0,0,13.795924813347346,491.11673765002143,1.3616209385259597,0.246,13.17,0.4977
C1185,-0.3001097291523703,-0.7516377592135564,-0.2088641892180029,-1.6255958188415953,-1.063818251517657,0.7336710323876758,0.276889471681089,0,0,0,2.0,False,True,False,False,False,False,True,True,False,2020,4,3,4,0,1,0,2,12.836786580637046,507.8463547176449,-0.6901177584893539,0.6863,18.33,0.6381
C1186,1.5996674553901595,-0.7363612550480705,0.025577659235611887,0.2682058366974915,0.6540957598148535,1.4316077070334863,0.8083047280780518,0,0,1,1.0,True,False,False,False,False,False,True,False,False,2021,6,30,2,0,1,0,2,12.847713298443658,546.4229039855485,-0.6683686845631421,0.7859,23.33,0.7534
C1187,0.33314933236180627,-0.529050923325039,-0.22093040098461922,-1.429188400927203,0.6540957598148535,-0.010794753901188501,-0.6495152684385077,0,0,0,3.0,False,False,True,False,False,False,False,False,False,2022,6,23,3,1,1,0,0,12.985276505834658,505.7812966095128,-0.3914818923168171,0.5868,13.0,0.4371
C1188,-1.3856966917481015,-0.48645104571362746,-0.7496621508564396,-1.607152952585791,-0.6343397486845295,-1.313609879906701,-0.06970573457261095,1,0,1,3.0,False,False,False,False,False,False,True,False,False,2022,3,10,3,1,1,0,1,13.011343321161322,405.083164300863,-0.3383671195583944,0.3667,3.67,0.5629
C1189,6.427966085902237e-16,0.46074345897275626,1.5403579058249621,-0.1118445894057952,-0.20486124585140184,-0.7319959843685259,1.0714774179329218,0,0,1,2.0,False,False,True,False,True,False,False,False,True,2022,11,30,2,2,2,0,1,13.463754624403728,749.2371053278127,0.6173819592899751,0.798,7.83,0.8105
C1190,-1.2952311115317907,-0.89119802136179,-0.26132627023798827,-1.0478147272413592,0.6540957598148535,-0.5691440936178368,1.5549592947416073,0,0,1,2.0,True,False,False,False,False,False,True,False,False,2023,10,21,5,0,0,0,0,12.731015263972397,498.80557334496575,-0.8988159803091023,0.736,9.0,0.9154
C1191,0.1522181719291844,0.8080548831129156,0.6393867510624269,1.459635784564618,-0.6343397486845295,-1.6625782172296062,-0.9463335035813037,0,0,0,2.0,False,False,True,False,False,False,False,False,False,2023,1,24,1,2,3,0,1,13.589007783271702,636.4426368495435,0.8936659358579514,0.508,1.17,0.3727
C1192,-0.842903210450236,0.7848484662473829,1.4744816467859694,0.13974322209870854,0.6540957598148535,-0.35976309122409367,-0.8675199659890398,0,0,1,2.0,False,False,True,False,True,False,False,False,False,2019,5,11,5,2,3,0,0,13.581110514389362,741.5714935189999,0.8760922148025007,0.6952,10.5,0.3898
C1193,-0.39057530936868123,0.04260640266078989,0.6511884307929405,0.08825579019369857,0.22461725698172583,-1.080964321691431,1.5065650172726728,1,0,1,3.0,True,False,False,False,True,False,False,False,False,2020,10,12,0,1,2,0,1,13.288631633384998,638.0490106567049,0.23970273975528594,0.6895,5.33,0.9049
C1194,1.1473395543086047,0.2201651998911575,1.1046385943190555,1.1400872380845954,0.6540957598148535,-0.6622023169039448,-0.3738983358059114,0,1,1,3.0,False,True,False,False,False,False,True,False,True,2020,7,9,3,2,2,0,1,13.36677115171173,696.9715417432766,0.40699608708923724,0.7609,8.33,0.4969
C1195,-1.023834370882858,1.5305625584651636,2.3356973084967185,0.11769795840171915,-1.4932967543507847,-0.2434403121164586,0.7410136375022001,0,0,1,2.0,False,True,False,False,False,False,False,True,False,2018,9,20,3,3,3,0,0,13.808066963021725,836.2587279066211,1.3895353223894753,0.7046,11.33,0.7388
C1196,-1.2952311115317907,1.116188802890876,1.280115565952148,0.1187240917103757,-0.6343397486845295,-0.10385297718729654,0.37413892449961383,0,0,0,3.0,True,False,False,False,False,False,True,True,False,2021,10,16,5,3,3,0,0,13.68835224264359,718.4778354270924,1.116525290777351,0.5862,12.33,0.6592
C1197,6.427966085902237e-16,-0.2659231691286937,-0.04240828458378719,0.058920834208575544,1.0835742626479812,-0.6389377610824178,-0.7550608831088498,1,0,0,2.0,False,False,True,False,False,True,False,False,True,2018,3,28,2,1,1,0,1,13.136386334538392,535.5222217611515,-0.08066408324901851,0.5656,8.5,0.4142
C1198,0.785477233443361,0.05320915874963291,-0.05249416652511028,0.4711185548454749,1.5130527654811088,1.5711950419626481,0.5170172675031335,0,0,0,3.0,True,False,False,False,False,True,False,False,False,2024,8,6,1,1,2,0,2,13.293473065440686,533.8861208160407,0.2500110992464073,0.4804,24.33,0.6902
C1199,-1.5666278521807235,0.27108010238857927,0.4695215593915544,-0.5417561324116805,-1.063818251517657,1.408343151211959,0.5239307357129814,0,0,1,1.0,False,True,False,False,True,False,False,False,False,2024,3,18,0,2,2,0,2,13.388095579382446,612.8553418221954,0.4529927001818174,0.5759,23.17,0.6917
C1200,-0.028712988503437474,0.2201651998911575,0.7964217642910529,0.3104680816183068,-0.6343397486845295,0.7336710323876758,0.3054651402817932,0,1,1,2.0,False,False,False,False,False,False,True,False,False,2020,7,31,4,2,2,0,2,13.36677115171173,657.4960532200935,0.40699608708923724,0.6771,18.33,0.6443
C1201,1.4187362949575375,0.2201651998911575,1.1802421845770883,-1.2984902824375257,-0.20486124585140184,0.15205713684950056,-1.3980134266246893,0,1,1,2.0,False,False,True,False,False,True,False,False,False,2024,8,7,2,2,2,0,0,13.36677115171173,706.3177401141784,0.40699608708923724,0.7814,14.17,0.2747
C1202,-0.11917856871974841,-1.3670807718134426,-1.248377959595373,0.49504090981789006,0.6540957598148535,-0.5458795377963097,1.697837637745127,0,0,1,2.0,False,True,False,True,False,False,False,True,False,2020,6,21,6,0,0,0,0,12.252283247392471,278.52660555142666,-1.803039097785006,0.3704,9.17,0.9464
C1203,0.5140804927944281,0.5427429211271543,0.5806643283155256,-0.7711929113187378,-0.6343397486845295,-1.057699765869904,-0.3582278078635897,0,0,1,1.0,False,False,True,False,False,True,False,False,True,2018,1,30,1,2,3,0,1,13.494772355677382,628.3886456644486,0.6853177546496295,0.5442,5.5,0.5003
C1204,-1.5666278521807235,1.0658978912277288,0.6378261907483347,1.8847548238513878,0.22461725698172583,0.8965229231383649,0.4640140112276345,0,0,0,3.0,True,False,False,False,False,False,True,False,False,2018,10,18,3,3,3,1,2,13.672797127730874,636.2299191330128,1.081410643659372,0.4669,19.5,0.6787
C1205,-0.11917856871974841,-1.1868307362145438,-0.8010030979539668,0.058920834208575544,-0.6343397486845295,1.5944595977841753,1.319440477726128,0,0,1,1.0,False,False,False,False,False,False,True,False,False,2025,1,28,1,0,0,0,2,12.461388512920289,393.9364669588232,-1.4160651031651605,0.6011,24.5,0.8643
C1206,-0.028712988503437474,0.3815192220565778,0.5767097213700587,0.6747120836132323,0.22461725698172583,1.24549126046127,-0.27895337239066903,0,0,1,2.0,True,False,False,False,False,True,False,False,True,2018,8,30,3,2,2,0,2,13.432844216593447,627.8425439550907,0.5499952393910966,0.578,22.0,0.5175
C1207,1.0568739740922939,-0.8353896641407744,-1.248377959595373,-1.643957211468241,1.5130527654811088,0.3614381392432437,0.9327471558553111,0,0,1,1.0,False,False,False,False,False,False,True,False,False,2020,7,26,6,0,0,0,0,12.774663154195357,278.52660555142666,-0.8130954417545183,0.2197,15.67,0.7804
C1208,-1.2047655313154797,0.2201651998911575,0.23543376536499183,-0.5694310237247266,1.5130527654811088,-1.150757989156012,1.6171805086302367,0,1,1,2.0,False,False,True,False,False,False,True,False,False,2018,10,4,3,2,2,0,1,13.36677115171173,578.7771764677664,0.40699608708923724,0.5247,4.83,0.9289
C1209,1.1473395543086047,1.5780694386450012,-0.22871371860907966,-0.25871917825979174,0.6540957598148535,-0.7785250960115798,-0.501567048747766,0,0,1,2.0,False,False,True,True,False,False,False,False,False,2018,5,9,2,4,3,0,1,13.82091928439633,504.44474424856486,1.419137860285786,0.2531,7.5,0.4692
C1210,1.6901330356064703,-1.0929250086929003,-1.248377959595373,-1.643957211468241,-1.063818251517657,-0.12711753300882356,-0.34117458627929875,0,0,2,2.0,True,False,False,False,True,False,False,False,True,2021,9,15,2,0,0,0,0,12.555154615664964,278.52660555142666,-1.2385550408287602,0.2736,12.17,0.504
C1211,-0.20964414893605934,-1.0937979369876591,-0.5936393805029416,-1.6355978079518523,0.6540957598148535,-1.6393136614080792,1.3881142619439484,1,0,0,1.0,False,False,False,False,False,False,True,True,False,2018,10,18,3,0,0,0,1,12.554322255816189,437.21687982053027,-1.2401418130051483,0.6747,1.33,0.8792
C1212,-1.7475590126133453,2.3108182590219744,1.00580524061786,1.4536945851334635,-0.20486124585140184,0.7104064765661489,-1.1906093803292572,0,0,2,1.0,False,False,False,False,False,False,False,True,False,2023,10,7,5,4,3,0,2,14.000709712167255,684.5612463468846,1.8392911871460735,0.3894,18.17,0.3197
C1213,-0.842903210450236,-0.4721465215996428,-0.6434776426762755,-0.6440586728572988,-1.4932967543507847,-1.01117065422685,-1.643671997014612,0,0,1,2.0,False,False,True,False,True,False,False,True,False,2020,9,1,1,1,1,0,1,13.01994603746373,427.2152267885591,-0.32079221232258276,0.4044,5.83,0.2214
C1214,0.69501165322705,1.448972956717727,-0.3615292069955711,0.9029689329040079,-1.063818251517657,1.3152849279258512,1.3996367089603614,0,0,1,3.0,True,False,False,False,True,False,False,False,False,2021,2,14,6,3,3,0,2,13.785601106552495,481.06567119261376,1.3379270875608777,0.2385,22.5,0.8817
C1215,0.42361491257811723,-1.3670807718134426,-1.248377959595373,-1.1435913325623663,-1.063818251517657,0.9895811464244729,1.0977485971303438,0,0,1,3.0,False,False,False,False,False,False,False,False,False,2023,6,12,0,0,0,0,2,12.252283247392471,278.52660555142666,-1.803039097785006,0.3704,20.17,0.8162
C1216,0.24268375214549534,-1.3573403247238087,-0.8894380195504594,0.4334709805484828,1.5130527654811088,0.3614381392432437,1.619484998033519,0,0,1,1.0,False,False,True,False,False,True,False,True,False,2020,5,27,2,0,0,0,0,12.264772922865223,373.9580056637376,-1.780265066523258,0.6594,15.67,0.9294
C1217,0.9664083938759829,0.2201651998911575,0.1302586754642336,1.2657871102764573,-1.4932967543507847,1.6409887094272293,-1.540891769628209,0,1,0,2.0,False,True,False,True,False,False,False,False,False,2024,1,18,3,2,2,0,2,13.36677115171173,562.7945006838642,0.40699608708923724,0.4961,24.83,0.2437
C1218,0.875942813659672,-0.7538431315920109,-0.12018762057523838,-0.42007578011688085,-0.6343397486845295,-0.1969112004734046,-1.2025927252263267,0,0,1,1.0,True,False,False,False,False,False,True,True,False,2019,6,26,2,0,1,0,0,12.835199250795439,522.7725987463383,-0.6932742903608645,0.7284,11.67,0.3171
C1219,1.3282707147412267,-1.3059555146160091,-1.1245611720212232,-1.0218572008342515,0.6540957598148535,0.31490902760018963,-1.3781948177564591,1,0,1,1.0,False,True,False,False,False,True,False,False,True,2024,5,27,0,0,0,0,0,12.328196778308218,314.73215596757825,-1.663954815828955,0.4383,15.33,0.279
C1220,-1.2047655313154797,0.07447797968928706,-0.44818273100834627,0.9100588280471983,-0.6343397486845295,-1.174022544977539,0.6202583927701933,0,0,1,2.0,True,False,False,False,False,False,False,True,False,2024,6,18,1,1,2,0,1,13.30311473541448,465.1793847538818,0.27056244182222927,0.3612,4.67,0.7126
C1221,-0.39057530936868123,0.1555301784800826,-0.23311732098475024,-0.4788636393670202,-0.6343397486845295,0.5708191416369868,0.35247672410875763,0,0,1,2.0,False,False,True,True,False,False,False,True,False,2023,4,21,4,2,2,0,2,13.339028404324733,503.6869861332532,0.3473752151177614,0.4086,17.17,0.6545
C1222,0.5140804927944281,0.2201651998911575,0.6143724772157715,-1.2733503079991535,0.6540957598148535,0.7104064765661489,-0.5001843551057965,1,1,0,1.0,False,False,False,True,False,False,False,True,False,2020,9,22,1,2,2,0,2,13.36677115171173,633.0243676194464,0.40699608708923724,0.6277,18.17,0.4695
C1223,-1.6570934323970343,-0.9888045178807707,-0.7378996695971723,-0.14554989391917736,-0.20486124585140184,-1.290345324085174,-1.5436571569121482,0,0,1,1.0,False,False,False,True,False,False,False,True,False,2023,4,22,5,0,0,0,1,12.649773911763521,407.59401369500017,-1.056878505195445,0.533,3.83,0.2431
C1224,-1.7475590126133453,-0.9020858333841203,-0.2611471678112785,0.058920834208575544,-1.063818251517657,-0.1969112004734046,0.46862299003419944,1,0,1,1.0,False,False,False,False,False,False,False,False,False,2022,7,26,1,0,0,0,0,12.722273198449487,498.83671677213175,-0.9159171914947182,0.7425,11.67,0.6797
C1225,-0.752437630233925,-1.188807849240236,-0.8619515903539898,-1.2095811106817937,0.22461725698172583,-0.33649853540256663,0.2284951942121547,0,0,1,3.0,True,False,False,False,False,True,False,False,False,2020,2,19,2,0,0,0,0,12.45931667759435,380.2799363626748,-1.4199591766683544,0.5613,10.67,0.6276
C1226,-1.3856966917481015,-1.3670807718134426,-1.248377959595373,0.2823552176707934,-1.4932967543507847,0.943052034781419,-1.3519236385590379,0,0,1,3.0,False,False,True,False,False,False,True,False,False,2019,1,22,1,0,0,0,2,12.252283247392471,278.52660555142666,-1.803039097785006,0.3704,19.83,0.2847
C1227,1.5092018751738485,-0.4156285216283228,0.11043889079545557,-0.5127783095875253,-1.063818251517657,-1.3834035473712822,1.3996367089603614,0,0,0,1.0,False,True,False,True,False,False,False,True,False,2019,2,2,5,1,1,0,1,13.053229974614744,559.7315338624402,-0.2525806195609113,0.6715,3.17,0.8817
C1228,1.0568739740922939,-0.7143332099781962,0.013887118700044143,-0.14720034329704582,-0.6343397486845295,0.2451153601356086,-1.0546445055355849,1,0,0,1.0,False,False,True,True,False,False,False,False,False,2022,11,1,1,0,1,0,0,12.863261868356664,544.5640090935133,-0.6373584736691904,0.7685,14.83,0.3492
C1229,-1.023834370882858,-0.6317039162947464,-0.7225539292626871,0.04855281181058398,-1.4932967543507847,0.31490902760018963,0.8276624390656255,1,0,2,3.0,False,True,False,False,False,True,False,True,False,2021,12,22,2,0,1,0,0,12.919522230437725,410.8466867336282,-0.5245454656850825,0.4135,15.33,0.7576
C1230,1.3282707147412267,-1.1050697086960994,-1.1302259852092473,0.5454531754080975,0.22461725698172583,-1.5695199939434983,1.3171359883228448,0,0,0,3.0,True,False,False,True,False,False,False,False,False,2022,10,1,5,0,0,0,1,12.543511628986757,313.1670800068232,-1.260732686956851,0.3499,1.83,0.8638
C1231,6.427966085902237e-16,0.6832289860417138,0.8121812790764306,1.4923463304574434,-1.063818251517657,-1.5927845497650253,0.2607580458581109,0,0,1,2.0,True,False,False,True,False,False,False,True,False,2022,8,11,3,2,3,0,1,13.545774933657198,659.5718004887717,0.7977149695024,0.5697,1.67,0.6346
C1232,-0.39057530936868123,2.3108182590219744,2.4927767082295493,1.8847548238513878,-1.063818251517657,1.175697592996689,-0.889182166379896,0,0,0,1.0,False,True,False,False,False,False,False,False,False,2023,3,28,1,4,3,1,2,14.000709712167255,852.3955595848678,1.8392911871460735,0.6037,21.5,0.3851
C1233,-1.5666278521807235,-0.9985858141072903,-0.2819259315501378,0.9050123904742777,-0.20486124585140184,-0.964641542583796,-0.6734819582326467,0,0,1,1.0,False,True,False,False,True,False,False,True,False,2018,8,10,4,0,0,0,1,12.641256575438529,495.21051079313736,-1.0733383786857256,0.7935,6.17,0.4319
C1234,-0.028712988503437474,1.7645638050319543,1.210125600290276,1.70300829488621,-1.063818251517657,-0.3830276470456207,1.319440477726128,1,0,1,2.0,False,True,False,False,False,True,False,False,False,2019,2,8,4,4,3,1,0,13.869833824346939,709.9780348715022,1.532325770851923,0.4774,10.33,0.8643
C1235,0.33314933236180627,0.07125370995355985,-0.8521353708369176,0.782606397957289,-1.063818251517657,1.6409887094272293,-0.711275584446481,0,0,0,2.0,False,False,True,False,False,True,False,False,False,2018,9,6,3,1,2,0,2,13.301659060857492,382.51236581318517,0.26745774583792326,0.2446,24.83,0.4237
C1236,1.1473395543086047,-0.2973703813465524,0.5645621727756062,-0.7250385931431644,0.22461725698172583,0.8267292556737839,0.8368803966787552,0,0,1,1.0,False,True,False,False,False,True,False,False,False,2022,7,8,4,1,1,0,2,13.11948295296205,626.1620796566972,-0.11578397160948616,0.7864,19.0,0.7596
C1237,0.33314933236180627,0.2201651998911575,0.9032300469673309,0.8384075448241268,0.22461725698172583,-0.7552605401900528,1.6803235182801797,1,1,0,2.0,True,False,False,False,False,False,False,True,False,2021,10,21,3,2,2,0,1,13.36677115171173,671.438567554769,0.40699608708923724,0.7062,7.67,0.9426
C1238,-0.842903210450236,-0.4138962074157078,-0.8691351713683801,-1.442015761148699,-1.4932967543507847,0.4544963625293517,1.7139690635681049,1,0,1,1.0,True,False,False,False,False,False,False,False,False,2019,3,24,6,1,1,0,0,13.054232855415716,378.6378876974675,-0.2505200360506255,0.307,16.33,0.9499
C1239,-1.1142999510991687,1.262494648777702,2.244117977768535,-0.6313702461905392,-0.6343397486845295,1.2687558162827972,0.10174827703161286,0,0,0,3.0,False,False,False,False,False,False,True,False,False,2020,10,15,3,3,3,0,2,13.732275970825684,826.7054070223564,1.2161241040026785,0.7428,22.17,0.6001
C1240,1.4187362949575375,-1.174649701200093,-1.086053746764961,-1.0761855504106934,0.22461725698172583,0.10552802520644655,1.1148018187146342,0,0,0,2.0,False,True,False,False,False,False,False,False,True,2020,2,24,0,0,0,0,0,12.474059305438068,325.1714163329858,-1.3922236122735439,0.4044,13.83,0.8199
C1241,1.5996674553901595,-0.5869089895921913,-0.6627815062896779,0.676260565254779,-1.4932967543507847,0.47776091835087875,1.6807844161608356,1,0,0,1.0,False,False,True,False,False,True,False,True,False,2020,2,19,2,1,1,0,0,12.94874866974962,423.277792944539,-0.46556356583333064,0.4263,16.5,0.9427
C1242,-0.028712988503437474,1.453824309737352,2.471522778316449,1.0564457416210524,-1.063818251517657,0.849993811495311,-0.4471810988302972,0,0,0,2.0,False,False,True,False,False,False,True,False,True,2024,1,6,5,3,3,0,2,13.786951142669194,850.2300512214326,1.3410234569515276,0.7438,19.17,0.481
C1243,1.3282707147412267,0.9656350167782078,0.8127210650834177,-0.8430088081223287,1.5130527654811088,0.5242900299939327,-0.8698244553923222,0,0,0,2.0,False,False,True,False,True,False,False,False,False,2023,1,12,3,3,3,0,0,13.641044271589475,659.6427821177156,1.0099847297719964,0.5181,16.83,0.3893
C1244,0.42361491257811723,-1.1663696477551622,-1.248377959595373,-0.015805985327178737,-1.4932967543507847,1.036110258067527,-1.3473146597524726,0,0,1,3.0,False,False,False,True,False,False,False,False,False,2019,7,29,0,0,0,0,2,12.482581517102926,278.52660555142666,-1.3761626016657673,0.2942,20.5,0.2857
C1245,1.3282707147412267,-0.5058182357283566,-0.6212513024522105,0.6449176741953601,1.5130527654811088,-0.12711753300882356,-1.2551350836211694,1,0,1,2.0,True,False,False,True,False,False,False,False,True,2022,9,25,6,1,1,0,0,12.999576727020234,431.7042853620983,-0.3623689375140981,0.4214,12.17,0.3057
C1246,0.42361491257811723,0.2201651998911575,0.6349647599921571,-1.047090538053802,-1.4932967543507847,1.3618140395689051,1.208364088487907,0,1,1,2.0,False,False,True,False,False,False,True,False,False,2020,1,22,2,2,2,0,2,13.36677115171173,635.8396967789917,0.40699608708923724,0.6333,22.83,0.8402
C1247,0.785477233443361,0.2201651998911575,-0.5749019924438606,-0.8208307681084505,-1.4932967543507847,1.6409887094272293,0.2925599996234107,0,1,0,2.0,True,False,False,False,True,False,False,True,False,2021,2,14,6,2,2,0,2,13.36677115171173,440.91846184980733,0.40699608708923724,0.3045,24.83,0.6415
C1248,-0.20964414893605934,0.9510038845742843,0.9747238504496091,-0.5492818943756941,1.5130527654811088,-0.5226149819747827,1.2779596684670411,0,0,1,2.0,False,False,False,True,False,False,False,False,False,2023,3,10,4,3,3,0,0,13.636325182209477,680.611651384253,0.9993984903504608,0.5541,9.33,0.8553
C1249,-0.20964414893605934,0.09282734537660764,0.45330048260725053,-0.9403254480534727,0.6540957598148535,1.5711950419626481,0.9866722078921228,1,0,0,3.0,False,True,False,False,False,False,True,False,False,2020,10,20,1,1,2,0,2,13.311358897013978,610.5552391061763,0.2881585878106545,0.6172,24.33,0.7921
C1250,-1.6570934323970343,0.3087271701566869,-0.14418895980903787,-1.225212281972453,-1.4932967543507847,1.105903925532108,0.5866128474822676,0,0,1,2.0,False,True,False,False,False,False,False,False,False,2018,11,5,0,2,2,0,2,13.403575741353048,518.7750283118878,0.4864756588735346,0.4063,21.0,0.7053
C1251,1.3282707147412267,0.042405635073160114,0.4019748113845471,-0.9928722382573566,1.5130527654811088,-1.057699765869904,0.36399917112517055,1,0,1,2.0,False,True,False,False,False,True,False,False,False,2022,12,21,2,1,2,0,1,13.288539732360068,603.2196283278587,0.23950713688760283,0.6163,5.5,0.657
C1252,6.427966085902237e-16,2.1712031613475946,2.4927767082295493,1.1446986766239209,0.22461725698172583,1.4316077070334863,-1.5749982127967914,0,0,0,1.0,False,False,True,False,True,False,False,False,False,2024,3,4,0,4,3,0,2,13.968854052104803,852.3955595848678,1.7640183628991346,0.6233,23.33,0.2363
C1253,6.427966085902237e-16,-0.7075429659966498,-0.6154963904251306,-0.9982686242744617,1.0835742626479812,0.6871419207446219,1.2728897917798194,1,0,1,2.0,False,True,False,True,False,False,False,False,False,2019,2,6,2,0,1,0,2,12.86800644253354,432.8590186192266,-0.6278814265467274,0.4833,18.0,0.8542
C1254,6.427966085902237e-16,-0.28436703544609276,-0.4517985594015851,-0.03919129010965056,1.0835742626479812,-1.7091073288726604,-0.297850185497586,1,0,1,3.0,False,False,True,False,False,True,False,False,True,2018,7,27,4,1,1,0,1,13.126507140148593,464.5046824306511,-0.10120075189759566,0.4297,0.83,0.5134
C1255,-1.4761622719644125,-1.1068735088982649,-1.129968601129666,-0.787945928828735,1.0835742626479812,-1.057699765869904,0.19254515952094642,1,0,1,3.0,False,False,False,False,False,False,True,False,False,2024,1,24,2,0,0,0,1,12.541770725426526,313.23835971987853,-1.2640454422138896,0.3507,5.5,0.6198
C1256,1.1473395543086047,-1.2132040342186026,-0.8815167578940981,0.6375164053847626,1.0835742626479812,-0.12711753300882356,-1.6662559931667815,1,0,1,1.0,False,False,False,True,False,False,False,True,False,2018,3,2,4,0,0,0,0,12.433392025921426,375.7908194727487,-1.4685830264187583,0.5625,12.17,0.2165
C1257,-0.5715064698013032,0.021076428452892135,0.7575355549839665,0.5039326975449663,0.6540957598148535,-0.49935042615325576,1.4936598766142901,0,0,0,1.0,False,False,True,False,False,True,False,True,False,2019,1,18,4,1,2,0,0,13.278727896309059,652.3459434993061,0.21863906653843784,0.7279,9.5,0.9021
C1258,0.061752591712873464,-0.9273355581176363,-0.9484140794642493,-0.48923794144271754,-0.6343397486845295,1.152433037175162,1.3784354064501612,0,0,1,3.0,True,False,False,False,False,False,False,True,False,2020,8,26,2,0,0,0,2,12.70170058734537,360.0189578341674,-0.9560728378812519,0.3948,21.33,0.8771
C1259,-0.028712988503437474,-0.3894572862479364,-0.5003255174221053,0.481906117876982,1.5130527654811088,0.31490902760018963,0.13585472020019512,1,0,1,3.0,False,True,False,False,True,False,False,False,False,2019,11,13,2,1,1,0,0,13.068275022577408,455.35297297810627,-0.22163548399302158,0.4377,15.33,0.6075
C1260,-1.1142999510991687,2.2623391027823967,1.350890826869593,0.389756607508045,-1.4932967543507847,0.1985862484925546,0.2533836797676065,1,0,1,1.0,False,True,False,False,False,False,True,True,False,2022,7,23,5,4,3,0,0,13.989762963210552,726.9719526914364,1.8133841294781488,0.444,14.5,0.633
C1261,-1.2047655313154797,2.124497020453399,1.870479014519892,1.8847548238513878,-0.20486124585140184,-1.4531972148358632,0.6949238494365485,0,0,0,2.0,False,True,False,True,False,False,False,True,False,2023,6,13,1,4,3,1,1,13.957966607102978,786.5267827607653,1.738374487787494,0.5365,2.67,0.7288
C1262,-1.5666278521807235,2.3108182590219744,1.5325232843190173,1.8847548238513878,1.0835742626479812,-0.5226149819747827,-0.8274218503719227,0,0,0,2.0,False,False,True,False,False,False,False,True,False,2023,5,26,4,4,3,1,0,14.000709712167255,748.3295530713724,1.8392911871460735,0.4653,9.33,0.3985
C1263,-0.3001097291523703,2.3108182590219744,2.4927767082295493,0.6172273398541231,-1.063818251517657,1.2687558162827972,-0.9753700700626643,0,0,1,3.0,False,False,False,False,True,False,False,True,False,2020,5,25,0,4,3,0,2,14.000709712167255,852.3955595848678,1.8392911871460735,0.6037,22.17,0.3664
C1264,6.427966085902237e-16,2.3108182590219744,2.292521057090955,0.058920834208575544,1.0835742626479812,1.408343151211959,0.5875346432435804,0,0,1,1.0,False,True,False,False,True,False,False,False,True,2022,7,1,4,4,3,0,2,14.000709712167255,831.7683631877327,1.8392911871460735,0.5749,23.17,0.7055
C1265,-0.752437630233925,0.15797735258820197,0.5376323618708356,-0.7289332176472206,1.0835742626479812,1.6409887094272293,-1.3814211029210548,0,0,1,1.0,False,False,False,False,False,False,False,True,False,2018,8,29,2,2,2,0,2,13.340092923404738,622.4204929145569,0.34965835331115486,0.6232,24.83,0.2783
C1266,0.1522181719291844,-1.0411300421699006,-0.8243571436089048,-1.643957211468241,-1.063818251517657,1.222226704639743,-0.17294685983967056,1,0,0,3.0,False,True,False,True,False,False,False,False,False,2019,11,6,2,0,0,0,2,12.60334202690001,388.7602988989488,-1.1463539214998901,0.5079,21.83,0.5405
C1267,0.1522181719291844,-1.0985408399889753,-0.7988882827854122,-1.643957211468241,0.6540957598148535,-0.08058842136576953,-0.03882557656862431,0,0,0,1.0,False,True,False,False,True,False,False,True,False,2022,4,2,5,0,0,0,0,12.549787625760848,394.4018382310103,-1.2487829391226466,0.5515,12.5,0.5696
C1268,0.875942813659672,1.757339094958637,0.17411259926407463,1.5482414434648444,-1.063818251517657,-1.336874435728228,-0.42413620479747144,0,0,1,2.0,False,False,True,False,False,False,True,False,False,2018,1,9,1,4,3,0,1,13.867982782640336,569.513178074046,1.5280273224710679,0.3078,3.5,0.486
C1269,1.5996674553901595,-0.28085367666463185,0.16316342863835992,0.5409378147671912,-1.063818251517657,-1.6625782172296062,-1.1016560893625498,0,0,1,2.0,True,False,False,False,False,True,False,False,True,2022,5,19,3,1,1,0,1,13.128396561095714,567.8431473567326,-0.09727541749099138,0.641,1.17,0.339
C1270,1.5996674553901595,-0.2029998468887119,-0.7494863341839374,0.2564357431289945,0.6540957598148535,-1.057699765869904,-0.5140112915254922,0,0,1,2.0,False,False,True,False,False,False,True,False,False,2020,12,22,1,1,1,0,1,13.16937424527882,405.12080914216193,-0.011868385319243856,0.3132,5.5,0.4665
C1271,-1.1142999510991687,-0.8045182619484768,-1.1369232169561287,0.004899197060365806,-1.063818251517657,-1.2205516566205932,-0.5753107096528086,0,0,2,2.0,False,True,False,False,True,False,False,False,False,2023,2,7,1,0,1,0,1,12.798013669122009,311.3066173405249,-0.7670059521839026,0.2681,4.33,0.4532
C1272,0.6045460730107391,-0.7133404723489839,-0.5202800180133873,-0.22208066220081682,-1.4932967543507847,-0.4760858703317287,-0.0167024782971117,0,0,1,2.0,False,True,False,False,False,True,False,True,False,2021,3,14,6,0,1,0,0,12.863956934418383,451.53593433967137,-0.6359705363694381,0.528,9.67,0.5744
C1273,0.6045460730107391,0.09218012336355563,0.4819652293783493,-1.217216965621868,1.0835742626479812,0.7569355882092028,0.5898391326468628,0,0,0,1.0,True,False,False,False,False,False,False,True,False,2022,9,29,3,1,2,0,2,13.311069260944507,614.613984546398,0.2875400261187855,0.6256,18.5,0.706
C1274,1.2378051345249157,-1.1295415607803823,-1.248377959595373,0.6578513262287818,-0.6343397486845295,-0.12711753300882356,1.604736265852511,0,0,0,2.0,False,False,False,False,False,True,False,False,False,2024,3,26,1,0,0,0,0,12.519630739823395,278.52660555142666,-1.3061000493187944,0.2835,12.17,0.9262
C1275,0.061752591712873464,-0.05812372079289471,-0.9110526330438378,-0.4190157983466436,0.6540957598148535,1.059374813889054,-1.244073534485413,0,0,1,3.0,False,False,False,False,False,True,False,False,False,2023,6,17,5,1,2,0,2,13.241427938223119,368.910517605557,0.13958851757565394,0.2416,20.67,0.3081
C1276,0.875942813659672,2.0113734020722216,2.4927767082295493,0.4041835740231057,-0.20486124585140184,-0.6389377610824178,1.2756551790637587,0,0,1,3.0,False,True,False,False,False,True,False,False,False,2019,9,27,4,4,3,0,1,13.931095000707773,852.3955595848678,1.6752612454233864,0.6473,8.5,0.8548
C1277,1.1473395543086047,-1.3670807718134426,-1.0980804141914668,-1.643957211468241,0.6540957598148535,-1.2670807682636471,-0.7601307597960714,0,0,1,1.0,False,False,False,False,True,False,False,False,False,2020,2,17,0,0,0,0,1,12.252283247392471,321.9473714755255,-1.803039097785006,0.4948,4.0,0.4131
C1278,0.69501165322705,-1.3670807718134426,-1.248377959595373,-1.1305018730233667,0.22461725698172583,-1.2438162124421202,0.3017779572365405,0,0,0,1.0,False,True,False,True,False,False,False,False,True,2021,4,30,4,0,0,0,1,12.252283247392471,278.52660555142666,-1.803039097785006,0.3704,4.17,0.6435
C1279,1.1473395543086047,0.4812096535742488,0.6304439080716112,0.058920834208575544,-0.20486124585140184,-1.7091073288726604,0.14783806509726444,1,0,0,2.0,True,False,False,False,True,False,False,False,False,2020,6,10,2,2,3,0,1,13.471586884212638,635.2226853631724,0.634506519802555,0.5691,0.83,0.6101
C1280,-1.3856966917481015,1.6885451523314596,1.084900319412546,1.8847548238513878,0.22461725698172583,1.5944595977841753,0.18286630402715986,0,0,0,2.0,True,False,False,True,False,False,False,True,False,2018,8,28,1,4,3,1,2,13.850183300529137,694.5107702548607,1.4867546740856419,0.4659,24.5,0.6177
C1281,-0.11917856871974841,-0.7602663623590902,-0.44777587393473267,-0.5995469603875717,1.5130527654811088,-1.336874435728228,0.7580668590864914,0,0,1,2.0,False,True,False,False,False,False,False,True,False,2024,6,30,6,0,1,0,1,12.83056168428922,465.25524177595247,-0.7024921524294518,0.5796,3.5,0.7425
C1282,-1.4761622719644125,-1.3670807718134426,-1.021547820164894,0.3848440151590309,1.5130527654811088,-0.5458795377963097,-0.42275351115550186,0,0,1,2.0,True,False,False,False,False,False,False,False,False,2024,1,30,1,0,0,0,0,12.252283247392471,341.9454488657511,-1.803039097785006,0.5582,9.17,0.4863
C1283,1.3282707147412267,1.8344283724560466,-0.1597119002914814,1.2381838235548202,0.6540957598148535,-1.4066681031928092,-0.6393755150640644,1,0,2,1.0,False,False,True,False,False,False,False,False,False,2018,9,7,4,4,3,0,1,13.887559229069472,516.1731008101837,1.5735478650756338,0.2479,3.0,0.4393
C1284,-0.3001097291523703,0.2201651998911575,0.7583707706455686,0.7378476470706373,0.22461725698172583,-0.35976309122409367,1.205598701203968,0,1,0,1.0,False,False,True,False,False,False,False,False,False,2021,7,8,3,2,2,0,0,13.36677115171173,652.4569870880379,0.40699608708923724,0.6668,10.5,0.8396
C1285,0.69501165322705,-0.6589522516522619,-0.5499201149807941,0.7628011864306785,-0.20486124585140184,0.1985862484925546,-0.9813617425111991,0,0,1,2.0,True,False,False,False,False,False,False,True,False,2018,8,23,3,0,1,0,0,12.90131700048182,445.80584338924945,-0.5611548466254911,0.4958,14.5,0.3651
C1286,0.875942813659672,0.2201651998911575,0.28614448174761153,-1.0722305124921743,-1.4932967543507847,-0.5691440936178368,-1.119170208827497,0,1,2,2.0,False,True,False,False,False,False,True,False,False,2018,7,25,2,2,2,0,0,13.36677115171173,586.3276558375871,0.40699608708923724,0.5385,9.0,0.3352
C1287,0.785477233443361,-0.8881303769851556,-0.5383461322523736,-0.870167482284142,0.6540957598148535,1.152433037175162,-1.6883790914382941,0,0,0,1.0,False,True,False,False,True,False,False,True,False,2024,7,20,5,0,0,0,2,12.73346460662713,448.0520728665364,-0.8940205541873203,0.5924,21.33,0.2117
C1288,-1.2952311115317907,-1.0247257466164763,-0.3837632139794535,0.16174472212819294,0.6540957598148535,-0.941376986762269,-1.0145463899184681,0,0,1,2.0,True,False,False,True,False,False,False,False,False,2023,5,7,6,0,0,0,1,12.618131963964526,477.0399459164819,-1.1179210106318138,0.7536,6.33,0.3579
C1289,1.3282707147412267,0.2201651998911575,-0.8342789684190997,-0.6951308959165886,-1.063818251517657,-1.5927845497650253,0.050127714398083216,0,1,0,2.0,False,False,False,False,False,False,False,False,False,2023,8,22,1,2,2,0,1,13.36677115171173,386.5402566357093,0.40699608708923724,0.234,1.67,0.5889
C1290,6.427966085902237e-16,2.3108182590219744,0.009085594196411834,1.507184043930868,0.6540957598148535,0.8034646998522569,0.11926239649656058,1,0,0,3.0,False,False,True,False,False,False,True,False,False,2023,12,16,5,4,3,0,2,14.000709712167255,543.7986851767849,1.8392911871460735,0.2457,18.83,0.6039
C1291,0.33314933236180627,1.2813145935618664,-0.058439594651409965,1.4906172231275518,1.0835742626479812,-0.5924086494393638,-0.8629109871824746,0,0,0,3.0,False,False,False,False,False,False,True,False,False,2019,10,7,0,3,3,0,0,13.737788555370402,532.9193184713798,1.2286705648167084,0.307,8.83,0.3908
C1292,0.785477233443361,0.3393321649345109,1.365698914055085,-0.7309173649897927,1.5130527654811088,-1.5927845497650253,-1.4924974921592749,0,0,1,2.0,False,True,False,False,False,False,True,True,False,2018,8,21,1,2,2,0,1,13.415986029619202,728.7366259493206,0.5133748658478573,0.7919,1.67,0.2542
C1293,6.427966085902237e-16,2.3108182590219744,2.4927767082295493,0.058920834208575544,1.0835742626479812,0.9895811464244729,0.8318105199915337,0,0,1,1.0,False,True,False,False,True,False,False,False,True,2023,9,12,1,4,3,0,2,14.000709712167255,852.3955595848678,1.8392911871460735,0.6037,20.17,0.7585
C1294,1.3282707147412267,0.2201651998911575,0.3976866139198111,-0.4940111004096095,0.6540957598148535,1.012845702246,0.8779003080571852,1,1,0,2.0,False,False,False,False,False,False,False,True,False,2018,11,25,6,2,2,0,2,13.36677115171173,602.6027049391664,0.40699608708923724,0.5688,20.33,0.7685
C1295,1.1473395543086047,0.2716015579013819,-0.8373672315052103,0.058920834208575544,1.5130527654811088,-1.5695199939434983,1.7070555953582573,0,0,1,1.0,True,False,False,False,False,False,True,False,False,2020,2,1,5,2,2,0,1,13.388311642431383,385.84664051926126,0.45345950042327576,0.2282,1.83,0.9484
C1296,0.061752591712873464,0.2201651998911575,0.9816702807129588,0.9892473914543611,1.5130527654811088,0.5242900299939327,1.3687565509563748,0,1,1,2.0,False,False,False,False,False,False,True,False,True,2018,10,8,0,2,2,0,0,13.36677115171173,681.4963389483468,0.40699608708923724,0.7275,16.83,0.875
C1297,1.0568739740922939,-0.05632154863603974,0.5389491422806617,-0.4180362242706466,-1.4932967543507847,1.012845702246,1.4586316376843955,0,0,1,3.0,False,False,False,False,False,False,False,True,False,2024,9,3,1,1,2,0,2,13.242292340022676,622.6039672215396,0.14141545523848645,0.6877,20.33,0.8945
C1298,0.24268375214549534,1.083670780870952,1.314103580408131,0.0004889617365719588,-1.063818251517657,1.2687558162827972,1.0170914680154535,0,0,1,2.0,False,False,True,False,True,False,False,False,True,2018,10,6,5,3,3,0,2,13.678322017548117,722.5693807517725,1.0938733282264628,0.5989,22.17,0.7987
C1299,1.1473395543086047,0.3323115155404748,-0.1401835677853826,-0.6341735544602121,-0.6343397486845295,1.5479304861411212,0.38520047363536997,1,0,0,3.0,False,False,True,False,False,False,True,False,False,2020,8,21,4,2,2,0,2,13.413152747203508,519.4442896018783,0.5072293314467909,0.4035,24.17,0.6616
C1300,-1.5666278521807235,-0.8975681926521533,-1.225772720030863,0.9850606836433954,0.22461725698172583,-1.104228877512958,-1.2979985865222252,1,0,0,2.0,False,False,False,True,False,False,False,False,False,2022,7,12,1,0,0,0,1,12.725909793271393,285.4794913824809,-0.9088060184181086,0.2423,5.17,0.2964
C1301,-0.20964414893605934,-0.31971271316344585,-0.13965686715041428,-0.15896339767269785,-0.20486124585140184,0.966316590602946,0.40870626554885253,0,0,1,1.0,False,False,False,False,False,True,False,False,False,2019,5,7,1,1,1,0,2,13.107297576013552,519.5322319163653,-0.1410461070783024,0.548,20.0,0.6667
C1302,0.42361491257811723,0.561400875402907,0.9655449519591554,0.06856781139588862,-0.6343397486845295,1.3152849279258512,-1.5487270335993697,0,0,1,2.0,False,True,False,False,False,True,False,True,False,2024,5,22,2,2,3,0,2,13.501697683890553,679.4408730713807,0.700529031998433,0.6318,22.5,0.242
C1303,6.427966085902237e-16,-0.2728255262304979,-0.9484656715697868,-0.510577395329355,-1.063818251517657,-0.3830276470456207,1.3180577840841583,0,0,1,2.0,False,False,True,False,False,True,False,False,False,2020,10,5,0,1,1,0,0,13.132700603700831,360.0065277185957,-0.08832946826086081,0.2565,10.33,0.864
C1304,-1.5666278521807235,1.4642913460489329,1.564613401028946,1.2381149400248586,1.0835742626479812,0.33817358342171666,-0.07661920278245861,0,0,1,2.0,False,False,True,False,True,False,False,False,False,2024,6,29,5,3,3,0,0,13.789857719504568,752.0398859103152,1.3476919540731087,0.5803,15.5,0.5614
C1305,0.33314933236180627,0.10687896745199132,-0.3928121810666878,-1.209227381185458,1.0835742626479812,0.5242900299939327,0.6686526702391274,0,0,0,2.0,False,True,False,False,False,False,True,False,False,2024,9,1,6,2,2,0,0,13.317626496425847,475.39176475828856,0.3015505868164378,0.3718,16.83,0.7231
C1306,1.0568739740922939,0.5951634640607801,1.1127659361735136,0.9668186355034035,1.0835742626479812,-1.336874435728228,-1.5616321742577524,0,0,1,1.0,True,False,False,False,False,True,False,True,False,2018,6,12,1,2,3,0,1,13.51410881307536,697.9822562214601,0.7278293114263952,0.6585,3.5,0.2392
C1307,0.1522181719291844,0.7002225969965719,0.623744312887493,-0.6353145875080427,-1.4932967543507847,0.6173482532800408,0.10451366431555206,0,0,0,3.0,False,False,True,False,False,True,False,False,False,2024,12,11,2,2,3,0,2,13.551771653111468,634.3072126343827,0.8109869110690314,0.5238,17.5,0.6007
C1308,0.24268375214549534,-1.1359031848328645,-1.248377959595373,-0.7785850895145751,1.5130527654811088,-1.057699765869904,-0.7011358310720374,1,0,0,1.0,False,False,True,False,False,False,False,False,False,2018,12,2,6,0,0,0,1,12.513328201379618,278.52660555142666,-1.3180460971874992,0.2853,5.5,0.4259
C1309,-1.6570934323970343,-0.282532228380965,-0.20094177466542848,0.8919850769520871,1.0835742626479812,0.6406128091015678,-0.7573653725121325,0,0,0,3.0,True,False,False,False,False,False,True,False,False,2022,9,14,2,1,1,0,2,13.127494311619218,509.19767281479204,-0.0991500094838104,0.5159,17.67,0.4137
C1310,0.6045460730107391,-0.635196036485109,-0.6686138929422801,-0.782964493173719,-0.20486124585140184,1.1291684813536351,-0.39556053619676756,1,0,0,3.0,False,False,True,False,False,False,True,True,False,2024,7,18,3,0,1,0,2,12.917207498528178,422.08092825902474,-0.5292057762732159,0.4374,21.17,0.4922
C1311,-1.6570934323970343,0.2201651998911575,-0.5612738945325069,-1.2733503079991535,0.22461725698172583,-0.4760858703317287,-1.739999654071824,1,1,1,3.0,False,False,True,False,False,False,False,False,True,2024,5,4,5,2,2,0,0,13.36677115171173,443.5912983817424,0.40699608708923724,0.3082,9.67,0.2005
C1312,0.5140804927944281,0.19200749569247202,0.8677338713301421,1.4767417069797897,0.6540957598148535,-1.104228877512958,-0.12916156117730143,0,0,0,2.0,True,False,False,False,False,False,True,True,False,2023,11,12,6,2,2,0,1,13.354779754869693,666.8373189916713,0.3811953615146538,0.7049,5.17,0.55
C1313,6.427966085902237e-16,-0.5108686912892709,-1.1704872538297333,0.7175924128617048,0.6540957598148535,0.6406128091015678,-0.060487776959480495,0,0,1,2.0,True,False,False,True,False,False,False,False,True,2021,7,19,0,1,1,0,2,12.996485411024922,301.809956760873,-0.36866765744338803,0.2066,17.67,0.5649
C1314,1.1473395543086047,0.2201651998911575,-0.2703027777982273,-0.04149156051890658,-0.6343397486845295,0.9895811464244729,1.24108783801452,1,1,0,3.0,False,False,False,False,True,False,False,True,False,2020,12,4,4,2,2,0,2,13.36677115171173,497.242184453411,0.40699608708923724,0.3873,20.17,0.8473
C1315,-1.023834370882858,-1.3670807718134426,-1.248377959595373,-1.1431882884921705,0.22461725698172583,0.6871419207446219,-0.19184367294658755,1,0,0,2.0,False,True,False,False,False,False,False,True,False,2020,4,16,3,0,0,0,2,12.252283247392471,278.52660555142666,-1.803039097785006,0.3704,18.0,0.5364
C1316,1.6901330356064703,0.0037590954884184234,-0.8343777716245648,-0.058559609104481665,-1.063818251517657,-0.6854668727254718,-0.485435622924788,0,0,0,2.0,False,True,False,False,False,True,False,False,False,2021,7,10,5,1,2,0,1,13.270690171282018,386.5180849585178,0.20156711418950016,0.2576,8.17,0.4727
C1317,0.785477233443361,-0.9226673971964917,-0.9769633636796032,-1.3665996591096954,0.22461725698172583,0.919787478959892,1.6964549441031573,0,0,0,2.0,True,False,False,False,False,False,True,True,False,2020,9,4,4,0,0,0,2,12.705536073330343,353.07368919249706,-0.948595762555762,0.3783,19.67,0.9461
C1318,0.5140804927944281,0.4675623417513587,2.4927767082295493,-0.6612176104505684,-1.4932967543507847,0.29164447177866265,0.23218237725740706,0,0,1,2.0,True,False,False,True,False,False,False,True,False,2020,12,23,2,2,3,0,0,13.466370980278272,852.3955595848678,0.6231001559605248,1.0302,15.17,0.6284
C1319,1.3282707147412267,-1.3670807718134426,-1.0585517534696138,-0.07242748270001385,-0.6343397486845295,-1.01117065422685,-0.1084211565477581,1,0,1,2.0,False,False,True,True,False,False,False,True,False,2022,6,10,4,0,0,0,1,12.252283247392471,332.42651819612706,-1.803039097785006,0.5276,5.83,0.5545
C1320,0.42361491257811723,0.2201651998911575,-0.7677192148601528,0.1596282349880725,-0.6343397486845295,-0.871583319297688,-0.02776402743286784,1,1,2,2.0,False,False,False,False,True,False,False,False,False,2019,6,21,4,2,2,0,1,13.36677115171173,401.1980807531362,0.40699608708923724,0.2521,6.83,0.572
C1321,0.33314933236180627,0.46431712943277137,0.8261751909562104,0.49345727243608956,-1.4932967543507847,-0.8948478751192149,1.0548850942292873,1,0,0,2.0,False,False,False,True,False,False,False,False,False,2021,5,13,3,2,2,0,1,13.465126669487818,661.409532740495,0.6203803628438167,0.621,6.67,0.8069
C1322,-0.661972050017614,-0.23152638282025417,-1.0062502708921177,0.4169099117713169,0.22461725698172583,1.036110258067527,-0.5647100583977089,1,0,1,3.0,True,False,False,False,False,False,True,False,False,2023,2,16,3,1,1,0,2,13.15455374316948,345.8040630183515,-0.042818434782270424,0.2316,20.5,0.4555
C1323,-1.2047655313154797,2.3108182590219744,-0.01991320425244167,1.4326333603719323,1.0835742626479812,-1.6160491055865522,-0.3969432298387372,0,0,1,1.0,False,False,True,False,False,False,True,False,False,2021,7,19,0,4,3,0,1,14.000709712167255,539.1534197239223,1.8392911871460735,0.2415,1.5,0.4919
C1324,1.4187362949575375,0.9058857908775606,0.12404479545470658,1.2865521891112082,-1.4932967543507847,-0.5226149819747827,0.8705259419666811,0,0,1,3.0,False,False,True,True,False,False,False,False,False,2018,10,25,3,3,3,0,0,13.62163108099759,561.8359992026143,0.9664835036187348,0.3832,9.33,0.7669
C1325,-0.028712988503437474,-0.7489037901235501,-0.09387201512801263,-0.7693506338799138,1.0835742626479812,-0.5924086494393638,-1.4901930027559924,0,0,0,2.0,False,True,False,False,False,False,True,True,False,2018,2,8,3,0,1,0,0,12.838750879655644,527.1207831228057,-0.6862105517432232,0.7379,8.83,0.2547
C1326,-1.7475590126133453,-0.2540987870403694,0.024642660406763568,-0.8020781341715001,-0.20486124585140184,-1.5927845497650253,1.2484622041050242,0,0,0,3.0,False,True,False,False,False,False,True,False,False,2023,2,21,1,1,1,0,1,13.142668937032369,546.2744639830787,-0.06758808214603028,0.5848,1.67,0.8489
C1327,-1.1142999510991687,-1.3670807718134426,-1.0620833051496732,-1.643957211468241,-1.4932967543507847,1.1291684813536351,-0.25498668259653007,0,0,1,2.0,False,False,True,False,False,True,False,False,False,2024,12,19,3,0,0,0,2,12.252283247392471,331.50377071761943,-1.803039097785006,0.5247,21.17,0.5227
C1328,-0.39057530936868123,1.1062777440528897,-0.25361143464858776,0.06305696810316194,1.0835742626479812,1.4781368186765402,0.2672106161873022,1,0,1,3.0,False,True,False,False,False,False,False,False,False,2024,4,25,3,3,3,0,2,13.685305808777759,500.14531888242243,1.1096417075741378,0.2849,23.67,0.636
C1329,-0.5715064698013032,-0.6047215073383175,-0.017850845861584357,0.6162985887504516,0.22461725698172583,1.012845702246,0.8760567165345595,1,0,0,1.0,True,False,False,False,False,False,True,True,False,2019,2,14,3,1,1,0,2,12.937228988304176,539.4851063745875,-0.48884235141846266,0.7005,20.33,0.7681
C1330,6.427966085902237e-16,-1.3670807718134426,-1.248377959595373,-0.415826018277921,1.0835742626479812,-1.197287100799066,-0.8228128715653575,0,0,0,3.0,False,False,True,False,False,False,True,False,False,2018,10,28,6,0,0,0,1,12.252283247392471,278.52660555142666,-1.803039097785006,0.3704,4.5,0.3995
C1331,0.24268375214549534,-1.1976550174687282,-1.2132040760945646,-1.2395299801026167,-1.4932967543507847,1.6409887094272293,1.335111005668449,0,0,1,1.0,False,True,False,False,True,False,False,False,False,2024,1,12,4,0,0,0,2,12.449992702708025,289.27305439670664,-1.4374688684355643,0.3278,24.83,0.8677
C1332,6.427966085902237e-16,0.7786860557392791,0.896567229172411,-0.11500611214324612,-1.063818251517657,0.8267292556737839,1.642529892066345,0,0,1,3.0,False,False,False,False,False,False,False,True,False,2020,5,23,5,2,3,0,2,13.579002890833019,670.5772960666055,0.8714056607171045,0.5697,19.0,0.9344
C1333,0.69501165322705,2.252789062992052,1.2153754861311943,0.5102655375539108,0.6540957598148535,-0.7087314285469988,-0.033755699881402666,0,0,1,3.0,False,False,True,False,False,False,False,False,False,2023,9,4,0,4,3,0,1,13.987592333351625,710.6191244260177,1.8082520781437343,0.4251,8.0,0.5707
C1334,1.2378051345249157,-0.31252111901178886,0.5576706780168122,0.4231650189793,-1.4932967543507847,-0.7785250960115798,1.4964252638982294,0,0,1,2.0,False,False,True,False,False,False,False,False,True,2020,12,22,1,1,1,0,1,13.111236057771535,625.2067178141963,-0.13288609125531056,0.7905,7.5,0.9027
C1335,-1.6570934323970343,-1.0879605065241835,-1.248377959595373,-1.5067249894181525,0.6540957598148535,1.5944595977841753,-1.7386169604298545,0,0,1,1.0,False,False,False,True,False,False,False,False,True,2019,6,27,3,0,0,0,2,12.559875268301177,278.52660555142666,-1.2295520552836425,0.2723,24.5,0.2008
C1336,1.0568739740922939,-1.3139479590563978,-0.6644998404505372,-1.643957211468241,-1.4932967543507847,-0.5691440936178368,1.3489379420881442,1,0,0,3.0,True,False,False,False,False,True,False,False,False,2021,11,30,1,0,0,0,0,12.318592119585478,422.9255253587799,-1.6816396243179224,0.7992,9.0,0.8707
C1337,0.24268375214549534,0.2201651998911575,0.4175304941194435,-1.1476504358072914,0.22461725698172583,-0.5226149819747827,-0.6670293879034553,0,1,1,2.0,False,False,False,False,False,True,False,False,False,2018,10,9,1,2,2,0,0,13.36677115171173,605.4522772275285,0.40699608708923724,0.5742,9.33,0.4333
C1338,0.1522181719291844,0.17440296073478423,0.23601816845542734,0.28559393018575885,-0.20486124585140184,-0.10385297718729654,-0.6656466942614858,1,0,0,3.0,False,False,True,False,True,False,False,True,False,2020,9,27,6,2,2,0,0,13.347208871591773,578.8647510429358,0.36492973230671505,0.5352,12.33,0.4336
C1339,0.42361491257811723,-0.6333592683654024,-1.141539298103879,0.24877283757642402,-0.20486124585140184,0.8034646998522569,-0.9537078696718081,0,0,0,1.0,True,False,False,False,False,False,False,False,False,2022,2,22,1,0,1,0,2,12.918425657692111,310.0177898121332,-0.5267534263112725,0.2357,18.83,0.3711
C1340,0.1522181719291844,-0.8185692920073837,-0.9450230081877601,0.3492213752991418,0.6540957598148535,1.012845702246,-0.646288983273912,0,0,1,1.0,False,True,False,False,False,False,False,False,False,2021,3,13,5,0,0,0,2,12.78745330796434,360.8350315587443,-0.7878701181788119,0.364,20.33,0.4378
C1341,0.1522181719291844,0.4757610299317855,1.3828159641314228,-0.2042416581310209,1.5130527654811088,0.8034646998522569,-1.004406636544025,0,0,1,3.0,False,True,False,False,False,False,True,False,False,2019,10,9,2,2,3,0,2,13.46950772111067,730.7711474873648,0.629958645486451,0.7548,18.83,0.3601
C1342,-1.2952311115317907,0.4364480277985026,-0.03829221452367104,0.2771891741554834,1.5130527654811088,0.47776091835087875,1.3890360577052614,1,0,1,2.0,False,True,False,True,False,False,False,False,True,2022,11,30,2,2,2,0,0,13.454376601675499,536.1884836510385,0.5969041953537428,0.4125,16.5,0.8794
C1343,-0.4810408895849922,-1.0372258045097593,-0.6679638900573176,0.029250419884718812,0.22461725698172583,-0.7087314285469988,1.3655302657917794,1,0,1,3.0,False,False,True,True,False,False,False,False,False,2024,2,4,6,0,0,0,1,12.606881932102144,422.2144834086107,-1.1395543779554442,0.597,8.0,0.8743
C1344,1.5092018751738485,0.2201651998911575,1.247499152120925,-0.14205145827239612,1.0835742626479812,-0.17364664465187757,-1.388795469011559,0,1,0,2.0,False,False,False,False,True,False,False,True,False,2021,5,24,0,2,2,0,0,13.36677115171173,714.5293765829366,0.40699608708923724,0.7997,11.83,0.2767
C1345,1.1473395543086047,-1.1497637705914525,-1.142353185185538,0.6468595059329603,0.22461725698172583,-0.17364664465187757,-1.248682513291978,1,0,2,2.0,True,False,False,False,False,True,False,False,False,2024,11,10,6,0,0,0,0,12.499457227722882,309.78999338261394,-1.3442978337331164,0.3578,11.83,0.3071
C1346,-1.1142999510991687,-0.7436999282931348,-0.506821338200553,0.565896580269812,1.5130527654811088,-1.313609879906701,1.237400654969268,0,0,1,2.0,False,True,False,False,False,False,False,False,False,2023,12,7,3,0,1,0,1,12.842479116176209,454.11392843646627,-0.6787915094427603,0.5456,3.67,0.8465
C1347,-1.3856966917481015,-0.9041329153571419,-0.5039259546508988,-0.6023259733859493,0.22461725698172583,-0.33649853540256663,-0.36329768455081135,0,0,1,2.0,True,False,False,False,True,False,False,False,False,2018,2,2,4,0,0,0,0,12.720620981396877,454.6666251221877,-0.9191467339426858,0.6179,10.67,0.4992
C1348,1.6901330356064703,2.2631693688898102,0.354954169911292,0.8175874656695129,-1.063818251517657,-0.010794753901188501,-1.1569638350413314,0,0,0,2.0,False,False,True,True,False,False,False,False,True,2024,3,21,3,4,3,0,0,13.989951452080206,596.4201203849515,1.8138298553485797,0.2988,13.0,0.327
C1349,-1.4761622719644125,-0.7707810559970381,-1.0777131767558843,-0.4544223953221981,-0.6343397486845295,-0.5924086494393638,0.02293473943934863,1,0,1,2.0,False,True,False,True,False,False,False,False,False,2021,5,11,1,0,1,0,0,12.822923357077011,327.3886680995541,-0.7176604938665149,0.2892,8.83,0.583
C1350,6.427966085902237e-16,0.2201651998911575,0.04806541867600426,-0.7454108447933333,1.5130527654811088,-1.3834035473712822,-0.3019982664234948,0,1,1,2.0,False,False,True,True,False,False,False,True,False,2019,3,1,4,2,2,0,1,13.36677115171173,549.9809814893603,0.40699608708923724,0.4738,3.17,0.5125
C1351,1.0568739740922939,-1.2036917724796714,-1.0647501270250743,-1.5444909629387613,1.5130527654811088,-0.034059309722715515,-0.9845880276757948,0,0,0,2.0,False,False,False,False,False,False,False,False,False,2019,7,5,4,0,0,0,0,12.443580336851111,330.805259933998,-1.449496569525572,0.4315,12.83,0.3644
C1352,0.875942813659672,-0.5070594352725954,-0.09453896558730827,0.21686345238900134,-1.4932967543507847,1.5944595977841753,0.7493097993540176,0,0,0,3.0,False,False,True,False,False,False,False,False,False,2020,12,19,5,1,1,0,2,12.998817890672028,527.0110245526179,-0.3639153774792242,0.6285,24.5,0.7406
C1353,1.3282707147412267,-1.3670807718134426,-1.248377959595373,-0.7131294654600364,0.22461725698172583,-0.6156732052608908,0.44004732143349523,0,0,1,1.0,False,False,True,False,False,False,False,False,False,2019,4,18,3,0,0,0,1,12.252283247392471,278.52660555142666,-1.803039097785006,0.3704,8.67,0.6735
C1354,-0.39057530936868123,-0.3918030405334069,0.44035299697531777,0.058920834208575544,0.22461725698172583,-0.05732386554424252,-1.3980134266246893,1,0,1,2.0,False,False,False,False,False,False,True,False,False,2019,3,15,4,1,1,0,0,13.066935716711404,608.7130851230323,-0.22439304635219484,0.7833,12.67,0.2747
C1355,-0.661972050017614,-1.2745321680623638,-1.248377959595373,0.02596197044432494,0.22461725698172583,0.8965229231383649,1.4563271482811129,0,0,0,1.0,True,False,False,False,False,True,False,False,False,2024,3,16,5,0,0,0,2,12.365089025757445,278.52660555142666,-1.5957884724996503,0.3309,19.5,0.894
C1356,0.875942813659672,1.2794261720045756,1.2937078664360842,1.514730742465594,-0.20486124585140184,1.2687558162827972,0.18839707859503793,0,0,1,2.0,False,False,False,True,False,False,False,True,False,2019,9,29,6,3,3,0,2,13.737236783971277,720.1168932888604,1.2274142835542896,0.5608,22.17,0.6189
C1357,-0.11917856871974841,-0.21317860817721446,-0.08008429873595119,-0.0759166094723661,0.22461725698172583,1.408343151211959,-0.8771988214828264,0,0,1,2.0,False,False,False,True,False,False,False,False,False,2021,1,20,2,1,1,0,2,13.164111202411243,529.3846994388863,-0.022867224748932168,0.5376,23.17,0.3877
C1358,-0.3001097291523703,0.2201651998911575,-0.6620536829103291,0.9892473914543611,1.5130527654811088,-0.49935042615325576,-1.0292951220994768,1,1,0,1.0,False,False,True,False,False,False,True,False,False,2021,2,28,6,2,2,0,0,13.36677115171173,423.42691222925356,0.40699608708923724,0.2808,9.5,0.3547
C1359,-0.11917856871974841,2.3108182590219744,2.4927767082295493,1.8847548238513878,-1.4932967543507847,-1.313609879906701,-1.2721883052054606,0,0,1,1.0,True,False,False,True,False,False,False,False,False,2024,10,13,6,4,3,1,1,14.000709712167255,852.3955595848678,1.8392911871460735,0.6037,3.67,0.302
C1360,0.69501165322705,-1.3670807718134426,-1.248377959595373,0.058920834208575544,1.0835742626479812,-1.4531972148358632,-0.27434439358410384,0,0,0,1.0,False,True,False,True,False,False,False,True,False,2020,5,12,1,0,0,0,1,12.252283247392471,278.52660555142666,-1.803039097785006,0.3704,2.67,0.5185
C1361,6.427966085902237e-16,1.8911621624330905,2.4927767082295493,1.8847548238513878,1.0835742626479812,-0.6156732052608908,-1.27357099884743,0,0,1,2.0,False,False,False,False,False,False,False,False,False,2021,11,5,4,4,3,1,1,13.901725574609829,852.3955595848678,1.6065719997161452,0.6666,8.67,0.3017
C1362,1.5092018751738485,0.2422084578522046,-0.3218845649146775,-1.2613686535456594,0.22461725698172583,-1.034435210048377,-0.304763653707434,1,0,2,3.0,True,False,False,False,False,False,False,True,False,2020,4,13,0,2,2,0,1,13.37605928770451,488.16142821816635,0.427012417661002,0.3698,5.67,0.5119
C1363,0.5140804927944281,0.4543642594311246,0.17641089786494893,-0.5426915808045422,-1.4932967543507847,0.5242900299939327,-1.227942108662435,0,0,1,1.0,False,False,False,False,False,True,False,False,False,2025,2,10,0,2,2,0,0,13.461300758772222,569.8631063685383,0.6120209353705697,0.4628,16.83,0.3116
C1364,0.24268375214549534,-1.099797616966755,-1.0249352021735014,0.6991586774446146,-1.063818251517657,-1.5695199939434983,0.5280788166388902,0,0,1,2.0,False,False,False,True,False,False,False,False,False,2020,12,17,3,0,0,0,1,12.548582582784313,341.0851213406999,-1.2510782624918693,0.413,1.83,0.6926
C1365,-1.023834370882858,0.2201651998911575,-0.79933064906239,1.3914869824683194,1.0835742626479812,0.4079672508862977,0.9719234757111147,1,1,1,2.0,False,False,False,False,True,False,False,False,False,2023,9,2,5,2,2,0,0,13.36677115171173,394.3045396644578,0.40699608708923724,0.2435,16.0,0.7889
C1366,-0.752437630233925,-0.13757902914009912,0.19041264943897795,1.046194585196144,1.5130527654811088,0.8965229231383649,0.15705602271039487,0,0,1,2.0,False,False,False,True,False,False,False,True,False,2023,6,25,6,1,1,0,2,13.202555323172076,571.9903233447224,0.05767475218627594,0.6039,19.5,0.6121
C1367,-1.7475590126133453,-0.5547742242388117,0.02340231701586799,-1.317470477478883,-0.6343397486845295,-1.6625782172296062,0.6082750478731237,0,0,0,3.0,False,False,True,True,False,False,False,False,False,2020,10,25,6,1,1,0,1,12.969200985726086,546.077485344342,-0.4241345279848426,0.6951,1.17,0.71
C1368,-1.7475590126133453,0.2201651998911575,-0.2863093582420786,-1.0219505636154296,-0.20486124585140184,0.7569355882092028,1.501495140585451,0,1,1,2.0,True,False,False,False,False,True,False,False,False,2018,7,28,5,2,2,0,2,13.36677115171173,494.44214019438107,0.40699608708923724,0.3829,18.5,0.9038
C1369,1.2378051345249157,2.3108182590219744,2.4927767082295493,1.8847548238513878,-1.4932967543507847,-0.26670486793798565,0.46447490910829065,0,0,1,2.0,True,False,False,False,True,False,False,False,False,2019,1,14,0,4,3,1,0,14.000709712167255,852.3955595848678,1.8392911871460735,0.6037,11.17,0.6788
C1370,1.0568739740922939,0.7228682262546378,-0.599756186651323,-0.522445615246079,1.0835742626479812,1.385078595390432,-0.48359203140216195,0,0,1,1.0,True,False,False,True,False,False,False,True,False,2025,2,11,1,2,3,0,2,13.55970737743485,436.001697244403,0.8285686389461724,0.2455,23.0,0.4731
C1371,0.42361491257811723,0.13789371163368774,0.4252706357807221,-0.23705022981217597,1.0835742626479812,0.6406128091015678,-0.1886173877819919,1,0,0,1.0,False,False,False,False,True,False,False,False,False,2022,10,1,5,2,2,0,2,13.331322856697852,606.5601289237532,0.3308595392624072,0.5971,17.67,0.5371
C1372,-1.7475590126133453,1.5844691737581649,1.0269409410243044,-0.43122041123333105,0.6540957598148535,-1.3834035473712822,1.2323307782820463,0,0,0,2.0,False,False,True,False,False,False,False,False,False,2021,2,7,6,4,3,0,1,13.822638086675434,687.2340503787628,1.4231010812617662,0.4689,3.17,0.8454
C1373,-0.39057530936868123,0.4362689428143286,0.18418326297538468,-1.155886710812768,-1.063818251517657,0.38470269506477067,-1.290624220431721,0,0,1,1.0,False,False,False,False,False,False,False,False,False,2018,6,30,5,2,2,0,0,13.45430714740921,571.0449019122752,0.5967526431953044,0.468,15.83,0.298
C1374,1.6901330356064703,0.2201651998911575,0.05101925406366397,1.240647135838085,-0.6343397486845295,0.15205713684950056,-0.6163306210312386,1,1,1,2.0,False,False,False,False,True,False,False,False,False,2018,1,15,0,2,2,0,0,13.36677115171173,550.4466368323091,0.40699608708923724,0.4746,14.17,0.4443
C1375,-1.3856966917481015,1.455372321820593,0.2952300532896127,1.3589668597699833,-0.6343397486845295,1.6642532652487563,0.2533836797676065,1,0,1,2.0,True,False,False,True,False,False,False,True,False,2021,9,28,1,3,3,0,2,13.787381540692877,587.6701881157492,1.3420107263913665,0.3552,25.0,0.633
C1376,0.1522181719291844,0.7488060591391215,1.1388469848861782,-0.18152738954625874,-0.6343397486845295,-0.31323397958103966,0.595830805095398,0,0,0,2.0,False,False,False,False,True,False,False,True,False,2019,6,20,3,2,3,0,0,13.568720084010335,701.215851218439,0.8485618611373404,0.6293,10.83,0.7073
C1377,0.785477233443361,-0.8692667339848115,-0.44045463711249466,0.0451249662399229,1.5130527654811088,1.059374813889054,0.8967971211641028,0,0,1,1.0,False,True,False,False,True,False,False,False,False,2020,12,8,1,0,0,0,2,12.748395715424557,466.61815224013736,-0.8647496280182413,0.6329,20.67,0.7726
C1378,-1.5666278521807235,0.6515787491734083,-0.08765012248980464,1.7014025544388836,-1.4932967543507847,-0.31323397958103966,-0.6421409023480036,0,0,0,2.0,False,False,False,False,False,False,False,False,False,2019,10,24,3,2,3,1,0,13.534509398430686,528.1436073645121,0.7728143705814395,0.3694,10.83,0.4387
C1379,-0.752437630233925,-0.5571727049917302,0.035788284547195695,-0.8913946107649895,-1.063818251517657,-0.49935042615325576,-1.2380818620368783,0,0,1,2.0,False,True,False,False,True,False,False,False,False,2022,12,15,3,1,1,0,0,12.96768882371245,548.0413214347983,-0.42720198168344325,0.7012,9.5,0.3094
C1380,0.5140804927944281,-0.1131576834614772,-0.4624671150890242,0.003589927303595423,0.22461725698172583,-1.127493433334485,1.5581855799062028,0,0,0,3.0,False,False,False,False,False,False,True,False,False,2024,3,9,5,1,1,0,1,13.214664835541567,462.5082269538564,0.08314110024292914,0.3901,5.0,0.9161
C1381,-0.39057530936868123,0.3738716642148428,0.7936520464286301,-0.6115834572371951,0.6540957598148535,0.943052034781419,-1.4782096578589228,0,0,1,1.0,False,False,True,False,False,False,True,False,False,2022,10,18,1,2,2,0,2,13.429809223456317,657.1305654129931,0.5433956003345487,0.6351,19.83,0.2573
C1382,1.5092018751738485,1.6981007052752426,-0.0646760137819035,0.38474345526127696,-1.063818251517657,-0.8017896518331069,-1.4109185672830717,0,0,1,3.0,False,False,True,False,False,False,False,True,False,2024,4,16,1,4,3,0,1,13.852674696278028,531.9033088823569,1.4925249751412233,0.2726,7.33,0.2719
C1383,6.427966085902237e-16,-0.8739555784816077,-1.1004567062211592,-1.6418019514036497,-1.063818251517657,0.31490902760018963,-0.03145121047812022,0,0,1,2.0,True,False,False,True,False,False,False,False,True,2018,2,9,4,0,0,0,0,12.744705130016985,321.3065203197719,-0.8719907531948631,0.3012,15.33,0.5712
C1384,0.785477233443361,0.06920026380341483,-0.3538066470015427,1.0580299622502622,1.0835742626479812,0.966316590602946,1.0899133331591828,0,0,0,2.0,False,False,False,True,False,False,False,False,True,2019,4,4,3,1,2,0,2,13.300730877208094,482.4560705390699,0.26547844877266813,0.3895,20.0,0.8145
C1385,-0.5715064698013032,0.2201651998911575,0.3518294753048463,0.058920834208575544,-1.063818251517657,1.4316077070334863,0.9350516452585935,0,1,1,2.0,False,True,False,False,False,False,False,False,True,2018,11,5,0,2,2,0,2,13.36677115171173,595.9655191368038,0.40699608708923724,0.5563,23.33,0.7809
C1386,0.69501165322705,-0.4999179775163012,-0.19300898404693564,0.4470049751714948,-1.4932967543507847,-1.2438162124421202,1.4991906511821687,0,0,1,1.0,False,True,False,True,False,False,False,True,False,2019,9,3,1,1,1,0,1,13.003176133809285,510.5471770561463,-0.3550312710277317,0.5873,4.17,0.9033
C1387,-1.3856966917481015,-0.12641748349939708,-0.3207135105861908,-0.4561370019148342,0.6540957598148535,-0.7319959843685259,-1.2528305942178868,0,0,1,1.0,False,False,False,False,False,True,False,True,False,2024,2,13,1,1,1,0,1,13.208108062478383,488.3694605521521,0.06934643511916333,0.4378,7.83,0.3062
C1388,0.875942813659672,2.3108182590219744,0.40974158494834934,1.325065765135675,-1.4932967543507847,-1.2438162124421202,-0.44349391578504516,0,0,1,2.0,False,True,False,False,False,False,True,False,False,2018,5,28,0,4,3,0,1,14.000709712167255,604.3353952897348,1.8392911871460735,0.3035,4.17,0.4818
C1389,6.427966085902237e-16,0.4267643402885636,0.002040994820514256,1.4786443605812245,0.6540957598148535,1.3152849279258512,-0.7670442280059194,0,0,0,2.0,False,False,True,False,False,True,False,True,False,2022,2,21,0,2,2,0,2,13.450614052275299,542.6738799684392,0.5886964285613908,0.4242,22.5,0.4116
C1390,-0.752437630233925,-1.3378420400605406,-0.9271735231472208,-1.643957211468241,0.6540957598148535,-1.01117065422685,1.2337134719240153,0,0,0,3.0,False,True,False,False,False,True,False,False,False,2024,7,13,5,0,0,0,1,12.289315442835337,365.10050671013863,-1.7353889302179628,0.6133,5.83,0.8457
C1391,-0.39057530936868123,-0.9740449181014231,-0.5990010972765337,0.058920834208575544,1.0835742626479812,-1.104228877512958,-0.054035206630289254,1,0,0,2.0,True,False,False,False,False,True,False,False,False,2024,3,13,2,0,0,0,1,12.66249046670132,436.1518886809961,-1.032264374885889,0.6026,5.17,0.5663
C1392,0.5140804927944281,0.5014424086788084,-0.47602748034785664,0.08625722256178743,-1.4932967543507847,-0.034059309722715515,-1.6496636694631466,0,0,1,1.0,False,False,True,False,False,False,False,True,False,2019,8,30,4,2,3,0,0,13.479269974509394,459.9581067879987,0.6513245115217999,0.2961,12.83,0.2201
C1393,0.5140804927944281,0.14093145917825348,-0.9676008088223975,0.016000687980680044,0.6540957598148535,0.5242900299939327,0.7050636028109918,0,0,0,2.0,False,False,True,False,False,True,False,False,False,2022,10,27,3,2,2,0,0,13.332654318644503,355.3663039738011,0.33371196115963286,0.2047,16.83,0.731
C1394,0.061752591712873464,-0.16373531610445144,0.3133340401692002,1.3336569793283675,-1.063818251517657,0.3614381392432437,-0.39878682136136323,0,0,1,2.0,False,False,True,False,True,False,False,False,False,2019,6,7,4,1,1,0,0,13.189420798448177,590.3362262304423,0.030105095757808606,0.6518,15.67,0.4915
C1395,1.6901330356064703,2.3108182590219744,0.7453945202531183,1.8847548238513878,-1.4932967543507847,-0.7087314285469988,0.09391301306045234,0,0,1,2.0,False,False,False,True,False,False,False,False,True,2018,6,21,3,4,3,1,1,14.000709712167255,650.7296289550676,1.8392911871460735,0.3519,8.0,0.5984
C1396,1.4187362949575375,-0.853914599714439,-1.1950318954039705,0.40542928992449623,0.6540957598148535,-0.7319959843685259,1.3470943505655186,0,0,1,2.0,False,False,False,False,False,False,False,False,False,2021,6,16,2,0,0,0,1,12.76038493761767,294.6715798987069,-0.8411984265584832,0.2494,7.83,0.8703
C1397,1.1473395543086047,-0.4055085179751236,-1.150089925802988,-1.412316642289937,1.5130527654811088,-1.01117065422685,-0.8546148253306572,0,0,1,3.0,False,False,True,False,True,False,False,False,False,2022,2,2,2,1,1,0,1,13.059074528434461,307.6161569228768,-0.24056765676390618,0.2016,5.83,0.3926
C1398,0.875942813659672,-1.3670807718134426,-1.248377959595373,0.16497653623417613,-0.6343397486845295,0.9895811464244729,-0.911766162532065,0,0,0,3.0,False,False,False,False,True,False,False,False,True,2018,6,13,2,0,0,0,2,12.252283247392471,278.52660555142666,-1.803039097785006,0.3704,20.17,0.3802
C1399,1.5092018751738485,1.2832851944063164,0.9831244863513902,0.7374891137832903,-1.4932967543507847,0.03573435774186552,-0.8324917270591443,0,0,0,2.0,False,True,False,False,False,False,True,True,False,2022,1,5,2,3,3,0,0,13.738364014023565,681.6813991887999,1.22998088844718,0.502,13.33,0.3974
C1400,0.24268375214549534,-0.9762108843831536,-0.6373596259868705,-1.370563348151527,1.0835742626479812,1.6409887094272293,-0.5734671181301826,1,0,0,2.0,False,False,False,False,False,False,True,False,False,2020,5,10,6,0,0,0,2,12.66063441051662,428.4555752934019,-1.0358598820940266,0.5826,24.83,0.4536
C1401,-0.9333687906665469,1.0937002430042604,0.20815335872180846,-0.06947942851351355,1.5130527654811088,1.5944595977841753,-1.3712813495466114,0,0,1,3.0,False,False,False,False,True,False,False,False,False,2020,10,19,0,3,3,0,2,13.681426361143092,574.6742729581689,1.1008804408353479,0.3776,24.5,0.2805
C1402,-1.3856966917481015,0.9119472625764024,1.2841323140035028,0.7367674758450342,1.5130527654811088,-0.941376986762269,0.6677308744778145,0,0,1,2.0,False,False,True,False,False,False,True,False,False,2019,2,26,1,3,3,0,1,13.623617786883383,718.9625929073084,0.9709295076153661,0.6263,6.33,0.7229
C1403,1.4187362949575375,2.3108182590219744,1.3987022975002448,1.8847548238513878,-0.20486124585140184,0.12879258102797356,-1.0256079390542248,0,0,1,1.0,True,False,False,True,False,False,False,False,True,2021,12,19,6,4,3,1,0,14.000709712167255,732.654331864625,1.8392911871460735,0.446,14.0,0.3555
C1404,1.2378051345249157,0.44348776972390946,1.120885899492208,-0.8502832105659184,-1.4932967543507847,-1.6393136614080792,1.4590925355650515,1,0,1,2.0,True,False,False,True,False,False,False,True,False,2024,4,12,4,2,2,0,1,13.457102999630001,698.9905936420032,0.6028545602923011,0.6992,1.33,0.8946
C1405,0.9664083938759829,-0.6547373163449905,-0.43708062869995973,0.8907920946610802,1.5130527654811088,-0.05732386554424252,-0.9965713725728641,1,0,1,1.0,True,False,False,False,False,False,True,False,False,2022,7,23,5,0,1,0,0,12.90415485378452,467.2449143650469,-0.5554547134621316,0.5431,12.67,0.3618
C1406,-0.9333687906665469,0.17970302524264856,0.2950921669025225,1.0678139978381262,-1.4932967543507847,0.5475545858154598,-0.8587629062565658,0,0,1,2.0,False,True,False,False,False,True,False,False,False,2024,12,17,1,2,2,0,0,13.349494216909147,587.6498362120082,0.3698377238145187,0.5503,17.0,0.3917
C1407,-0.11917856871974841,-0.9505397179203521,-1.090647577015798,-1.643957211468241,-1.4932967543507847,0.8267292556737839,-0.7154236653723894,0,0,1,2.0,False,False,False,False,True,False,False,False,False,2019,9,26,3,0,0,0,2,12.682414023749448,323.9437142467808,-0.9936057709442071,0.3259,19.0,0.4228
C1408,1.0568739740922939,0.014191017822730917,-0.8743291417429617,-1.4104479377099859,0.6540957598148535,-1.080964321691431,0.9143112406290502,0,0,1,2.0,True,False,False,True,False,False,False,False,True,2020,8,27,3,1,2,0,1,13.275539811379607,377.4461815941446,0.21186517843094527,0.2445,5.33,0.7764
C1409,-1.7475590126133453,-0.5222142430511085,-0.4871555228210384,0.4851657468506816,-1.4932967543507847,1.2920203721043242,-0.26420464020966056,0,0,0,1.0,False,False,True,False,False,False,True,False,False,2019,10,28,0,1,1,0,2,12.989505906215163,457.85479139133184,-0.3828780208256806,0.4788,22.33,0.5207
C1410,-1.3856966917481015,-0.40161168052093993,-0.1517050360912951,-1.1336587901174995,-0.20486124585140184,-1.336874435728228,1.0899133331591828,0,0,2,2.0,True,False,False,False,False,False,True,False,False,2019,12,27,4,1,1,0,1,13.06131597122718,517.516830644183,-0.23595777224911418,0.5694,3.5,0.8145
C1411,-1.4761622719644125,-1.0383082326351776,-1.248377959595373,0.6823013994326257,0.22461725698172583,-0.3830276470456207,0.9705407820691451,0,0,0,2.0,True,False,False,True,False,False,False,False,False,2022,8,16,1,0,0,0,0,12.605901767932798,278.52660555142666,-1.1414374650230148,0.2601,10.33,0.7886
C1412,6.427966085902237e-16,-0.007889309702233649,0.8656961272734353,1.1669676257574721,-1.4932967543507847,1.222226704639743,1.4706149825814645,1,0,0,2.0,False,False,False,True,False,False,False,True,False,2018,4,12,3,1,2,0,2,13.265247068135682,666.5722091416653,0.1900177765447378,0.7703,21.83,0.8971
C1413,0.33314933236180627,0.2201651998911575,1.2053635624819437,0.4361679538101687,-0.6343397486845295,-1.5229908823004443,0.8732913292506203,0,1,1,2.0,False,False,False,False,False,True,False,False,True,2020,1,5,6,2,2,0,1,13.36677115171173,709.3960177503113,0.40699608708923724,0.7882,2.17,0.7675
C1414,-0.39057530936868123,-1.3670807718134426,-1.0965634333542305,0.1518749692834854,-0.20486124585140184,-1.01117065422685,-1.5630148678997218,1,0,0,2.0,False,False,False,False,False,False,True,True,False,2021,9,22,2,0,0,0,1,12.252283247392471,322.3558127287299,-1.803039097785006,0.4961,5.83,0.2389
C1415,-1.6570934323970343,-0.9033204837460865,-0.20945095574567535,-0.24992473251374098,0.22461725698172583,0.31490902760018963,1.1521345470478122,0,0,0,1.0,False,True,False,False,False,False,True,False,False,2022,8,14,6,0,0,0,0,12.721277028521941,507.7461275086202,-0.9178644728806825,0.77,15.33,0.828
C1416,6.427966085902237e-16,-0.15777741028798598,-0.7444411450656602,-0.7748624425476588,0.6540957598148535,-0.2899694237595126,1.5005733448241383,0,0,1,1.0,False,True,False,False,False,False,False,True,False,2020,10,13,1,1,1,0,0,13.192427802572515,406.1995691775165,0.03641206568242676,0.3077,11.0,0.9036
C1417,1.0568739740922939,-1.3670807718134426,-1.248377959595373,-1.643957211468241,-1.4932967543507847,-1.290345324085174,1.6927677610579053,0,0,1,3.0,True,False,False,False,False,True,False,True,False,2020,12,28,0,0,0,0,1,12.252283247392471,278.52660555142666,-1.803039097785006,0.3704,3.83,0.9453
C1418,0.6045460730107391,2.3108182590219744,-0.053991605771533994,1.8847548238513878,0.22461725698172583,0.15205713684950056,-1.3090601356579818,0,0,0,3.0,False,False,False,True,False,False,False,False,False,2019,10,15,1,4,3,1,0,14.000709712167255,533.6427831424313,1.8392911871460735,0.2366,14.17,0.294
C1419,-0.028712988503437474,-0.918568090107308,-0.6423988200448394,-1.643957211468241,-0.6343397486845295,0.7569355882092028,0.3778261075448659,0,0,1,2.0,True,False,False,True,False,False,False,False,True,2019,3,19,1,0,0,0,2,12.708892085164447,427.43420546325024,-0.9420498635105585,0.5525,18.5,0.66
C1420,0.33314933236180627,-1.062160724481839,-1.248377959595373,-1.643957211468241,-0.20486124585140184,-0.4528213145102017,-1.0528009140129588,0,0,1,1.0,False,False,True,False,True,False,False,True,False,2022,4,16,5,0,0,0,0,12.584055279667918,278.52660555142666,-1.183336998603699,0.2658,9.83,0.3496
C1421,-0.752437630233925,0.2201651998911575,1.1570743893053814,-0.06663153495727897,-0.20486124585140184,0.8732583673168379,-0.8347962164624272,1,1,1,2.0,False,False,True,True,False,False,False,False,True,2018,6,8,4,2,2,0,2,13.36677115171173,703.4669075372345,0.40699608708923724,0.7751,19.33,0.3969
C1422,6.427966085902237e-16,-0.19097380918804296,-0.82876818216515,-0.7426264589243127,0.6540957598148535,1.1291684813536351,0.8350368051561295,0,0,1,2.0,False,False,False,False,False,False,True,True,False,2023,4,12,2,1,1,0,2,13.175556956107416,387.7748831474261,0.0010635064321427733,0.2852,21.17,0.7592
C1423,1.1473395543086047,-0.948716455176518,-0.9838064367974458,-0.35001972174793683,0.6540957598148535,-0.2201757562949316,1.6374600153791232,0,0,1,3.0,False,False,False,True,False,False,False,False,False,2020,6,30,1,0,0,0,0,12.68394300078779,351.38855985931013,-0.9906342451079971,0.3828,11.5,0.9333
C1424,1.1473395543086047,0.959997835887945,1.6560493114682153,1.8847548238513878,0.6540957598148535,1.152433037175162,0.31376130213361014,0,0,1,1.0,False,False,True,False,False,False,True,False,False,2020,3,28,5,3,3,1,2,13.639228705381912,762.5129113660961,1.005911018395827,0.6935,21.33,0.6461
C1425,1.5092018751738485,0.2201651998911575,-0.4765160201181704,-0.09177150939565135,0.22461725698172583,-1.6625782172296062,1.1977634372328076,1,1,1,1.0,False,False,False,False,False,False,True,False,False,2023,3,1,2,2,2,0,1,13.36677115171173,459.865969604188,0.40699608708923724,0.3312,1.17,0.8379
C1426,-0.752437630233925,-1.0005696613204043,-1.080627871317108,-0.6798843230387728,-1.4932967543507847,1.4781368186765402,-1.71142398547112,0,0,1,2.0,False,True,False,False,False,True,False,False,True,2021,12,3,4,0,0,0,2,12.63952020081622,326.615538515852,-1.076691365108957,0.3458,23.67,0.2067
C1427,-1.5666278521807235,-0.7847563819489989,-0.4576936636081816,-0.9145382500011797,-1.063818251517657,-1.2438162124421202,-1.6155572262945648,0,0,0,2.0,False,True,False,True,False,False,False,True,False,2021,6,4,4,0,1,0,1,12.812679919758912,463.4025679687155,-0.7379748269573981,0.5854,4.17,0.2275
C1428,-1.7475590126133453,-1.3565485396873753,-1.2480758431427224,-0.6722575184894961,1.5130527654811088,-0.871583319297688,0.3202138724628014,0,0,1,2.0,False,False,False,False,False,True,False,True,False,2020,7,21,1,0,0,0,1,12.265781365683765,278.62067403550657,-1.7784243790636989,0.3657,6.83,0.6475
C1429,1.1473395543086047,-1.2340755751014227,-1.2280792041948503,-1.6112860850553352,-0.20486124585140184,-1.3834035473712822,-0.39786502560005005,0,0,1,1.0,False,False,True,False,False,False,True,False,False,2020,7,2,3,0,0,0,1,12.410666571413392,284.77784323925204,-1.5110511214349263,0.3305,3.17,0.4917
C1430,-0.9333687906665469,0.09690271279951825,-0.4659586036256769,-0.20905101568899956,-1.063818251517657,0.29164447177866265,1.3332674141458232,1,0,1,2.0,True,False,False,True,False,False,False,False,False,2018,4,7,5,1,2,0,0,13.313180725873861,461.8529744410011,0.2920499960505973,0.3525,15.17,0.8673
C1431,0.785477233443361,-0.9940357234721994,-0.8113098748097258,0.7817857286317226,1.0835742626479812,1.059374813889054,-0.6983704437880984,0,0,0,3.0,False,False,False,True,False,False,False,True,False,2020,3,2,0,0,0,0,2,12.645227719598006,391.66051626376634,-1.065666705277864,0.4944,20.67,0.4265
C1432,-0.661972050017614,0.2201651998911575,2.4927767082295493,1.1400872380845954,-0.20486124585140184,1.4548722628550133,-0.2489950101479956,0,1,1,3.0,False,False,False,False,False,True,False,False,False,2022,6,21,1,2,2,0,2,13.36677115171173,852.3955595848678,0.40699608708923724,1.1381,23.5,0.524
C1433,-0.752437630233925,0.2201651998911575,0.8781698878513926,0.5115878771252859,1.5130527654811088,-0.7087314285469988,0.08239056604403945,0,1,1,2.0,True,False,False,False,False,True,False,False,False,2021,9,6,0,2,2,0,1,13.36677115171173,668.1933926641298,0.40699608708923724,0.6993,8.0,0.5959
C1434,0.9664083938759829,-1.2824235626904013,-1.1990001065247524,-0.782806594022266,0.6540957598148535,-0.8250542076546339,-0.7983852838905624,0,0,0,2.0,False,False,False,False,False,False,True,True,False,2021,2,15,0,0,0,0,1,12.35595141372224,293.50119250183633,-1.6127073663583458,0.3708,7.17,0.4048
C1435,-1.6570934323970343,-1.1774478300757516,-1.0673420682914327,0.058920834208575544,1.5130527654811088,1.3618140395689051,1.3982540153183918,0,0,0,1.0,True,False,False,False,False,False,True,False,False,2018,10,12,4,0,0,0,2,12.47116284510447,330.12494604316106,-1.39767762098498,0.418,22.83,0.8814
C1436,1.3282707147412267,0.2201651998911575,0.06618174154507231,0.6372877493171478,-1.4932967543507847,-1.150757989156012,-0.13653592726780553,0,1,1,2.0,False,False,True,True,False,False,False,False,False,2021,2,17,2,2,2,0,1,13.36677115171173,552.8307426328605,0.40699608708923724,0.4787,4.83,0.5484
C1437,0.24268375214549534,0.2201651998911575,1.2020850715206661,-0.4688711259712371,-1.4932967543507847,-0.4295567586886747,-0.27618798510672987,0,1,0,2.0,False,True,False,True,False,False,False,False,False,2021,12,9,3,2,2,0,0,13.36677115171173,708.9950422957836,0.40699608708923724,0.7874,10.0,0.5181
C1438,-0.3001097291523703,0.9798201385690665,-0.21975283279252847,-0.7095985862181349,-0.20486124585140184,1.082639369710581,1.1949980499488684,0,0,1,2.0,False,False,True,False,False,False,False,False,False,2023,9,18,0,3,3,0,2,13.64559834182277,505.98320130217763,1.0202078993838959,0.3034,20.83,0.8373
C1439,0.5140804927944281,-0.6632218374805299,-0.7405949680090379,0.058920834208575544,0.22461725698172583,0.3614381392432437,-0.6638031027388598,0,0,1,2.0,False,True,False,False,False,False,False,False,True,2022,6,26,6,0,1,0,0,12.898434117501951,407.02003636184793,-0.5669429404220518,0.4145,15.67,0.434
C1440,-1.1142999510991687,-0.8127039257664183,-0.37492476574073663,-0.04983008482841897,1.0835742626479812,-0.2434403121164586,1.0834607628299915,0,0,1,1.0,True,False,False,False,True,False,False,False,False,2024,1,6,5,0,0,0,0,12.79187512100755,478.64430425943647,-0.7791379425629391,0.6377,11.33,0.8131
C1441,0.785477233443361,1.206515827812453,2.3650782920402245,1.852199803896429,1.5130527654811088,0.33817358342171666,-1.3196607869130814,0,0,1,1.0,False,True,False,False,False,False,True,False,False,2021,9,18,5,3,3,1,0,13.715697161884506,839.3006374357165,1.1784537978720142,0.7784,15.5,0.2917
C1442,0.5140804927944281,-1.013886627949347,-1.1798611647146382,0.39389611547510567,0.6540957598148535,0.8732583673168379,-1.1104131490950233,1,0,0,2.0,False,False,True,False,True,False,False,False,False,2018,4,24,1,0,0,0,2,12.627785737334754,299.10382812662226,-1.0993280312928801,0.2934,19.33,0.3371
C1443,-0.9333687906665469,0.2201651998911575,-0.4574385276762159,-0.3180312793410028,-1.4932967543507847,0.03573435774186552,1.5443586434865073,1,1,1,1.0,False,True,False,False,True,False,False,True,False,2019,4,18,3,2,2,0,0,13.36677115171173,463.4503209622365,0.40699608708923724,0.3364,13.33,0.9131
C1444,0.5140804927944281,-0.5318796520523322,-0.8541439466194324,-1.103906294065012,1.0835742626479812,1.4548722628550133,1.1696486665127603,0,0,1,1.0,True,False,False,False,False,True,False,False,False,2020,12,5,5,1,1,0,2,12.983521313810924,382.0566319277811,-0.3950508765494744,0.3354,23.5,0.8318
C1445,1.2378051345249157,0.2201651998911575,-0.9133035476103525,1.2657871102764573,1.0835742626479812,1.4781368186765402,-0.40155220864530206,0,1,0,3.0,False,True,False,False,False,True,False,True,False,2020,1,2,3,2,2,0,2,13.36677115171173,368.3809034138442,0.40699608708923724,0.2126,23.67,0.4909
C1446,-1.2047655313154797,2.3108182590219744,2.4927767082295493,0.845190775475233,-1.4932967543507847,-1.4997263264789171,0.46447490910829065,0,0,0,2.0,False,False,False,False,False,False,False,False,False,2024,7,6,5,4,3,0,1,14.000709712167255,852.3955595848678,1.8392911871460735,0.6037,2.33,0.6788
C1447,-1.4761622719644125,-0.6839704239413645,-0.3270773247482352,0.37210289510584715,-0.6343397486845295,-0.2899694237595126,1.5171656685277728,1,0,1,2.0,False,False,True,False,True,False,False,False,False,2020,12,23,2,0,1,0,0,12.88430482337315,487.2378885103251,-0.5952747582189458,0.6024,11.0,0.9072
C1448,-0.842903210450236,-0.8030984584334511,-0.5242152563024739,-0.044609014937058246,1.5130527654811088,0.3614381392432437,-1.009937411111903,1,0,0,3.0,False,False,False,False,False,False,False,False,False,2018,6,6,2,0,1,0,0,12.799074576150405,450.77935844490486,-0.7649080828755607,0.5615,15.67,0.3589
C1449,0.785477233443361,0.46710582304583426,-0.7086271159425114,-0.3597860587937951,1.0835742626479812,-0.33649853540256663,-1.5381263823442701,0,0,1,3.0,True,False,False,False,False,False,True,True,False,2019,3,21,3,2,3,0,0,13.46619603100326,413.77647347329935,0.6227177241460221,0.2428,10.67,0.2443
C1450,6.427966085902237e-16,0.2201651998911575,-0.8066548257699716,-1.0973704869305467,-1.4932967543507847,0.7569355882092028,0.11557521345130853,0,1,0,2.0,False,True,False,True,False,False,False,False,True,2024,9,9,0,2,2,0,2,13.36677115171173,392.69008136188006,0.40699608708923724,0.2415,18.5,0.6031
C1451,0.42361491257811723,0.2201651998911575,-0.4949622442386254,-0.6699909214782162,-0.6343397486845295,-0.8483187634761609,-1.2496043090532911,0,1,0,3.0,False,False,False,False,False,True,False,False,False,2022,11,15,1,2,2,0,1,13.36677115171173,456.3734545303879,0.40699608708923724,0.3262,7.0,0.3069
C1452,0.061752591712873464,1.8653826199540398,0.6405468528768887,0.058920834208575544,-1.4932967543507847,1.385078595390432,-1.094742621152702,0,0,2,2.0,False,False,False,False,False,False,True,False,False,2021,11,16,1,4,3,0,2,13.895313326085388,636.6007225883426,1.5916152679737834,0.3742,23.0,0.3405
C1453,1.4187362949575375,-1.097809958647573,-0.602399201219923,-0.581899623482893,-1.4932967543507847,1.5944595977841753,1.3397199844750145,0,0,1,2.0,False,True,False,False,False,False,True,False,True,2021,7,8,3,0,0,0,2,12.550487753861526,435.47557910863384,-1.2474491690583387,0.6719,24.5,0.8687
C1454,-0.9333687906665469,-1.3670807718134426,-1.248377959595373,0.058920834208575544,1.0835742626479812,-0.6389377610824178,-1.7164938621583414,0,0,1,2.0,False,True,False,False,False,True,False,False,False,2022,11,23,2,0,0,0,1,12.252283247392471,278.52660555142666,-1.803039097785006,0.3704,8.5,0.2056
C1455,1.5092018751738485,-1.1865460872923845,-1.248377959595373,-0.45415249255662893,0.22461725698172583,1.3618140395689051,1.081156273426709,1,0,1,2.0,False,False,True,False,False,True,False,True,False,2024,10,19,5,0,0,0,2,12.461686446028512,278.52660555142666,-1.4155050297757361,0.3004,22.83,0.8126
C1456,-1.023834370882858,-1.1785202309220975,-1.0404659247053831,-0.7263297420063608,0.22461725698172583,0.08226346938491955,0.04459693983020514,0,0,1,2.0,False,False,False,False,True,False,False,False,False,2023,9,26,1,0,0,0,0,12.47005053048851,337.1125183080569,-1.3997714691440089,0.4364,13.67,0.5877
C1457,0.33314933236180627,0.6696849810939921,0.274953779365246,0.32854563684965776,0.6540957598148535,-0.49935042615325576,0.19116246587897714,0,0,1,2.0,False,False,False,False,False,False,False,False,False,2019,4,19,4,2,3,0,0,13.540969627898557,584.6698213521885,0.7870884860279982,0.4498,9.5,0.6195
C1458,1.3282707147412267,2.0993046473160546,1.413685970778997,-0.37764038819201057,1.5130527654811088,-0.2899694237595126,0.5796993792724195,0,0,0,1.0,True,False,False,False,False,False,True,True,False,2022,4,27,2,4,3,0,0,13.95204454827727,734.4260888612278,1.724443486901307,0.4705,11.0,0.7038
C1459,1.3282707147412267,0.6517501379433867,1.3344606147122273,-0.7873617562707039,-1.4932967543507847,-1.197287100799066,-0.2508386016706216,0,0,1,2.0,False,False,True,False,True,False,False,False,True,2024,6,19,2,2,3,0,1,13.534570745310997,725.0089447724076,0.7729498536742997,0.6961,4.5,0.5236
C1460,1.4187362949575375,-0.5533519416547904,-1.0549940310455168,0.34254091983564205,1.5130527654811088,-0.7087314285469988,-1.3427056809459073,1,0,1,1.0,True,False,False,False,True,False,False,True,False,2020,2,18,1,1,1,0,1,12.970096608568529,333.3535210553505,-0.42231740904905773,0.2588,8.0,0.2867
C1461,-0.20964414893605934,0.04204765010996113,0.42217280365604226,0.5404716190812056,0.6540957598148535,-0.5226149819747827,-1.386951877488933,0,0,0,2.0,False,False,False,False,False,False,True,False,False,2020,11,9,0,1,2,0,0,13.288375844387488,606.1169771586999,0.23915832312982846,0.6224,9.33,0.2771
C1462,1.6901330356064703,-1.0208154777884795,-0.9919865812984655,-0.08752958825661186,0.6540957598148535,-0.6622023169039448,0.8654560652794595,0,0,1,2.0,True,False,False,False,False,False,True,False,True,2018,7,1,6,0,0,0,1,12.621625368796957,349.36350696659775,-1.1111958923996643,0.4028,8.33,0.7658
C1463,1.0568739740922939,1.165806295811881,0.29360596839417685,-0.5833654851124459,0.6540957598148535,0.2218508043140816,-0.9781354573466035,0,0,0,2.0,False,False,False,True,False,False,False,False,False,2022,11,22,1,3,3,0,0,13.703465539604204,587.430429923408,1.1507212019750672,0.386,14.67,0.3658
C1464,0.33314933236180627,0.15229081232420208,1.0193426632420515,0.6506744467740343,0.6540957598148535,-0.6389377610824178,-1.6450546906565817,0,0,1,3.0,False,False,False,False,False,False,False,False,False,2018,1,7,6,2,2,0,1,13.337617537150287,686.2743766162336,0.3443498055676661,0.7595,8.5,0.2211
C1465,0.24268375214549534,0.6258583713409888,-0.19023915089489135,0.2041637026777524,-0.20486124585140184,0.38470269506477067,1.6439125857083146,0,0,1,3.0,True,False,False,False,False,False,True,True,False,2023,10,31,1,2,3,0,0,13.525260123425804,511.01753394575417,0.7524018426526384,0.3491,15.83,0.9347
C1466,1.0568739740922939,-0.929571308341547,-0.5895102827156175,-1.643957211468241,1.0835742626479812,-0.5226149819747827,1.6466779729922538,1,0,1,2.0,True,False,False,False,False,True,False,True,False,2024,1,15,0,0,0,0,0,12.69985841203377,438.03527255233683,-0.9596625299816927,0.5855,9.33,0.9353
C1467,6.427966085902237e-16,-0.4931750578518534,-0.7577256222606906,-0.7560486711649789,1.0835742626479812,-1.174022544977539,-0.4351977539332279,0,0,1,2.0,False,True,False,True,False,False,False,False,True,2020,3,18,2,1,1,0,1,13.007273798634044,403.3528852010358,-0.34667303909021124,0.3651,4.67,0.4836
C1468,-0.752437630233925,0.5535556950610745,0.42224307268023253,0.9944826030394515,-0.20486124585140184,1.6409887094272293,-1.654272648269712,0,0,0,2.0,False,True,False,False,False,False,False,False,False,2022,1,31,0,2,3,0,2,13.498791606245454,606.127032889971,0.6941439928885256,0.5043,24.83,0.2191
C1469,6.427966085902237e-16,1.8598548881098902,2.4927767082295493,1.8847548238513878,-1.4932967543507847,0.33817358342171666,0.7714328976255306,1,0,1,1.0,False,True,False,False,False,True,False,True,False,2022,11,2,2,4,3,1,0,13.893933021443114,852.3955595848678,1.5883975555359857,0.6718,15.5,0.7454
C1470,0.24268375214549534,-0.8472464221301632,-0.22490529890343736,-1.4010243691316073,-0.20486124585140184,-0.2434403121164586,1.130472346656956,0,0,1,1.0,False,False,False,False,False,True,False,True,False,2018,10,14,6,0,0,0,0,12.765547995033153,505.0991684808044,-0.8310432335236149,0.729,11.33,0.8233
C1471,0.42361491257811723,0.6369238993093911,1.3490175434576892,1.3917571898856884,-1.4932967543507847,1.036110258067527,-1.3099819314192949,0,0,1,2.0,True,False,False,False,False,False,False,False,False,2021,9,14,1,2,3,0,2,13.529249874859868,726.7484090109864,0.7612034792593753,0.7032,20.5,0.2938
C1472,1.3282707147412267,-0.9192146091007938,-0.6490499935880064,-0.1328641421456964,0.22461725698172583,-0.2434403121164586,-1.2740318967280866,0,0,1,2.0,False,False,True,True,False,False,False,False,False,2024,12,27,4,0,0,0,0,12.708363541903454,426.0823629299856,-0.9430810056588579,0.5493,11.33,0.3016
C1473,0.875942813659672,2.3108182590219744,1.4588604219013566,1.146580655110376,1.0835742626479812,0.2683799159571356,1.1000530865336262,0,0,0,2.0,False,False,False,False,False,True,False,False,False,2021,7,9,4,4,3,0,0,14.000709712167255,739.7420969500114,1.8392911871460735,0.4547,15.0,0.8167
C1474,-0.3001097291523703,-0.7020200072853425,-0.35676469046038034,-1.2969463029072952,-1.063818251517657,-0.4295567586886747,1.4443438033840432,1,0,1,3.0,False,False,True,False,True,False,False,False,False,2019,5,26,6,0,1,0,0,12.871848989006153,481.923967032145,-0.6202011847765909,0.5967,10.0,0.8914
C1475,-0.028712988503437474,0.2201651998911575,0.60804226997834,0.7881275959473821,-0.6343397486845295,-0.35976309122409367,0.9912811866986885,0,1,0,1.0,True,False,False,False,False,False,False,False,False,2021,5,15,5,2,2,0,0,13.36677115171173,632.15639678801,0.40699608708923724,0.6259,10.5,0.7931
C1476,0.42361491257811723,-0.1604358972772246,-1.0583083770790225,1.2851704357801388,1.0835742626479812,1.3618140395689051,-1.0481919352063938,0,0,2,1.0,False,False,False,False,False,False,False,True,False,2023,9,9,5,1,1,0,2,13.191087159356606,332.49001488766544,0.033599813407881055,0.2064,22.83,0.3506
C1477,0.1522181719291844,2.3108182590219744,2.4927767082295493,1.8847548238513878,-0.20486124585140184,1.175697592996689,-0.319973283769099,0,0,1,3.0,False,False,True,False,False,False,True,True,False,2021,6,20,6,4,3,1,2,14.000709712167255,852.3955595848678,1.8392911871460735,0.6037,21.5,0.5086
C1478,-0.661972050017614,-0.0891095671703265,0.5623635420523568,-1.366037267825519,-0.20486124585140184,-0.6389377610824178,0.3345017067631535,0,0,0,1.0,False,False,True,True,False,False,False,False,True,2022,7,31,6,1,2,0,1,13.226447679047372,625.8574438320599,0.10796494730203317,0.706,8.5,0.6506
C1479,6.427966085902237e-16,-0.7792589169472156,-0.6472347585004337,-0.7858502203355935,0.22461725698172583,1.082639369710581,-1.1883048909259744,0,0,1,2.0,False,True,False,False,True,False,False,False,False,2021,8,29,6,0,1,0,2,12.816721902672937,426.4517323214903,-0.7299626763276574,0.4938,20.83,0.3202
C1480,1.4187362949575375,0.4296326971187597,-0.14573067027004574,0.8265641259502932,-0.20486124585140184,0.6406128091015678,-1.0140854920378117,0,0,1,2.0,False,True,False,False,True,False,False,True,False,2022,7,7,3,2,2,0,2,13.451730014655636,518.5171935432807,0.591130347219436,0.3868,17.67,0.358
C1481,-0.752437630233925,0.39833108395311717,1.1662275782102827,-0.7239883656830075,-1.4932967543507847,-0.7087314285469988,-0.7642788407219802,1,0,1,2.0,False,True,False,False,False,False,True,False,False,2021,4,26,0,2,2,0,1,13.43948392932518,704.5945997522263,0.5644438870418845,0.7231,8.0,0.4122
C1482,6.427966085902237e-16,0.2201651998911575,-0.615318613829066,0.058920834208575544,-1.4932967543507847,-1.3834035473712822,0.018786658513440156,0,1,0,1.0,False,False,False,False,False,True,False,False,False,2024,3,20,2,2,2,0,1,13.36677115171173,432.8946407614675,0.40699608708923724,0.2935,3.17,0.5821
C1483,-0.752437630233925,-1.1513251770474766,-1.1956651812938426,-0.1333284070816455,-1.063818251517657,0.7104064765661489,0.02339563732000538,0,0,2,1.0,True,False,False,False,False,True,False,False,False,2019,6,6,3,0,0,0,2,12.497882524354987,294.48510998011426,-1.3472746099824213,0.3239,18.17,0.5831
C1484,-1.023834370882858,-0.7889259169927202,-0.40449626538346206,0.9435534997987467,-1.063818251517657,-0.5458795377963097,1.0723992136942349,0,0,1,1.0,True,False,False,False,True,False,False,False,True,2020,2,25,1,0,1,0,0,12.8096033587974,473.255132037678,-0.7440700284599828,0.6124,9.17,0.8107
C1485,6.427966085902237e-16,0.7957427904509556,0.18766224258812486,1.0758439067935368,1.0835742626479812,-0.49935042615325576,0.8608470864728945,0,0,0,2.0,False,True,False,True,False,False,False,False,False,2022,9,19,0,2,3,0,0,13.584825679690583,571.5730924387536,0.8843569430135884,0.4115,9.5,0.7648
C1486,0.69501165322705,-1.3670807718134426,-1.0187900924230877,0.10648410185165819,-1.063818251517657,-0.941376986762269,1.416229032663996,0,0,1,2.0,False,True,False,False,False,True,False,False,False,2022,4,2,5,0,0,0,1,12.252283247392471,342.64426158918815,-1.803039097785006,0.5605,6.33,0.8853
C1487,-0.5715064698013032,-0.5636761169903598,-0.9710758109432027,0.7643087603058211,-1.4932967543507847,1.152433037175162,1.1369249169861473,0,0,1,1.0,False,True,False,False,False,False,False,True,False,2019,12,14,5,1,1,0,2,12.963577096427757,354.517108190846,-0.43553918981409107,0.2946,21.33,0.8247
C1488,0.9664083938759829,0.9847504147852292,0.016049894351064964,-0.35495908314172997,1.5130527654811088,0.058998913563392534,-0.8647545787051006,0,0,1,2.0,False,False,True,False,False,False,True,False,False,2024,11,26,1,3,3,0,0,13.647176340644457,544.9083867954319,1.0237518889435577,0.3514,13.5,0.3904
C1489,-0.11917856871974841,-0.42363924457742674,-0.9084956821775478,-0.5171325531602502,0.6540957598148535,1.4316077070334863,-0.5969729100436648,0,0,2,3.0,False,True,False,True,False,False,False,True,False,2024,5,20,0,1,1,0,2,13.048579238964656,369.51121769169606,-0.2621322660449543,0.294,23.33,0.4485
C1490,-0.39057530936868123,2.3108182590219744,2.4927767082295493,1.5477399110307883,0.6540957598148535,1.1291684813536351,-0.0125543973712029,0,0,0,1.0,False,False,True,False,False,True,False,False,False,2021,5,17,0,4,3,0,2,14.000709712167255,852.3955595848678,1.8392911871460735,0.6037,21.17,0.5753
C1491,-1.3856966917481015,-1.3670807718134426,-1.2170180873468404,-1.6024547740507675,-1.063818251517657,-0.10385297718729654,-1.6929880702448594,0,0,1,2.0,True,False,False,False,True,False,False,True,False,2022,7,22,4,0,0,0,0,12.252283247392471,288.12715942791647,-1.803039097785006,0.3963,12.33,0.2107
C1492,1.3282707147412267,-1.0759002798719906,-1.0272744862347523,-1.643957211468241,-1.063818251517657,-1.2438162124421202,1.382122589495414,0,0,1,2.0,False,False,False,False,False,False,True,False,False,2024,2,23,4,0,0,0,1,12.571251136611307,340.48972084337584,-1.2078303506180936,0.4023,4.17,0.8779
C1493,-0.752437630233925,-1.3670807718134426,-1.248377959595373,0.05597326744967129,-1.4932967543507847,0.7802001440307299,-1.5888251492164869,1,0,1,2.0,False,False,False,False,False,True,False,False,False,2018,1,2,1,0,0,0,2,12.252283247392471,278.52660555142666,-1.803039097785006,0.3704,18.67,0.2333
C1494,0.42361491257811723,2.3108182590219744,0.7687260844319003,1.8847548238513878,0.22461725698172583,0.7802001440307299,-0.6278530680476515,0,0,1,2.0,False,False,False,False,True,False,False,False,False,2021,5,29,5,4,3,1,2,14.000709712167255,653.8321803031723,1.8392911871460735,0.3552,18.67,0.4418
C1495,0.061752591712873464,-1.0662510773218141,-0.9368361192438935,-1.6206246604081311,1.0835742626479812,1.408343151211959,0.22526890904755906,1,0,1,2.0,False,False,False,False,False,True,False,False,False,2021,3,21,6,0,0,0,2,12.580260514062092,362.79767088557776,-1.1906010069551645,0.4527,23.17,0.6269
C1496,1.4187362949575375,-1.3670807718134426,-1.248377959595373,0.28633029009304944,-0.20486124585140184,0.3614381392432437,0.04782322499480077,0,0,0,3.0,False,False,True,False,False,False,True,False,False,2020,5,10,6,0,0,0,0,12.252283247392471,278.52660555142666,-1.803039097785006,0.3704,15.67,0.5884
C1497,0.24268375214549534,-0.8499637407567646,-0.6760753219440349,-1.643957211468241,1.0835742626479812,0.10552802520644655,0.5197826547870726,1,0,1,3.0,False,False,True,False,False,False,False,False,False,2022,10,27,3,0,0,0,0,12.763447238148272,420.5448014183507,-0.8351761521595132,0.5064,13.83,0.6908
C1498,-0.39057530936868123,-1.3011232171267249,-1.075845311956182,-1.643957211468241,-0.6343397486845295,-0.7552605401900528,0.08100787240206984,0,0,1,2.0,False,True,False,False,False,False,False,False,False,2024,7,3,2,0,0,0,1,12.333959399615184,327.8831651671064,-1.6533320036948977,0.473,7.67,0.5956
C1499,1.6901330356064703,0.2201651998911575,0.7344869691806973,0.9892473914543611,0.6540957598148535,-0.5226149819747827,-0.9504815845072125,0,1,1,2.0,False,False,True,False,True,False,False,False,False,2024,10,20,6,2,2,0,0,13.36677115171173,649.274094662647,0.40699608708923724,0.6603,9.33,0.3718
C1500,1.6901330356064703,-0.29146679304181594,0.02244178153589889,0.007229572130906336,1.5130527654811088,0.6406128091015678,-1.047270139445081,1,0,0,2.0,False,True,False,False,False,False,False,True,False,2021,8,12,3,1,1,0,2,13.122678087877793,545.9248941017436,-0.10915232021534624,0.5959,17.67,0.3508
C1501,-0.5715064698013032,0.6745769242432945,0.356197799056395,0.058920834208575544,0.6540957598148535,0.7104064765661489,1.393645036511827,0,0,0,2.0,False,True,False,False,False,False,True,False,True,2023,3,20,0,2,3,0,2,13.542707915698077,596.6009554132478,0.7909316615877654,0.4676,18.17,0.8804
C1502,0.9664083938759829,-0.4986724118505474,1.733189481799108,-1.643957211468241,-1.4932967543507847,0.10552802520644655,-0.8297263397752055,0,0,1,2.0,False,False,False,False,True,False,False,False,False,2022,12,15,3,1,1,0,0,13.003934328126071,771.2379140057885,-0.35348512813728683,1.3392,13.83,0.398
C1503,-1.3856966917481015,-0.30761888957620526,0.12244226971845619,-1.2334086778945863,1.0835742626479812,0.8732583673168379,-0.7711923089318279,1,0,0,1.0,False,False,True,False,False,True,False,True,False,2022,12,17,5,1,1,0,2,13.113911904102755,561.588541549772,-0.12733933635147562,0.6361,19.33,0.4107
C1504,1.3282707147412267,-0.82823251794785,-0.4168347912356196,-0.6113501180504477,1.5130527654811088,0.6871419207446219,-0.3149034070818773,0,0,1,2.0,False,False,True,True,False,False,False,True,False,2020,5,25,0,0,0,0,2,12.78012543097765,470.9883013409144,-0.8023284168740314,0.6247,18.0,0.5097
C1505,0.24268375214549534,-1.3543543416199164,-1.248377959595373,-1.525823988894821,-1.4932967543507847,-1.360138991549755,-1.2602049603083911,0,0,1,2.0,False,True,False,False,False,True,False,False,False,2023,9,25,0,0,0,0,1,12.268570664383226,278.52660555142666,-1.7733316846024914,0.3644,3.33,0.3046
C1506,0.785477233443361,-1.3670807718134426,-0.9311264007483683,-1.643957211468241,-0.6343397486845295,0.5010254741724057,0.011412292422935736,0,0,1,2.0,False,True,False,False,False,False,True,True,False,2023,4,23,6,0,0,0,0,12.252283247392471,364.1601982644451,-1.803039097785006,0.6331,16.67,0.5805
C1507,-0.842903210450236,0.2201651998911575,-0.8173090855443679,0.8132675703857545,1.5130527654811088,-0.871583319297688,0.5566544852395938,0,1,1,3.0,True,False,False,False,True,False,False,False,False,2019,11,27,2,2,2,0,1,13.36677115171173,390.3296555477178,0.40699608708923724,0.2386,6.83,0.6988
C1508,-0.20964414893605934,-0.24674982750902394,-1.0074985116220734,0.8360147451411677,1.0835742626479812,1.6642532652487563,0.9746888629950539,0,0,1,1.0,True,False,False,False,False,True,False,False,False,2018,12,14,4,1,1,0,2,13.146553834667523,345.49082476963116,-0.05949625814408108,0.233,25.0,0.7895
C1509,-0.752437630233925,-0.7207398272829006,-1.003778576700789,-0.6032022121110134,1.5130527654811088,-0.6622023169039448,0.7170469477080614,1,0,0,2.0,False,True,False,False,True,False,False,False,False,2021,3,8,0,0,1,0,1,12.85876461325557,346.423483615069,-0.6463352831697708,0.3124,8.33,0.7336
C1510,-1.023834370882858,-1.3670807718134426,-0.9186268729400472,-0.4089001162159857,-0.6343397486845295,-1.6858427730511334,-1.2320901895883436,0,0,0,1.0,True,False,False,False,False,False,False,True,False,2023,10,13,4,0,0,0,1,12.252283247392471,367.1253464417841,-1.803039097785006,0.6435,1.0,0.3107
C1511,-0.9333687906665469,-0.1210409008619314,-0.08346291873333858,-0.6543343457852786,-1.063818251517657,1.036110258067527,-0.16557249374916613,0,0,0,3.0,True,False,False,True,False,False,False,True,False,2025,2,5,2,1,1,0,2,13.210771886283846,528.8308330647902,0.07494916349873477,0.512,20.5,0.5421
C1512,6.427966085902237e-16,2.290420923336917,2.4927767082295493,1.0837998438881613,1.0835742626479812,0.29164447177866265,-1.6091046559653734,0,0,1,2.0,False,True,False,False,False,False,True,False,False,2024,12,11,2,4,3,0,0,13.996118522397111,852.3955595848678,1.8284202909653429,0.6065,15.17,0.2289
C1513,1.5996674553901595,-0.44351368170951966,-0.8045566123068861,-1.0055948552893519,-0.6343397486845295,0.4544963625293517,-1.68100472534779,1,0,1,2.0,False,True,False,False,False,True,False,False,False,2021,10,4,0,1,1,0,0,13.036946590198557,393.1532652795853,-0.28599412961716886,0.3367,16.33,0.2133
C1514,-1.2047655313154797,-0.8267396744000229,-0.6829783456649599,0.058920834208575544,-0.20486124585140184,-1.6625782172296062,-0.22088023942794816,0,0,0,2.0,False,False,True,True,False,False,False,False,True,2019,1,18,4,0,0,0,1,12.7812610062346,419.1186228265215,-0.8000889067305487,0.4941,1.17,0.5301
C1515,-0.661972050017614,-0.392162394534708,-0.5642409305818069,0.9329552910547114,-0.20486124585140184,0.849993811495311,-0.8679808638696962,1,0,1,2.0,False,True,False,False,False,False,True,False,False,2020,8,20,3,1,1,0,2,13.066730385399033,443.0107560770957,-0.22481576401385198,0.415,19.17,0.3897
C1516,-1.023834370882858,0.2201651998911575,0.8684335063970798,1.240647135838085,0.6540957598148535,-1.7091073288726604,0.6197974948895366,0,1,1,3.0,False,True,False,False,False,False,True,False,False,2021,6,25,4,2,2,0,1,13.36677115171173,666.9283169876654,0.40699608708923724,0.6967,0.83,0.7125
C1517,0.6045460730107391,-1.190909729738374,-1.248377959595373,0.3479548233869362,-0.20486124585140184,0.7104064765661489,0.7612931442510866,1,0,1,2.0,False,False,False,False,False,False,False,False,True,2020,7,9,3,0,0,0,2,12.457109379702084,278.52660555142666,-1.4241065234147579,0.3018,18.17,0.7432
C1518,-1.6570934323970343,0.17688402778618953,-0.4444374900151834,0.058920834208575544,1.0835742626479812,-1.2205516566205932,1.3530860230140531,0,0,0,2.0,False,False,True,False,True,False,False,False,False,2020,3,26,3,2,2,0,1,13.348279338037786,465.87720485123543,0.36722844883929245,0.3463,4.33,0.8716
C1519,-1.3856966917481015,0.9769483036420701,-0.2788855136568719,1.1240585564902217,-0.20486124585140184,1.5711950419626481,0.8871182656703156,0,0,1,3.0,False,False,True,False,True,False,False,True,False,2019,8,27,1,3,3,0,2,13.644678024855999,495.74276595831435,1.0181413692887078,0.2915,24.33,0.7705
C1520,0.785477233443361,-0.4735618849910938,0.1643729897003648,-0.84594779180605,-0.20486124585140184,1.385078595390432,-1.5754591106774476,0,0,1,2.0,False,False,True,True,False,False,False,True,False,2018,4,11,2,1,1,0,2,13.019098131800972,568.0278778369949,-0.3225254486264828,0.7155,23.0,0.2362
C1521,1.5092018751738485,-1.3670807718134426,-1.2381889510877853,0.4395644477768157,1.5130527654811088,-0.2201757562949316,-0.4577817500853973,0,0,0,1.0,False,False,False,False,False,False,False,False,True,2018,7,9,0,0,0,0,0,12.252283247392471,281.6817707981828,-1.803039097785006,0.3788,11.5,0.4787
C1522,1.5996674553901595,0.05512107596083924,-0.18073824849211037,-0.2569014776599801,-1.063818251517657,-1.2438162124421202,-0.7983852838905624,0,0,1,2.0,False,True,False,False,False,False,True,False,False,2020,9,29,1,1,2,0,1,13.294343596411867,512.6276426413231,0.25186542555308794,0.4425,4.17,0.4048
C1523,-0.11917856871974841,2.3108182590219744,2.43155809224679,1.8847548238513878,0.6540957598148535,-1.6393136614080792,-0.4075438810938369,0,0,1,3.0,False,False,True,False,False,False,False,False,False,2023,5,1,0,4,3,1,1,14.000709712167255,846.1431439183325,1.8392911871460735,0.5949,1.33,0.4896
C1524,-1.1142999510991687,-0.5600712176612036,0.23465360049756676,-0.7421302561648382,-1.4932967543507847,1.3152849279258512,-1.1887657888066312,0,0,1,2.0,False,False,True,False,False,False,False,False,False,2024,11,8,4,1,1,0,2,12.965858351611663,578.6602457401061,-0.4309142027072715,0.7832,22.5,0.3201
C1525,-1.7475590126133453,-0.50154139769825,0.11950226908535383,-1.0622759042336365,0.6540957598148535,0.8965229231383649,-1.4044659969538806,0,0,1,1.0,True,False,False,True,False,False,False,False,True,2018,10,26,4,1,1,0,2,13.0021870701568,561.1342709191803,-0.35704794818561403,0.7102,19.5,0.2733
C1526,0.1522181719291844,-1.0225750617600482,-0.6075438276365827,-0.6415654510883381,0.6540957598148535,-1.034435210048377,0.05842387624990048,0,0,0,2.0,False,False,True,False,True,False,False,True,False,2023,2,9,3,0,0,0,1,12.620054879726212,434.4496633673457,-1.1142196614307747,0.6238,5.67,0.5907
C1527,-0.3001097291523703,0.2153867443681448,-0.3208937659091137,-1.0999678254455374,0.6540957598148535,-1.01117065422685,0.7479271057120481,0,0,1,2.0,False,True,False,False,False,False,False,False,False,2022,8,25,3,2,2,0,1,13.364746275833593,488.33744480635517,0.4026360976919182,0.3743,5.83,0.7403
C1528,-1.2047655313154797,-0.8912645862143787,-1.112705248523882,0.13372788991093004,-0.6343397486845295,-1.2670807682636471,0.6838623003007923,1,0,1,1.0,False,True,False,False,False,False,False,False,True,2025,1,23,3,0,0,0,1,12.730962049098103,317.98278255276654,-0.8989201470570675,0.2991,4.0,0.7264
C1529,0.42361491257811723,1.0308987281543407,2.026034861907072,1.7316028236040872,-1.4932967543507847,-0.4760858703317287,-0.18354751109477027,1,0,0,2.0,True,False,False,False,False,False,False,False,False,2024,6,15,5,3,3,1,0,13.661827208920972,803.4983571856261,1.0566960400340257,0.7529,9.67,0.5382
C1530,-1.4761622719644125,-0.8820098886438018,-0.8046165052651582,-0.9674005770522335,-0.6343397486845295,1.198962148818216,0.0630328550564657,0,0,0,3.0,False,False,True,False,False,True,False,False,False,2020,3,7,5,0,0,0,2,12.738333621794368,393.14005138118404,-0.8844825525024712,0.4538,21.67,0.5917
C1531,1.4187362949575375,0.04119851347735615,-0.4463900926865507,0.3640302481938908,-1.063818251517657,-1.3834035473712822,0.04229245042692237,0,0,1,2.0,False,False,True,False,False,False,False,False,False,2022,4,22,4,1,2,0,1,13.287986996362175,465.51352289702606,0.23833074615296412,0.3673,3.17,0.5872
C1532,6.427966085902237e-16,-0.3784905880300981,-0.369724915595468,-0.11549229913690445,-1.063818251517657,-0.4062922028671477,0.6483731634902409,0,0,1,2.0,False,False,True,False,False,False,False,False,False,2023,7,18,1,1,1,0,0,13.074512760721893,479.58567534904546,-0.20878499182944496,0.4826,10.17,0.7187
C1533,0.9664083938759829,2.113186989680158,2.4927767082295493,1.8847548238513878,0.22461725698172583,0.10552802520644655,-1.5768418043194172,0,0,1,2.0,False,False,False,False,False,False,True,False,True,2022,6,25,5,4,3,1,0,13.955312256070902,852.3955595848678,1.7321288831961925,0.6318,13.83,0.2359
C1534,-0.11917856871974841,0.12401096225825659,-0.16957723318723272,-1.1747752786473977,0.22461725698172583,-1.4066681031928092,0.711516173140183,0,0,2,1.0,False,False,True,False,False,True,False,False,False,2020,9,26,5,2,2,0,1,13.325215303162196,514.5126529056404,0.3177824898460796,0.4322,3.0,0.7324
C1535,1.6901330356064703,1.7373947258802442,1.5535676177005715,0.2552619476664774,1.5130527654811088,0.38470269506477067,0.2704369013518978,0,0,0,3.0,False,True,False,False,False,False,False,True,False,2019,8,28,2,4,3,0,0,13.862854982317259,750.7648167036066,1.5161258939023325,0.5376,15.83,0.6367
C1536,0.6045460730107391,-0.2215826150719353,0.3443266573290404,-1.5888830895780799,-1.063818251517657,-1.4066681031928092,-1.0574098928195241,0,0,1,2.0,False,True,False,False,False,False,False,True,False,2018,1,23,1,1,1,0,1,13.159744842485068,594.8725409699123,-0.03198555956373449,0.6818,3.0,0.3486
C1537,-0.9333687906665469,-0.4951175379136644,-0.5248157999398931,0.058920834208575544,-1.063818251517657,0.5708191416369868,-1.5726937233935088,1,0,1,2.0,False,False,False,True,False,False,False,False,False,2019,3,13,2,1,1,0,2,13.006095076457866,450.66378820579763,-0.34907787031050835,0.4563,17.17,0.2368
C1538,0.5140804927944281,-0.3705640794247917,-0.7568533986306474,0.058920834208575544,-0.6343397486845295,-0.964641542583796,-1.3671332686207027,0,0,1,2.0,False,False,False,True,False,False,False,False,True,2022,10,8,5,1,1,0,1,13.078997169950727,403.5404068987392,-0.1995391294036915,0.3401,6.17,0.2814
C1539,-0.11917856871974841,-0.9584798799056502,-0.2264374403258762,-1.63746534603699,1.5130527654811088,-1.7091073288726604,0.07132901690828297,0,0,0,2.0,False,False,True,False,False,True,False,False,False,2020,6,15,0,0,0,0,1,12.675728057905452,504.83599317005917,-1.0065917556020278,0.7967,0.83,0.5935
C1540,1.6901330356064703,0.28153674141078994,1.2267122028189528,1.5756854462805467,-1.063818251517657,-0.941376986762269,0.8792830016991547,0,0,1,2.0,True,False,False,False,False,False,True,False,False,2019,12,22,6,2,2,1,1,13.392419353896189,712.0015379196874,0.4623370167004163,0.7739,6.33,0.7688
C1541,-1.5666278521807235,-0.9045229062111073,-0.33419974461851903,-1.457297084555074,1.0835742626479812,-1.290345324085174,-0.5854504630272519,0,0,1,1.0,False,False,False,False,False,True,False,False,False,2023,10,23,0,0,0,0,1,12.720305906699297,485.968301435392,-0.9197625106883491,0.7061,3.83,0.451
C1542,-0.661972050017614,-0.217522677078446,0.14248669621436236,0.902181166776988,-1.4932967543507847,-1.6393136614080792,-0.4319714687686323,0,0,1,3.0,False,False,False,False,False,True,False,False,True,2023,3,18,5,1,1,0,1,13.161856591887288,564.6759424661192,-0.02757630808590749,0.613,1.33,0.4843
C1543,0.69501165322705,0.7535576203814084,0.00479336159492947,1.2037539246421836,-0.6343397486845295,0.058998913563392534,1.4867464084044428,0,0,0,3.0,False,False,True,True,False,False,False,False,False,2018,7,25,2,2,3,0,0,13.5703623579333,543.1136253124203,0.852207893429828,0.3769,13.5,0.9006
C1544,-0.028712988503437474,2.180265009550916,2.4927767082295493,1.8847548238513878,-1.063818251517657,-0.3830276470456207,-1.0057893301859946,1,0,0,2.0,False,False,True,True,False,False,False,False,False,2024,4,2,1,4,3,1,0,13.970952754852783,852.3955595848678,1.7689663886646847,0.622,10.33,0.3598
C1545,0.69501165322705,-0.16343039061796835,-0.5693861334465732,-1.2053146961237655,-0.6343397486845295,1.4548722628550133,-1.3837255923243372,0,0,1,3.0,False,False,False,False,False,False,True,False,False,2020,10,17,5,1,1,0,2,13.189574916593887,442.0022171890091,0.03042827800374265,0.3653,23.5,0.2778
C1546,-1.1142999510991687,0.763137186993524,1.3844008505556127,-0.9279369111137927,-0.6343397486845295,0.6638773649230948,-0.555031202903922,1,0,0,1.0,True,False,False,False,False,False,False,False,False,2019,5,13,0,2,3,0,2,13.57366514953403,730.95923962968,0.8595431838509943,0.6805,17.83,0.4576
C1547,1.6901330356064703,0.5786008040998629,1.4874591653642537,0.058920834208575544,-0.20486124585140184,-0.17364664465187757,0.8359586009174425,0,0,2,2.0,False,False,False,False,False,False,True,True,False,2023,2,13,0,2,3,0,0,13.508039624521558,743.0878615614711,0.7144727967593014,0.751,11.83,0.7594
C1548,-1.7475590126133453,-0.6760894266026973,-0.4124529785983773,0.9546060381608341,1.5130527654811088,0.966316590602946,0.4220723040878911,0,0,1,2.0,False,False,True,False,False,False,False,False,False,2019,7,1,0,0,1,0,2,12.889695134889541,471.79457394082016,-0.5844732885300616,0.5618,20.0,0.6696
C1549,-1.5666278521807235,2.3108182590219744,2.4927767082295493,0.8286697295373749,0.22461725698172583,1.059374813889054,-0.3052245515880905,1,0,1,2.0,False,False,True,False,True,False,False,False,False,2023,3,19,6,4,3,0,2,14.000709712167255,852.3955595848678,1.8392911871460735,0.6037,20.67,0.5118
C1550,-0.661972050017614,-0.824358584131105,-0.30980215495626673,-0.8606441783991735,1.5130527654811088,-1.2205516566205932,1.5927529209554414,0,0,1,2.0,False,False,False,True,False,False,False,False,False,2023,12,16,5,0,0,0,1,12.783069587944071,490.30356923032895,-0.7965213471351754,0.675,4.33,0.9236
C1551,0.69501165322705,-0.24011369281654452,-0.7595274837521911,1.015601649742191,-0.6343397486845295,0.8732583673168379,0.7981649747036085,0,0,0,2.0,True,False,False,False,True,False,False,False,False,2024,4,8,0,1,1,0,2,13.150048989426812,402.96522182441504,-0.052212192178399196,0.3159,19.33,0.7512
C1552,0.42361491257811723,1.8832695837721003,2.071893499287114,0.058920834208575544,1.5130527654811088,0.01246980192033851,-1.5284475268504831,1,0,1,1.0,False,False,False,False,True,False,False,False,True,2024,9,4,2,4,3,0,0,13.899766785512938,808.4336645637661,1.6020015470292885,0.6008,13.17,0.2464
C1553,1.1473395543086047,1.8290388024571258,-0.11126708612614672,1.8847548238513878,0.6540957598148535,1.4316077070334863,0.8318105199915337,0,0,0,2.0,False,False,False,True,False,False,False,False,False,2021,7,23,4,4,3,1,2,13.886202964423155,524.2505984736689,1.570389866788257,0.2561,23.33,0.7585
C1554,1.5996674553901595,-0.3186541877032704,-0.26179613308964933,-0.3595078296686919,1.0835742626479812,1.5944595977841753,-1.6593425249569338,0,0,0,1.0,False,False,True,False,True,False,False,False,True,2022,12,18,6,1,1,0,2,13.107878252698432,498.7238614704534,-0.13984332466245333,0.5047,24.5,0.218
C1555,-1.2952311115317907,0.9771116631885842,-0.25064186222761875,1.6520868140857567,1.0835742626479812,-0.987906098405323,0.5054948204867206,1,0,1,2.0,True,False,False,False,False,True,False,False,False,2024,11,14,3,3,3,1,1,13.644730398279277,500.6600543282837,1.0182589637777155,0.2973,6.0,0.6877
C1556,6.427966085902237e-16,-0.5426381084745235,-0.5747174714049492,-0.07901512137788427,-0.6343397486845295,-0.17364664465187757,-1.0145463899184681,0,0,0,1.0,False,True,False,False,False,False,False,False,False,2023,8,30,2,1,1,0,0,12.976817539507431,440.9547595842458,-0.4086735895006392,0.4498,11.83,0.3579
C1557,0.061752591712873464,-0.7593435566761774,-0.18806582624352045,0.058920834208575544,0.6540957598148535,-1.6393136614080792,0.6649654871938754,0,0,1,1.0,True,False,False,False,False,False,True,False,True,2022,10,14,4,0,1,0,1,12.83122927354224,511.3862923465978,-0.7011656136545292,0.6998,1.33,0.7223
C1558,-0.39057530936868123,-1.213595986127147,-0.5494793627585146,-1.643957211468241,1.0835742626479812,-1.034435210048377,-0.6716383667100206,0,0,1,2.0,False,False,False,True,False,False,False,False,False,2024,2,23,4,0,0,0,1,12.432969982566771,445.89158996330036,-1.4693730393843727,0.7923,5.67,0.4323
C1559,0.061752591712873464,0.5517893029000247,-0.05553337387735257,-0.967395528945366,-0.20486124585140184,-1.4299326590143362,1.2756551790637587,0,0,0,2.0,False,False,False,False,False,True,False,True,False,2023,1,1,6,2,3,0,1,13.498136117951498,533.3921259261332,0.6927041829503197,0.3908,2.83,0.8548
C1560,-0.842903210450236,0.7124741929748285,0.6133017825026379,1.6842224389311469,-1.063818251517657,-1.2438162124421202,-0.5776151990560912,0,0,0,3.0,False,False,False,False,False,False,True,False,True,2019,10,14,0,2,3,1,1,13.556072806078438,632.8776422026615,0.8205135861434142,0.5192,4.17,0.4527
C1561,1.5092018751738485,-0.8182908222571993,-0.6503939823484625,-0.6813662139160277,-0.6343397486845295,-0.7785250960115798,0.3999492058163788,1,0,1,2.0,True,False,False,False,False,False,True,False,False,2023,4,29,5,0,0,0,1,12.787663684898188,425.8086776945721,-0.7874547981339555,0.5068,7.5,0.6648
C1562,1.4187362949575375,-0.04552179906460496,0.8281118836598362,-0.08534633231648481,-0.20486124585140184,1.082639369710581,-0.7541390873475369,0,0,1,2.0,False,False,True,False,False,False,True,False,False,2023,1,18,2,1,2,0,2,13.247456782632598,661.6634643079516,0.15233559236622193,0.7726,20.83,0.4144
C1563,1.3282707147412267,2.3108182590219744,2.4927767082295493,1.8847548238513878,1.5130527654811088,-1.290345324085174,1.4282123775610656,0,0,0,3.0,False,False,False,False,True,False,False,True,False,2020,11,27,4,4,3,1,1,14.000709712167255,852.3955595848678,1.8392911871460735,0.6037,3.83,0.8879
C1564,-0.11917856871974841,1.2570529443278091,1.584874226144057,0.5975306525691675,-1.4932967543507847,-0.6156732052608908,0.9571747435301059,1,0,1,2.0,False,False,False,False,True,False,False,False,False,2020,10,9,4,3,3,0,1,13.73067635103716,754.3730907183792,1.2124853654844452,0.6195,8.67,0.7857
C1565,-0.028712988503437474,0.2201651998911575,1.0759113029283942,-0.09177150939565135,1.5130527654811088,0.2683799159571356,-0.9011655112769653,0,1,2,1.0,True,False,False,False,True,False,False,False,False,2021,2,9,1,2,2,0,0,13.36677115171173,693.3872150537534,0.40699608708923724,0.7531,15.0,0.3825
C1566,-0.20964414893605934,0.9962912579822881,0.37765682920581156,0.078693529404341,-0.20486124585140184,-0.26670486793798565,1.5374451752766594,0,0,1,2.0,False,True,False,False,True,False,False,False,False,2023,11,6,0,3,3,0,0,13.650860429663025,599.7127062185693,1.0320291650009956,0.424,11.17,0.9116
C1567,-0.5715064698013032,-1.0373943442004436,-0.4198060930009084,0.5319582985853157,0.22461725698172583,-0.871583319297688,-0.5075587211963009,0,0,1,3.0,False,True,False,False,False,True,False,False,False,2023,6,8,3,0,0,0,1,12.606729378576032,470.4407826708905,-1.1398474813248385,0.7413,6.83,0.4679
C1568,-0.4810408895849922,-1.3670807718134426,-1.248377959595373,-1.5779655428227368,0.22461725698172583,-1.01117065422685,0.511025595054599,0,0,1,2.0,False,False,True,False,True,False,False,True,False,2025,1,11,5,0,0,0,1,12.252283247392471,278.52660555142666,-1.803039097785006,0.3704,5.83,0.6889
C1569,6.427966085902237e-16,-0.3531566489527847,0.418109997400973,0.7027571932737424,-1.063818251517657,-0.010794753901188501,0.8253579496623423,1,0,0,2.0,False,False,True,True,False,False,False,False,False,2020,9,6,6,1,1,0,0,13.088775383460835,605.5352921176436,-0.1793570113577834,0.7584,13.0,0.7571
C1570,-1.7475590126133453,2.1321627087997297,0.7167616510623124,1.8847548238513878,1.5130527654811088,1.6642532652487563,-1.6630297080021859,0,0,0,1.0,False,False,False,False,False,False,True,False,False,2021,1,29,4,4,3,1,2,13.959761669792766,646.9017931649286,1.7425996249501225,0.3623,25.0,0.2172
C1571,-1.5666278521807235,1.7597362066734525,0.980382437998082,-0.5370734803248715,0.6540957598148535,0.7569355882092028,1.5724734142065548,0,0,1,1.0,True,False,False,False,False,True,False,False,False,2022,12,7,2,4,3,0,2,13.868597326115855,681.3324078597759,1.5294542693598676,0.4402,18.5,0.9192
C1572,-0.39057530936868123,0.08417731863482636,0.8094154810611319,0.11085174000276603,-1.063818251517657,0.6638773649230948,-0.5518049177393265,0,0,1,2.0,False,False,False,False,True,False,False,False,False,2018,11,14,2,1,2,0,2,13.307481004880154,659.207979320639,0.2798789923550363,0.7222,17.83,0.4583
C1573,0.24268375214549534,-0.7991063063265335,-0.8262341162886908,0.284380594571446,1.0835742626479812,0.8267292556737839,-1.0864464593008847,0,0,0,2.0,False,False,True,False,False,False,True,False,False,2021,3,16,1,0,1,0,2,12.80205157864676,388.3412931945301,-0.7590194842516608,0.4155,19.0,0.3423
C1574,-0.842903210450236,0.22200315751174737,0.3675197010278148,1.4679059311157636,0.6540957598148535,-1.2670807682636471,1.1982243351134638,0,0,1,1.0,True,False,False,False,False,True,False,True,False,2020,8,18,1,2,2,0,1,13.367548897796668,598.2447492456579,0.4086710925713204,0.5602,4.0,0.838
C1575,-0.752437630233925,-0.5819000491866989,-1.0372649083696284,-1.3070747963689235,0.6540957598148535,1.5014013744980672,0.6875494833460444,0,0,0,3.0,True,False,False,False,False,False,True,False,False,2021,1,17,6,1,1,0,2,12.951964280785042,337.9351269104767,-0.45905831978755884,0.2708,23.83,0.7272
C1576,-0.9333687906665469,-0.7782088647228618,-1.198857550907999,0.058920834208575544,0.6540957598148535,0.2683799159571356,-1.4422596231677147,0,0,0,3.0,False,False,True,False,False,True,False,True,False,2021,10,7,3,0,1,0,0,12.817492093308825,293.54331877935834,-0.7284354276715648,0.2338,15.0,0.2651
C1577,1.0568739740922939,1.1023708053175738,0.5648453817303615,1.3682120149777677,0.6540957598148535,-0.7087314285469988,-1.3376358042586856,1,0,1,2.0,False,True,False,False,False,False,False,False,True,2021,8,2,0,3,3,0,1,13.684102349787617,626.2013094844182,1.106923293911814,0.4472,8.0,0.2878
C1578,-0.39057530936868123,-0.7874641173088853,-0.5404336814254878,-0.6143303514042308,0.22461725698172583,0.1753216926710276,0.729952088366444,0,0,2,3.0,False,True,False,False,False,True,False,False,False,2024,1,22,0,0,1,0,0,12.810683049906839,447.64776331396985,-0.7419312935402372,0.5473,14.33,0.7364
C1579,-1.1142999510991687,1.220892207926286,0.586764186889574,0.2761957228135971,1.5130527654811088,-0.2434403121164586,-1.4837404324268013,0,0,1,1.0,True,False,False,False,True,False,False,False,False,2018,11,27,1,3,3,0,0,13.719981202142641,629.230061265353,1.1881789950162511,0.4356,11.33,0.2561
C1580,1.5996674553901595,-0.8358633883251502,-0.5831469297120582,0.9683204975763527,1.0835742626479812,1.105903925532108,1.4282123775610656,1,0,2,2.0,False,False,False,False,False,False,True,False,False,2019,7,21,6,0,0,0,2,12.774300556729864,439.2935123581954,-0.8138098671054661,0.5466,21.0,0.8879
C1581,-0.752437630233925,0.2201651998911575,0.177851845196929,0.913827468139244,0.22461725698172583,0.29164447177866265,0.8212098687364342,0,1,0,2.0,False,True,False,False,False,False,True,False,False,2019,9,10,1,2,2,0,0,13.36677115171173,570.0823887825338,0.40699608708923724,0.5091,15.17,0.7562
C1582,0.33314933236180627,-1.3670807718134426,-0.9965722259861892,-1.1277570705022057,-0.6343397486845295,-0.2201757562949316,-0.5826850757433131,0,0,0,3.0,False,False,False,False,False,False,True,False,True,2020,8,5,2,0,0,0,0,12.252283247392471,348.2231468469608,-1.803039097785006,0.5789,11.5,0.4516
C1583,0.69501165322705,-1.0732002407263,-0.7135330928430532,-1.643957211468241,1.0835742626479812,-0.4528213145102017,-0.48774011232807074,1,0,1,3.0,False,True,False,True,False,False,False,False,True,2022,4,18,0,0,0,0,0,12.573780329355504,412.74677466940915,-1.2029959284352323,0.5897,9.83,0.4722
C1584,-1.1142999510991687,-0.48113344271764386,-0.519357297529209,-1.2020229684307024,0.22461725698172583,-0.010794753901188501,0.008646905138996864,0,0,1,2.0,False,True,False,True,False,False,False,False,False,2019,9,18,2,1,1,0,0,13.014549966969431,451.71315012959275,-0.33181876059980764,0.4545,13.0,0.5799
C1585,0.69501165322705,0.2201651998911575,-0.0210771682692174,0.4110279793717963,-1.063818251517657,0.9895811464244729,-0.4946535805379184,0,1,1,3.0,False,False,False,False,True,False,False,True,False,2020,5,26,1,2,2,0,2,13.36677115171173,538.9661306612875,0.40699608708923724,0.455,20.17,0.4707
C1586,1.4187362949575375,0.2201651998911575,-0.6486666555971408,-0.39345120265611994,0.22461725698172583,1.2687558162827972,0.9659318032625802,0,1,1,1.0,False,False,True,False,False,False,False,False,True,2018,9,21,4,2,2,0,2,13.36677115171173,426.16039234072423,0.40699608708923724,0.2845,22.17,0.7876
C1587,0.5140804927944281,-1.3670807718134426,-1.2125292859410195,0.41412460372334214,1.0835742626479812,1.4548722628550133,1.62732026200468,1,0,1,3.0,False,True,False,True,False,False,False,False,False,2022,8,27,5,0,0,0,2,12.252283247392471,289.4753184642864,-1.803039097785006,0.4001,23.5,0.9311
C1588,-1.1142999510991687,-0.601452096346249,-0.3699165269460903,0.3415359644414526,1.0835742626479812,0.47776091835087875,0.27827216532305865,0,0,1,3.0,False,True,False,False,False,True,False,False,False,2022,7,28,3,1,1,0,0,12.939353343664502,479.5510191835692,-0.48455251582602304,0.5523,16.5,0.6384
C1589,0.69501165322705,-0.5797961336319231,-0.5129303046546849,-1.3310711835380626,-1.063818251517657,1.6409887094272293,-0.20060073267906126,0,0,1,1.0,False,False,False,False,True,False,False,False,False,2021,9,17,4,1,1,0,2,12.953311862841963,452.94558172036517,-0.4563312000443314,0.4859,24.83,0.5345
C1590,0.69501165322705,0.030666466356437525,-0.35705741080889397,-0.16963392909519942,-1.4932967543507847,0.5708191416369868,-0.9721437848980686,0,0,0,2.0,False,False,True,False,False,False,False,False,False,2024,2,1,3,1,2,0,2,13.283151409763574,481.8712794927708,0.22804330546650214,0.3954,17.17,0.3671
C1591,1.5092018751738485,-0.5187349622180825,-0.09469230078365441,-0.5185420610231036,1.5130527654811088,0.8732583673168379,0.5165563696224773,0,0,0,1.0,False,True,False,False,False,True,False,False,True,2023,3,24,4,1,1,0,2,12.991651457756278,526.9857872846288,-0.3785112348721785,0.633,19.33,0.6901
C1592,1.4187362949575375,-0.008980211063473796,-0.8820516440921795,1.1915146387027513,1.0835742626479812,-0.5226149819747827,0.6276327588606975,1,0,1,2.0,False,True,False,False,False,False,True,False,False,2022,8,31,2,1,2,0,0,13.264735787801914,375.6673395439109,0.18893341162689836,0.2448,9.33,0.7142
C1593,0.6045460730107391,-0.7297806959023325,-0.04829710550602216,-0.33157667448431294,0.22461725698172583,1.6642532652487563,0.6262500652187278,0,0,0,2.0,False,False,True,True,False,False,False,True,False,2018,9,13,3,0,1,0,2,12.85238358427052,534.5675635502026,-0.659061828997515,0.7487,25.0,0.7139
C1594,-0.3001097291523703,0.538390823002459,-0.8086458198852362,0.6845600149601281,-1.063818251517657,-0.964641542583796,-1.6492027715824906,0,0,1,2.0,False,True,False,False,False,True,False,False,False,2020,4,27,0,2,3,0,1,13.49315005283255,392.25006054811513,0.6817567006772686,0.2124,6.17,0.2202
C1595,-1.023834370882858,0.3664924748421608,1.3426989804720102,1.3704635510884684,0.6540957598148535,-1.6393136614080792,1.3655302657917794,0,0,0,3.0,False,False,True,False,False,False,False,False,False,2022,9,17,5,2,2,0,1,13.426871976484149,725.993891158872,0.5370113747894206,0.7774,1.33,0.8743
C1596,1.1473395543086047,-0.6304962026824659,-0.5712802842799347,0.058920834208575544,1.5130527654811088,0.29164447177866265,-0.5734671181301826,0,0,1,2.0,False,False,True,False,True,False,False,False,False,2022,5,15,6,1,1,0,0,12.920321511205984,441.6303544821166,-0.5229358764799812,0.4774,15.17,0.4536
C1597,-0.028712988503437474,0.2201651998911575,-0.048293128014086854,0.5115878771252859,1.0835742626479812,0.01246980192033851,0.829966928468908,1,1,1,2.0,False,False,False,False,False,True,False,False,True,2024,7,20,5,2,2,0,0,13.36677115171173,534.5682089312832,0.40699608708923724,0.4476,13.17,0.7581
C1598,-0.661972050017614,-0.5130504940117506,-0.7974808847332341,-0.21377256434425979,1.5130527654811088,-1.5229908823004443,0.8843528783863764,0,0,0,3.0,True,False,False,False,True,False,False,False,False,2018,3,22,3,1,1,0,1,12.995146997334256,394.7112362221273,-0.3713938394133346,0.3539,2.17,0.7699
C1599,0.69501165322705,0.2201651998911575,-0.9372858640566354,-0.7956907936700781,1.5130527654811088,-0.2434403121164586,0.506416616248034,0,1,1,3.0,False,False,True,False,False,False,True,True,False,2024,6,16,6,2,2,0,0,13.36677115171173,362.69012944936895,0.40699608708923724,0.206,11.33,0.6879
C1600,0.785477233443361,0.2201651998911575,-0.3527501329118304,1.2155071613997126,-0.20486124585140184,-1.034435210048377,-0.3775855188511634,0,1,1,1.0,False,False,False,False,False,False,False,False,False,2022,4,8,4,2,2,0,1,13.36677115171173,482.6459779175623,0.40699608708923724,0.3649,5.67,0.4961
C1601,-0.661972050017614,-1.0434259190672166,-1.2408878234779115,-1.4825181303830153,1.5130527654811088,1.4316077070334863,0.3607728859605746,0,0,0,3.0,True,False,False,False,False,False,False,False,False,2023,5,8,0,0,0,0,2,12.60125452871542,280.84947925890833,-1.150361949619018,0.2656,23.33,0.6563
C1602,1.3282707147412267,0.8157253445920892,1.0503411601725783,-0.7987926210801177,0.6540957598148535,1.3618140395689051,-1.6035738813974951,0,0,1,1.0,False,True,False,True,False,False,False,False,False,2018,1,25,3,2,3,0,2,13.591604428461213,690.1811501337892,0.8994487805155534,0.5959,22.83,0.2301
C1603,-1.2952311115317907,0.01997031966840917,-0.3770507063577479,-1.0302069707124357,-0.6343397486845295,0.03573435774186552,0.8912663465962244,0,0,1,3.0,True,False,False,False,False,False,False,False,False,2021,12,11,5,1,2,0,0,13.278216430229202,478.25889432398435,0.2175521098602236,0.3914,13.33,0.7714
C1604,-0.20964414893605934,-0.4151365929372914,0.08097074829823703,0.058920834208575544,1.5130527654811088,1.2687558162827972,-1.3980134266246893,1,0,1,2.0,False,False,True,False,False,True,False,False,False,2021,5,8,5,1,1,0,2,13.053514866925397,555.1462600072165,-0.25199529301426093,0.6603,22.17,0.2747
C1605,6.427966085902237e-16,-1.3670807718134426,-1.248377959595373,-1.643957211468241,1.0835742626479812,-1.3834035473712822,-0.37067205064131575,0,0,0,1.0,False,False,True,False,False,True,False,False,False,2022,5,17,1,0,0,0,1,12.252283247392471,278.52660555142666,-1.803039097785006,0.3704,3.17,0.4976
C1606,0.42361491257811723,2.0773757280049825,2.4927767082295493,1.8847548238513878,-1.063818251517657,0.33817358342171666,-1.3841864902049938,0,0,1,2.0,False,False,True,False,False,True,False,False,False,2022,9,13,1,4,3,1,0,13.946860935152808,852.3955595848678,1.7122597615415438,0.6371,15.5,0.2777
C1607,-1.6570934323970343,-0.6604748440280385,-0.5096135375391321,-1.643957211468241,0.6540957598148535,1.24549126046127,1.1512127512864994,0,0,1,2.0,False,False,True,False,False,False,True,False,False,2024,1,14,6,0,1,0,2,12.90028987837991,453.58029057709285,-0.5632173331577706,0.5138,22.0,0.8278
C1608,-0.9333687906665469,0.42265067679982204,-0.6219146212884348,-0.18282994190186072,0.22461725698172583,-1.127493433334485,0.15982140999433408,1,0,0,2.0,False,False,True,False,False,False,False,False,True,2024,2,15,3,2,2,0,1,13.44901141421752,431.5709906840357,0.5852017814866509,0.2687,5.0,0.6127
C1609,0.875942813659672,-0.4428854042237193,-0.5294399513611353,-0.024794350780057046,0.22461725698172583,-0.31323397958103966,0.6460686740869577,0,0,0,1.0,False,False,False,False,False,False,False,False,True,2024,10,6,6,1,1,0,0,13.03731640425491,449.77290936649354,-0.2852361772759443,0.4405,10.83,0.7182
C1610,-1.3856966917481015,-0.5838511874894803,-0.9088809224471653,0.6527826649184539,1.0835742626479812,1.1291684813536351,0.6170321076055975,0,0,1,2.0,False,False,True,False,False,True,False,False,False,2020,6,22,0,1,1,0,2,12.950712929264565,369.42077635130374,-0.46159020247997007,0.3241,21.17,0.7119
C1611,6.427966085902237e-16,-0.1305693690519099,-0.6933424214625115,0.058920834208575544,-1.4932967543507847,-0.17364664465187757,1.166883279228821,0,0,1,3.0,False,False,False,True,False,False,False,True,False,2023,6,23,4,1,1,0,0,13.20604614738984,416.9682242089917,0.06501121878439528,0.3198,11.83,0.8312
C1612,-1.7475590126133453,-0.3063253705758464,-0.2546423544423684,0.04943311315551907,-0.20486124585140184,-1.127493433334485,-1.2841716501025298,0,0,1,2.0,False,True,False,True,False,False,False,False,True,2020,6,17,2,1,1,0,1,13.114616769768476,499.9664988776748,-0.125877851284099,0.5038,5.0,0.2994
C1613,-0.20964414893605934,-0.5800390823935112,-0.22779889546396112,0.654854741835626,1.0835742626479812,0.1985862484925546,0.5382185700133335,1,0,1,1.0,False,False,True,False,False,False,False,False,False,2021,1,22,4,1,1,0,0,12.95315634408225,504.60202139904277,-0.456645953593598,0.6031,14.5,0.6948
C1614,1.0568739740922939,0.2201651998911575,1.0534523082485194,-1.0722305124921743,-1.063818251517657,0.7802001440307299,0.2460093136771024,0,1,1,2.0,False,False,True,False,False,False,False,True,False,2022,11,21,0,2,2,0,2,13.36677115171173,690.5720310003874,0.40699608708923724,0.747,18.67,0.6314
C1615,-0.842903210450236,0.1460348262117646,0.09142290536647167,-1.3639239613502723,0.6540957598148535,0.849993811495311,-1.635375835162795,1,0,0,1.0,True,False,False,False,True,False,False,False,True,2023,6,13,1,2,2,0,2,13.33488717016864,556.7769481578777,0.33849673105746386,0.5013,19.17,0.2232
C1616,6.427966085902237e-16,0.23683268923739415,1.1934197882931616,1.4759665510639484,-0.20486124585140184,-0.33649853540256663,-1.0458874458031113,1,0,0,3.0,False,True,False,False,False,False,False,False,False,2018,4,29,6,2,2,0,0,13.37380209796063,707.9341424172167,0.4221455093425428,0.7795,10.67,0.3511
C1617,6.427966085902237e-16,-0.28929960572610236,0.51256188433379,-0.4943919378822774,-1.4932967543507847,-0.8250542076546339,-0.8172820969974794,0,0,0,3.0,False,False,True,False,False,True,False,False,False,2022,5,12,3,1,1,0,1,13.123848454131805,618.9169088011735,-0.1067223743201478,0.765,7.17,0.4007
C1618,0.42361491257811723,0.4035006828299485,1.1560246196585162,0.08330076156783386,1.0835742626479812,1.1291684813536351,-1.491575696397962,1,0,1,2.0,False,False,True,False,False,False,True,False,True,2021,10,8,4,2,2,0,2,13.441516790960735,703.3374581237658,0.5688704685649671,0.719,21.17,0.2544
C1619,0.1522181719291844,-0.7093239365634362,-0.5795238957174873,-0.7981168786791953,-0.6343397486845295,-0.8948478751192149,-0.5163157809287746,0,0,0,2.0,False,True,False,False,False,False,False,False,False,2022,7,15,4,0,1,0,1,12.866764194085823,440.00829537634854,-0.6303634074757719,0.5,6.67,0.466
C1620,0.6045460730107391,2.3108182590219744,1.0309311148179467,1.8847548238513878,-0.20486124585140184,-1.2438162124421202,-1.6482809758211774,0,0,1,3.0,False,False,False,False,False,False,False,False,False,2019,11,8,4,4,3,1,1,14.000709712167255,687.7374789845323,1.8392911871460735,0.393,4.17,0.2204
C1621,-0.661972050017614,1.9535465276731807,0.41480135820372266,0.599011437287547,-1.4932967543507847,1.012845702246,0.16996116336877737,1,0,2,2.0,False,False,True,False,False,True,False,False,False,2023,3,30,3,4,3,0,2,13.9170746412838,605.0611704613013,1.6424326282027841,0.3307,20.33,0.6149
C1622,1.1473395543086047,0.6095338500077876,0.827668940934752,1.6785489701717733,1.0835742626479812,-0.6156732052608908,-1.0113201047538727,0,0,0,3.0,True,False,False,False,True,False,False,False,False,2019,6,7,4,2,3,1,1,13.519344988865164,661.6053959876688,0.7393623918328314,0.5886,8.67,0.3586
C1623,1.2378051345249157,0.2201651998911575,-0.028232099812711242,-0.016351586080534195,1.5130527654811088,-1.127493433334485,-0.7499910064216281,0,1,1,2.0,False,False,True,False,False,False,False,True,False,2024,12,23,0,2,2,0,1,13.36677115171173,537.8134248975197,0.40699608708923724,0.4531,5.0,0.4153
C1624,1.3282707147412267,0.3826999989191727,-0.5624194122098726,-0.45594495262210244,1.0835742626479812,-0.8948478751192149,1.4051674835282397,0,0,1,3.0,True,False,False,True,False,False,False,False,False,2023,12,28,3,2,2,0,1,13.433311997318302,443.3672518353154,0.5510127032479794,0.2881,6.67,0.8829
C1625,-1.7475590126133453,-0.638741290154247,-0.5540314005216255,0.2961273783556414,-1.063818251517657,1.24549126046127,-0.004258235519385629,1,0,1,2.0,True,False,False,True,False,False,False,False,True,2018,4,21,5,0,1,0,2,12.914852053659251,445.00521345260665,-0.53394639299639,0.4874,22.0,0.5771
C1626,6.427966085902237e-16,-1.0860044840854703,-1.248377959595373,-0.5000628121962885,1.0835742626479812,1.6642532652487563,-0.8122122203102577,0,0,0,2.0,False,False,True,True,False,False,False,False,False,2022,6,2,3,0,0,0,2,12.561729110995739,278.52660555142666,-1.22601475662415,0.2718,25.0,0.4018
C1627,-1.2952311115317907,-0.6596452069381318,-0.2166800761604844,-0.7459739370246903,-0.6343397486845295,-1.3834035473712822,0.3262055449113359,0,0,1,3.0,False,False,True,False,False,False,True,False,False,2024,8,21,2,0,1,0,1,12.900849672169118,506.5096741425577,-0.5620932928482876,0.6403,3.17,0.6488
C1628,0.69501165322705,-1.0196163854161395,-1.248377959595373,0.8684412093228394,1.0835742626479812,0.10552802520644655,-1.044965650041798,0,0,1,2.0,True,False,False,False,False,False,True,False,False,2024,4,30,1,0,0,0,0,12.622694188538683,278.52660555142666,-1.1091376135453708,0.2557,13.83,0.3513
C1629,-0.3001097291523703,0.24861644419501103,0.4552400575514093,0.5773325535220314,0.22461725698172583,1.385078595390432,-1.4851231260687707,1,0,0,2.0,False,True,False,False,False,False,False,False,False,2018,4,22,6,2,2,0,2,13.37874324797619,610.8307212313408,0.4328016673063277,0.5775,23.0,0.2558
C1630,-1.3856966917481015,2.2580891645009458,2.4927767082295493,1.1667857531263948,-1.4932967543507847,-1.080964321691431,-1.6699431762120336,0,0,1,1.0,False,True,False,False,False,False,False,False,False,2018,12,10,0,4,3,0,1,13.988797575939497,852.3955595848678,1.811101443976923,0.611,5.33,0.2157
C1631,0.9664083938759829,0.7074668806146469,-0.45437251548701874,1.7317806537272749,1.5130527654811088,1.4316077070334863,1.5466631328897897,0,0,0,2.0,False,False,True,False,False,False,False,False,True,2022,10,22,5,2,3,1,2,13.55431712980037,464.0237924934453,0.8166241746769786,0.2796,23.33,0.9136
C1632,6.427966085902237e-16,2.3108182590219744,2.4927767082295493,1.8847548238513878,0.22461725698172583,1.059374813889054,0.7626758378930563,0,0,1,2.0,False,False,False,False,False,False,True,False,True,2019,7,10,2,4,3,1,2,14.000709712167255,852.3955595848678,1.8392911871460735,0.6037,20.67,0.7435
C1633,1.5996674553901595,-1.3670807718134426,-0.8951243918976687,-0.8316625342989048,1.0835742626479812,0.31490902760018963,1.023083140463988,0,0,0,1.0,False,True,False,False,False,False,False,False,False,2023,3,7,1,0,0,0,0,12.252283247392471,372.6367400029149,-1.803039097785006,0.6629,15.33,0.8
C1634,-1.5666278521807235,-0.7724800692828441,-0.9351400936247583,0.5753930547740607,-0.6343397486845295,-1.01117065422685,1.6485215645148794,0,0,0,1.0,False,False,True,False,False,True,False,True,False,2020,1,15,2,0,1,0,1,12.821683626582121,363.20293225688584,-0.7201207348327707,0.3564,5.83,0.9357
C1635,6.427966085902237e-16,-1.065089540994709,-1.1959760021129024,0.39120464992371357,-1.4932967543507847,-0.6389377610824178,1.477989348671969,0,0,1,2.0,False,True,False,False,True,False,False,False,False,2018,7,25,2,0,0,0,1,12.581339577374113,294.3935461249108,-1.1885358657113456,0.2977,8.5,0.8987
C1636,1.5092018751738485,1.4152060759403984,0.5328251881757591,0.058920834208575544,-1.4932967543507847,-0.941376986762269,0.8050784429134558,0,0,1,3.0,False,False,False,True,False,False,False,False,False,2020,12,1,1,3,3,0,1,13.776153614732097,621.7502231603943,1.3162763893854363,0.4021,6.33,0.7527
C1637,1.5092018751738485,-0.5396249666147669,-0.36536950428150633,-1.0578363255316767,1.0835742626479812,-1.6858427730511334,0.6566693253420578,0,0,1,2.0,False,False,True,True,False,False,False,True,False,2022,4,2,5,1,1,0,1,12.978699613815484,480.3727511006427,-0.40485041810646083,0.5328,1.0,0.7205
C1638,-0.9333687906665469,-0.13420775431302423,0.009791397258089897,-0.9631709070808439,-0.6343397486845295,0.7336710323876758,-0.5780760969367479,0,0,1,1.0,False,False,False,False,False,True,False,False,False,2021,9,2,3,1,1,0,2,13.204235745612332,543.9112519520073,0.0612059204144239,0.5452,18.33,0.4526
C1639,-0.9333687906665469,0.4214124003369364,-0.5832060156429811,-0.5354626515467178,-1.063818251517657,0.4544963625293517,-1.3828037965630242,0,0,1,2.0,False,False,True,False,False,False,False,False,True,2020,5,16,5,2,2,0,0,13.448528491958529,439.2818457437093,0.5841489057977373,0.2785,16.33,0.278
C1640,-0.11917856871974841,-1.3293079375450856,-1.0946749893571242,-0.6323108633621443,1.5130527654811088,-0.05732386554424252,0.24093943698988077,0,0,0,1.0,False,False,False,False,False,False,True,True,False,2023,2,6,0,0,0,0,0,12.299870682622762,322.8635470287719,-1.7160377033207392,0.4745,12.67,0.6303
C1641,-0.3001097291523703,-0.8566477917828196,-0.9726805848270689,-1.3809945269053951,-1.4932967543507847,-0.5226149819747827,0.24969649672235444,0,0,0,2.0,False,True,False,False,False,False,False,False,False,2021,8,31,1,0,0,0,0,12.758260946421233,354.1242578530875,-0.8453738098724817,0.361,9.33,0.6322
C1642,0.061752591712873464,0.9888840588300564,1.7443484218908014,1.7841855941393863,1.5130527654811088,1.408343151211959,1.549428520173729,0,0,0,1.0,False,True,False,False,False,False,False,True,False,2021,10,14,3,3,3,1,2,13.648497450643344,772.4918963976256,1.0267195838988827,0.7052,23.17,0.9142
C1643,-0.5715064698013032,-0.8037947808130317,2.350791832746362,-1.1260064031302355,-0.6343397486845295,0.3614381392432437,-0.21258407757613088,0,0,0,1.0,False,False,False,True,False,False,False,False,False,2022,4,2,5,0,1,0,0,12.798554410070842,837.8228929791785,-0.7659367166034947,1.9407,15.67,0.5319
C1644,-1.023834370882858,-1.3670807718134426,-0.9232683754492971,-1.0428962219703595,-0.20486124585140184,0.4079672508862977,0.6456077762063016,0,0,0,1.0,False,False,False,True,False,False,False,False,False,2021,2,13,5,0,0,0,0,12.252283247392471,366.02708916144445,-1.803039097785006,0.6396,16.0,0.7181
C1645,-1.7475590126133453,-1.04067111839744,-0.9111476316917998,0.3541973807196787,0.22461725698172583,1.5944595977841753,0.24508751791578923,0,0,0,2.0,False,False,False,False,False,False,True,False,False,2022,9,23,4,0,0,0,2,12.603758775691283,368.88818088954815,-1.145553607071302,0.4571,24.5,0.6312
C1646,-0.661972050017614,-0.5965116078458647,-0.16425869237682267,-1.1390371155769685,-1.4932967543507847,0.08226346938491955,-1.1311535537245667,0,0,1,1.0,False,False,True,True,False,False,False,False,False,2020,10,30,4,1,1,0,0,12.94255497199828,515.4084884826791,-0.47808469408233517,0.636,13.67,0.3326
C1647,-1.4761622719644125,-0.15918111835505366,-0.13230594325068804,-1.4292647661135562,-0.20486124585140184,1.175697592996689,0.30408244663982364,0,0,0,2.0,False,True,False,False,False,False,False,False,False,2018,12,2,6,1,1,0,2,13.191720153336691,520.7580532262559,0.03492756725826488,0.506,21.5,0.644
C1648,-1.7475590126133453,-0.4020661641698261,-0.1417788302754902,0.525332487370255,-1.4932967543507847,1.5711950419626481,0.12479317106443864,1,0,0,2.0,False,False,True,False,False,True,False,False,False,2023,4,11,1,1,1,0,2,13.061054813002476,519.1778404362035,-0.23649496563371414,0.5732,24.33,0.6051
C1649,6.427966085902237e-16,-0.8515961891899818,-0.8165497880984006,0.058920834208575544,-1.063818251517657,1.3152849279258512,-0.035138393523372266,0,0,1,2.0,False,True,False,False,False,False,True,True,False,2018,3,21,2,0,0,0,2,12.762183068274064,390.4983482679536,-0.8376625853154569,0.4372,22.5,0.5704
C1650,1.2378051345249157,0.890661236157897,1.4271698990188983,1.052017083723989,1.0835742626479812,-0.5691440936178368,0.0326135949331355,1,0,1,2.0,True,False,False,False,False,True,False,True,False,2024,1,19,4,3,3,0,0,13.616623609567885,736.0168612199044,0.9552832791382803,0.6609,9.0,0.5851
C1651,0.69501165322705,2.3108182590219744,2.4927767082295493,1.8847548238513878,-0.6343397486845295,0.4312318067078247,-1.1753997502675924,0,0,1,3.0,False,False,True,False,False,False,False,False,False,2018,8,2,3,4,3,1,0,14.000709712167255,852.3955595848678,1.8392911871460735,0.6037,16.17,0.323
C1652,0.9664083938759829,-0.11212724178291054,-0.19501732925020784,-0.9763089772744183,-1.4932967543507847,1.152433037175162,-0.1402231103130579,0,0,1,1.0,False,True,False,False,False,False,True,True,False,2021,12,4,5,1,1,0,2,13.215172577819846,510.20586041322576,0.08420989581212467,0.4745,21.33,0.5476
C1653,-1.1142999510991687,-0.8132330774934166,-0.6384749954282628,-0.17581757843983692,-0.6343397486845295,-0.4760858703317287,0.35109403046678805,1,0,0,2.0,False,True,False,False,False,True,False,False,False,2020,7,7,1,0,0,0,0,12.791477002767245,428.2297163906307,-0.7799243820981182,0.5106,9.67,0.6542
C1654,1.6901330356064703,2.006487786099012,2.4927767082295493,1.7339466334769675,0.6540957598148535,1.385078595390432,-0.050348023585037205,0,0,1,1.0,False,False,True,False,False,False,True,False,False,2018,10,9,1,4,3,1,2,13.929918036164919,852.3955595848678,1.6725027296134036,0.648,23.0,0.5671
C1655,0.5140804927944281,-0.6835320357404362,-0.3421052692415713,-1.513156901038364,-1.4932967543507847,0.08226346938491955,-0.053113410868976405,0,0,1,1.0,False,False,True,False,False,False,False,False,False,2018,6,14,3,0,1,0,0,12.884605429120855,484.55522905031165,-0.5946726142861035,0.5956,13.67,0.5665
C1656,6.427966085902237e-16,0.2201651998911575,-0.18853084693108643,0.5115878771252859,-1.063818251517657,0.08226346938491955,-1.474522474813671,1,1,2,2.0,False,True,False,False,False,False,True,False,False,2018,5,8,1,2,2,0,0,13.36677115171173,511.3074124242675,0.40699608708923724,0.4095,13.67,0.2581
C1657,-1.5666278521807235,1.0545415721662232,1.3034186535944654,-0.8198234566405487,-1.063818251517657,-1.2670807682636471,-1.0827592762556324,0,0,1,2.0,False,False,True,False,False,False,False,False,False,2020,10,9,4,3,3,0,1,13.669250845732117,721.2856091729544,1.0734166188169638,0.6022,4.0,0.3431
C1658,-0.752437630233925,0.2201651998911575,0.4590406952076129,1.0646673147694783,1.0835742626479812,0.38470269506477067,-0.6329229447348731,0,1,1,3.0,False,False,False,False,False,False,True,True,False,2020,3,27,4,2,2,0,0,13.36677115171173,611.370174280689,0.40699608708923724,0.5855,15.83,0.4407
C1659,-1.7475590126133453,-0.06047069611234787,0.7646202751480812,0.6858673740788431,1.0835742626479812,0.5708191416369868,-0.2927803088103644,0,0,1,2.0,False,False,True,False,False,False,True,False,False,2018,3,25,6,1,2,0,2,13.24030110331778,653.2872721858279,0.13720727610317943,0.7586,17.17,0.5145
C1660,-1.3856966917481015,-1.3670807718134426,-1.0246300881906967,0.48986440807321147,-0.20486124585140184,-0.4295567586886747,0.310995914849671,1,0,0,3.0,False,False,True,True,False,False,False,False,False,2024,12,19,3,0,0,0,0,12.252283247392471,341.1627031197871,-1.803039097785006,0.5557,10.0,0.6455
C1661,0.875942813659672,0.48846992163719205,0.7161050766689352,-0.8761130259028785,-1.063818251517657,-1.6858427730511334,1.2420096337758328,1,0,0,1.0,False,False,True,False,False,False,False,False,True,2019,9,17,1,2,3,0,1,13.47435065940365,646.8137521729111,0.6405540842481676,0.5885,1.0,0.8475
C1662,0.875942813659672,-0.2767950337071853,-0.5189179287823852,0.819683616626204,-0.6343397486845295,0.7104064765661489,-1.1919920739712266,0,0,1,1.0,False,True,False,False,True,False,False,True,False,2020,9,4,4,1,1,0,2,13.130574791276754,451.79750995329755,-0.09274869026894667,0.4049,18.17,0.3194
C1663,-0.3001097291523703,0.29476449855691367,0.839491661021155,1.2560557509351409,0.6540957598148535,0.8732583673168379,-1.6902226829609204,0,0,0,1.0,False,False,False,False,False,False,True,False,True,2019,6,2,6,2,2,0,2,13.397862326074991,663.1535719575066,0.47410871299154805,0.6677,19.33,0.2113
C1664,6.427966085902237e-16,-0.1411565107061825,0.003756216161598016,0.9185501661494437,1.5130527654811088,-1.174022544977539,-0.1895391835433051,1,0,1,1.0,True,False,False,False,False,True,False,False,False,2023,4,24,0,1,1,0,1,13.200769022745316,542.9479625157461,0.05392207322906495,0.5451,4.67,0.5369
C1665,-0.4810408895849922,-0.811918023893721,-0.056030041565968726,-0.02426293194439079,-1.063818251517657,0.8034646998522569,-0.24853411226733918,0,0,0,2.0,True,False,False,True,False,False,False,True,False,2019,4,14,6,0,0,0,2,12.792466118168266,533.311353713757,-0.7779704048847866,0.7912,18.83,0.5241
C1666,1.5092018751738485,0.8165115424730248,-0.08921546732318153,0.8357330567555784,-1.4932967543507847,-0.15038208883035056,0.16535218456221215,0,0,0,2.0,False,False,False,True,False,False,False,False,True,2024,4,29,0,2,3,0,0,13.591870195759968,527.8864650661162,0.9000407833395516,0.3485,12.0,0.6139
C1667,0.061752591712873464,-0.12467636304169274,-0.9167572787960252,0.24872867166933188,1.5130527654811088,0.919787478959892,1.13784671274746,0,0,0,1.0,False,False,False,False,False,False,True,True,False,2020,6,11,3,1,1,0,2,13.208971476421661,367.5667966506224,0.07116217832967811,0.2478,19.67,0.8249
C1668,6.427966085902237e-16,-1.2518998961760515,-1.248377959595373,-1.643957211468241,1.5130527654811088,0.2218508043140816,1.0313793023158055,0,0,1,3.0,False,False,False,False,True,False,False,True,False,2023,3,20,0,0,0,0,0,12.390841580050605,278.52660555142666,-1.5479808301343347,0.3224,14.67,0.8018
C1669,-1.6570934323970343,1.5734821249739432,1.685073531278568,1.875685206001124,-1.063818251517657,-0.5924086494393638,-1.3966307329827197,0,0,2,3.0,False,True,False,True,False,False,False,False,False,2020,11,15,6,3,3,1,0,13.819685431041297,765.8073843989753,1.4162934669861278,0.584,8.83,0.275
C1670,6.427966085902237e-16,-1.3183678800686944,-0.7156921215813814,-0.4252445789733915,0.6540957598148535,-0.987906098405323,1.4862855105237862,1,0,1,2.0,True,False,False,False,False,False,False,False,False,2022,2,19,5,0,0,0,1,12.313240741529876,412.2928085717722,-1.6914819202123128,0.7636,6.0,0.9005
C1671,1.6901330356064703,0.8273068519208847,-0.7649858132284435,-0.46567780322201335,-0.6343397486845295,-0.31323397958103966,-1.3606806982915114,1,0,1,1.0,False,False,False,False,False,False,True,False,False,2019,11,19,1,2,3,0,0,13.59551232993057,401.78860113248606,0.9081561022621091,0.2012,10.83,0.2828
C1672,1.5996674553901595,1.9565732489108696,2.362125378969535,0.5755166428883992,-1.4932967543507847,1.2687558162827972,0.45110887056925203,0,0,0,1.0,False,True,False,False,False,False,True,False,False,2024,10,17,3,4,3,0,2,13.91781337763073,838.9954111912651,1.6441606523545336,0.6355,22.17,0.6759
C1673,1.2378051345249157,-1.1575880453514547,-0.7841312112573511,-0.8657918596771549,-0.20486124585140184,0.6406128091015678,0.5820038686757026,0,0,1,1.0,True,False,False,False,True,False,False,False,True,2024,10,23,2,0,0,0,2,12.491541282640329,397.6340151445799,-1.3592547991168389,0.5942,17.67,0.7043
C1674,1.5996674553901595,-0.45107824624143994,-0.011129460939037753,0.9763513920187628,-0.20486124585140184,-0.9181124309407419,0.607814149992467,0,0,0,1.0,False,False,True,False,False,False,False,False,False,2019,4,15,0,1,1,0,1,13.032483198425412,540.5646862309819,-0.29513875509730764,0.6394,6.5,0.7099
C1675,1.2378051345249157,-0.5355637335852349,-0.661280608354615,-0.7790891158340961,-0.20486124585140184,-0.5458795377963097,-0.8251173609686403,0,0,1,2.0,False,True,False,False,False,False,False,False,True,2019,11,2,5,1,1,0,0,12.981230757079198,423.58524525766944,-0.3997070499151294,0.4132,9.17,0.399
C1676,-0.20964414893605934,0.2201651998911575,0.852243096652045,0.8886874937008716,1.0835742626479812,-0.6854668727254718,-0.6001991952082605,0,1,0,1.0,True,False,False,False,True,False,False,False,True,2021,6,28,0,2,2,0,1,13.36677115171173,664.8193213197102,0.40699608708923724,0.6923,8.17,0.4478
C1677,0.875942813659672,2.3108182590219744,0.05380003972973313,0.15861135616211336,-1.4932967543507847,0.058998913563392534,0.15429063542645569,0,0,1,2.0,False,True,False,False,False,True,False,False,False,2019,3,19,1,4,3,0,0,14.000709712167255,550.8846521732113,1.8392911871460735,0.2522,13.5,0.6115
C1678,-0.4810408895849922,-1.1512995723348636,-0.6872076301332053,-0.2590143617836586,1.5130527654811088,0.8965229231383649,-1.0523400161323024,0,0,1,3.0,True,False,False,False,False,False,False,False,False,2024,6,28,4,0,0,0,2,12.497908367125259,418.24244165316367,-1.3472257631952487,0.6533,19.5,0.3497
C1679,0.6045460730107391,-0.6136712424213815,-0.8377686699666222,-0.5450048808044432,-0.20486124585140184,-0.2201757562949316,-1.6722476656153162,0,0,1,2.0,True,False,False,False,False,True,False,False,True,2018,4,16,0,1,1,0,0,12.931390554087644,385.75638685574603,-0.5006251993539416,0.3602,11.5,0.2152
C1680,1.2378051345249157,0.2201651998911575,0.09339816244842676,-1.2230703591224086,1.0835742626479812,-1.4066681031928092,0.20084132137276367,0,1,1,3.0,False,False,True,False,False,True,False,False,True,2021,7,1,3,2,2,0,1,13.36677115171173,557.0845806518073,0.40699608708923724,0.4861,3.0,0.6216
C1681,1.5996674553901595,-0.6273804939681368,2.4927767082295493,0.25202261168014295,-1.063818251517657,0.4312318067078247,-0.13377053998386665,0,0,1,1.0,False,True,False,False,False,False,True,False,False,2024,6,16,6,1,1,0,0,12.922380583061717,852.3955595848678,-0.5187884338957147,1.7749,16.17,0.549
C1682,1.1473395543086047,-1.0607890963075977,-1.0843721323484898,-0.2852371450890607,1.5130527654811088,1.3152849279258512,0.5276179187582335,0,0,1,2.0,False,False,False,False,False,False,True,False,False,2022,3,18,4,0,0,0,2,12.58532457056641,325.6196707817266,-1.1809063753756717,0.3628,22.5,0.6925
C1683,6.427966085902237e-16,-0.051377619039885004,-0.6821801379717995,-0.717028635271467,-1.4932967543507847,-1.174022544977539,-1.2353164747529393,0,0,1,2.0,False,False,True,True,False,False,False,False,False,2022,6,13,0,1,2,0,1,13.244659838879917,419.28378218099493,0.1464204452684147,0.3111,4.67,0.31
C1684,-0.4810408895849922,0.6756916912687477,0.976949689523488,1.488249419663069,-1.4932967543507847,-0.2201757562949316,1.164578789825538,0,0,1,1.0,False,False,True,False,False,False,True,True,False,2020,3,23,0,2,3,0,0,13.543103611149347,680.8952562619305,0.7918066436969255,0.6088,11.5,0.8307
C1685,0.875942813659672,0.2201651998911575,0.21828391539139033,-1.1476504358072914,-1.4932967543507847,1.4781368186765402,-1.236699168394909,0,1,1,1.0,True,False,False,False,False,False,False,False,False,2018,11,8,3,2,2,0,2,13.36677115171173,576.2012929523848,0.40699608708923724,0.52,23.67,0.3097
C1686,-0.3001097291523703,0.3119849628254022,0.24910959317956918,0.5614966825035052,0.22461725698172583,-1.4299326590143362,1.338798188713701,0,0,0,2.0,False,False,False,False,False,False,False,False,False,2024,8,22,3,2,2,0,1,13.40490412084538,580.8230797755888,0.4893525167194988,0.5086,2.83,0.8685
C1687,-1.3856966917481015,-1.293599464730661,-1.2275371123954364,-0.8894411744151888,1.0835742626479812,1.5711950419626481,-0.1886173877819919,0,0,1,2.0,False,True,False,False,False,True,False,False,False,2025,1,13,0,0,0,0,2,12.34286605573557,284.9429065619988,-1.6368953884901687,0.3541,24.33,0.5371
C1688,0.785477233443361,-1.2672573585947133,-1.248377959595373,-1.604182131638439,1.5130527654811088,0.5940836974585137,0.15843871635236448,0,0,0,2.0,False,False,False,False,False,False,False,False,False,2020,9,21,0,0,0,0,2,12.373439350553271,278.52660555142666,-1.5803069818499922,0.3281,17.33,0.6124
C1689,-1.4761622719644125,0.2201651998911575,-0.05359443302611065,-0.24261135602588565,-0.6343397486845295,1.4781368186765402,1.3567732060593052,0,1,0,2.0,False,False,False,False,False,False,True,False,False,2019,2,22,4,2,2,0,2,13.36677115171173,533.7073355313753,0.40699608708923724,0.4462,23.67,0.8724
C1690,-0.9333687906665469,0.36057689820377303,-0.6664903734073164,0.6884688184097661,0.22461725698172583,0.5708191416369868,-0.7057448098786026,0,0,0,2.0,False,False,False,False,False,False,True,False,False,2021,5,20,3,2,2,0,2,13.424511066495786,422.51708841181795,0.5318818817041739,0.2639,17.17,0.4249
C1691,-0.3001097291523703,0.6081040562147192,1.4904351940040164,-0.7356657430257755,0.22461725698172583,-0.4528213145102017,-1.113639434259619,1,0,1,1.0,False,False,False,False,False,False,True,False,False,2024,9,25,2,2,3,0,0,13.518825237634626,743.4351619341124,0.7382171943446523,0.7436,9.83,0.3364
C1692,-0.9333687906665469,-1.19774718703393,-1.248377959595373,0.058920834208575544,0.22461725698172583,-0.26670486793798565,-0.2015225284403744,0,0,0,2.0,False,False,False,False,True,False,False,False,False,2019,5,11,5,0,0,0,0,12.449895106759445,278.52660555142666,-1.4376520163541695,0.304,11.17,0.5343
C1693,-0.3001097291523703,0.5525885621444755,0.23132611144723164,1.4464764560086572,-0.6343397486845295,-0.08058842136576953,-0.8974783282317133,0,0,1,1.0,True,False,False,False,False,False,False,False,False,2024,5,7,1,2,3,0,0,13.498432767305358,578.1612577819444,0.693355769234685,0.459,12.5,0.3833
C1694,-0.028712988503437474,-0.15945755304859974,-0.9809832821955443,-0.17241630079415982,0.22461725698172583,0.5708191416369868,0.08239056604403945,0,0,1,1.0,True,False,False,True,False,False,False,False,False,2018,6,18,0,1,1,0,2,13.191580735692233,352.0847483206281,0.034635117125746,0.2313,17.17,0.5959
C1695,0.33314933236180627,-1.0266138721655285,-1.248377959595373,-1.0962802939949183,-0.20486124585140184,-0.1969112004734046,-0.791010917800058,0,0,1,3.0,False,False,True,False,False,False,False,False,False,2021,11,23,1,0,0,0,0,12.616440747628404,278.52660555142666,-1.121175487084904,0.2573,11.67,0.4064
C1696,-1.3856966917481015,-1.2735672182065223,-0.8900398313737131,-1.331072148913081,-1.4932967543507847,0.10552802520644655,1.2461577147017417,0,0,0,2.0,True,False,False,False,False,False,False,False,True,2023,12,23,5,0,0,0,0,12.366200654052985,373.8183917358802,-1.5937286349659652,0.5953,13.83,0.8484
C1697,1.2378051345249157,-0.08919814763563878,0.1858612457687842,0.1674530248361523,1.5130527654811088,-0.034059309722715515,0.35708570291532254,0,0,1,2.0,False,False,True,False,True,False,False,False,False,2022,10,21,4,1,1,0,0,13.226404531086791,571.2997199369172,0.10787396394762334,0.5883,12.83,0.6555
C1698,-1.2952311115317907,1.5349496595640382,-0.4362524457052579,-0.4832768110398285,1.5130527654811088,-0.6389377610824178,-1.7413823477137937,0,0,1,2.0,False,False,True,False,False,False,False,False,False,2022,2,26,5,3,3,0,1,13.809260778716252,467.39863072114366,1.3922826122469458,0.2198,8.5,0.2002
C1699,-1.6570934323970343,-0.29726637145181833,-1.1187969791796277,-0.6495621350535312,-1.4932967543507847,0.15205713684950056,1.041979953570905,0,0,2,2.0,False,True,False,False,False,True,False,True,False,2018,10,10,2,1,1,0,0,13.119539333543546,316.31673999331747,-0.11566697865706577,0.2007,14.17,0.8041
C1700,-0.661972050017614,-1.0602781860882846,-1.248377959595373,-0.5363591832591471,1.0835742626479812,1.198962148818216,-0.6006600930889169,1,0,0,1.0,False,False,False,False,False,False,True,False,True,2023,9,4,0,0,0,0,2,12.585796950221187,278.52660555142666,-1.1800016756769276,0.2653,21.67,0.4477
C1701,-0.842903210450236,-1.3670807718134426,-1.0319610669859356,0.3086111254065153,-1.063818251517657,-0.5226149819747827,-0.6352274341381555,0,0,1,1.0,True,False,False,False,False,False,True,False,False,2021,10,29,4,0,0,0,0,12.252283247392471,339.2937370480039,-1.803039097785006,0.5496,9.33,0.4402
C1702,0.24268375214549534,2.0536444885329366,1.9044626479702649,0.058920834208575544,0.6540957598148535,1.6642532652487563,-0.41814453234893695,0,0,1,1.0,False,True,False,False,True,False,False,True,False,2018,2,21,2,4,3,0,2,13.941220845325123,790.265607248601,1.6990138864154805,0.5507,25.0,0.4873
C1703,6.427966085902237e-16,1.0666097170387907,-0.5814548815848583,-0.13448448389017859,-0.20486124585140184,1.6642532652487563,0.43636013838824317,0,0,0,3.0,True,False,False,False,False,False,True,True,False,2022,9,17,5,3,3,0,2,13.673018994059616,439.6274786680196,1.0819109159762195,0.2229,25.0,0.6727
C1704,0.9664083938759829,-0.005974210402466033,-0.05537784817820113,0.11212965518341486,-0.6343397486845295,-1.197287100799066,-0.2144276690987569,0,0,1,2.0,False,False,True,False,False,True,False,True,False,2023,7,1,5,1,2,0,1,13.26614399927675,533.4174162885947,0.19192026217675467,0.4929,4.5,0.5315
C1705,-0.842903210450236,1.9364744745351714,2.289837864089327,-0.4410070613785357,0.6540957598148535,1.5246659303195942,0.43082936382036546,0,0,1,2.0,True,False,False,False,True,False,False,False,False,2019,3,9,5,4,3,0,2,13.912897588710797,831.4885086397767,1.6326654295933976,0.6272,24.0,0.6715
C1706,-0.39057530936868123,2.3108182590219744,2.4927767082295493,1.8847548238513878,-1.4932967543507847,-1.2438162124421202,-1.2348555768722826,0,0,1,2.0,False,False,False,True,False,False,False,True,False,2022,11,11,4,4,3,1,1,14.000709712167255,852.3955595848678,1.8392911871460735,0.6037,4.17,0.3101
C1707,-1.1142999510991687,-0.7911850888684867,-0.09517144444983111,0.8166256504714594,0.22461725698172583,-0.2434403121164586,1.6111888361817022,0,0,0,3.0,False,False,True,False,False,False,True,False,False,2022,1,23,6,0,1,0,0,12.807932429034384,526.906917775806,-0.7473792508326652,0.7604,11.33,0.9276
C1708,-1.4761622719644125,0.31301618152559385,-0.17914068020957635,-1.0971811095589947,1.5130527654811088,-0.05732386554424252,0.7797290594773476,0,0,1,1.0,False,False,True,False,False,False,False,True,False,2023,2,27,0,2,2,0,0,13.405324237451325,512.8978845735279,0.4902624783796192,0.3965,12.67,0.7472
C1709,-1.4761622719644125,-0.9958409297134968,-1.1928733278241275,-1.643957211468241,1.0835742626479812,1.2920203721043242,-0.8771988214828264,0,0,0,2.0,False,True,False,False,False,True,False,True,False,2019,9,19,3,0,0,0,2,12.643654091656826,295.30628168056296,-1.068707272941417,0.2815,22.33,0.3877
C1710,0.42361491257811723,-1.0958140120977184,-1.137845764505875,-0.15343515751766088,1.0835742626479812,-0.12711753300882356,0.7608322463704306,0,0,0,2.0,False,False,False,False,False,True,False,False,False,2022,11,19,5,0,0,0,0,12.552397223762464,311.0494655195537,-1.2438108451867047,0.3422,12.17,0.7431
C1711,-1.5666278521807235,0.6234378009732872,1.1726075905641216,-1.0792906992694666,-1.063818251517657,-0.15038208883035056,0.24554841579644598,0,0,1,3.0,False,False,True,False,False,False,True,True,False,2019,12,23,0,2,3,0,0,13.524385244355601,705.3795644899277,0.7504725104505028,0.6657,12.0,0.6313
C1712,1.0568739740922939,0.7544445350654269,1.8372967015824548,-0.48014227857893566,-1.063818251517657,1.24549126046127,-1.36482877921742,0,0,1,3.0,False,False,False,True,False,False,False,False,False,2023,11,8,2,2,3,0,2,13.5706686022535,782.8588889448724,0.8528878896260279,0.7829,22.0,0.2819
C1713,-1.5666278521807235,-1.2442053470264858,-1.0243520096240897,0.058920834208575544,-1.4932967543507847,0.7569355882092028,-1.1265445749180014,0,0,1,1.0,True,False,False,False,False,False,False,True,False,2021,1,11,0,0,0,0,2,12.39944804949168,341.23339520041117,-1.5319623237971527,0.4798,18.5,0.3336
C1714,0.6045460730107391,-1.2257759851127636,-1.1485119567560773,0.058920834208575544,-0.20486124585140184,0.8034646998522569,-1.5994258004715867,0,0,1,3.0,False,False,False,True,False,False,False,False,False,2024,11,27,2,0,0,0,2,12.41976531764447,308.06077322502455,-1.4940652706359014,0.3832,18.83,0.231
C1715,0.785477233443361,-0.7257616070457293,2.34253156195853,0.7013468608197305,1.0835742626479812,-0.05732386554424252,1.0548850942292873,0,0,1,3.0,False,False,True,True,False,False,False,False,False,2024,1,14,6,0,1,0,0,12.855225278298859,836.9672872938345,-0.6533957615970907,1.8301,12.67,0.8069
C1716,1.0568739740922939,-0.91869866674143,-0.9657996967134357,-0.8365029849772692,0.6540957598148535,0.6638773649230948,0.16489128668155573,0,0,0,1.0,False,True,False,False,False,False,True,False,False,2023,6,4,6,0,0,0,2,12.708785358452486,355.8056491962993,-0.9422580846801366,0.3829,17.83,0.6138
C1717,-0.11917856871974841,0.2090868010323192,-0.39927301144506705,-1.1788120948468757,-1.063818251517657,1.5479304861411212,-0.6472107790352252,1,0,0,2.0,False,False,True,False,False,False,False,False,False,2023,3,20,0,2,2,0,2,13.362070386152018,474.2114823578189,0.3968763697139778,0.3539,24.17,0.4376
C1718,0.061752591712873464,-0.28451145046535525,-0.0857929796248843,-0.6174891992484002,1.5130527654811088,-0.2201757562949316,-1.3053729526127296,0,0,0,2.0,False,False,False,False,False,False,True,False,False,2022,11,20,6,1,1,0,0,13.12642939991977,528.4485216177636,-0.10136223594008852,0.5563,11.5,0.2948
C1719,6.427966085902237e-16,1.2912945483173182,-0.5752738591174057,1.7223016163092961,1.5130527654811088,1.385078595390432,-0.06924483669195453,1,0,1,3.0,False,False,False,False,False,False,True,False,False,2024,8,23,4,3,3,1,2,13.740699518716795,440.84530166488105,1.2353000122806754,0.2094,23.0,0.563
C1720,-0.20964414893605934,0.011935990062300447,-0.501798918782485,0.7252241649579516,-1.4932967543507847,0.8732583673168379,0.073172608430909,0,0,0,1.0,False,False,True,False,False,True,False,False,False,2021,1,4,0,1,2,0,2,13.274493474371127,455.0722250368616,0.20964267897345293,0.3557,19.33,0.5939
C1721,0.69501165322705,-0.872965356922421,-0.5155121004343678,-0.8116445581406261,-0.20486124585140184,0.10552802520644655,0.6843231981814492,0,0,0,3.0,False,False,False,False,False,False,True,True,False,2021,8,13,4,0,0,0,0,12.745485667839038,452.45090341384,-0.8704596309532069,0.5968,13.83,0.7265
C1722,0.1522181719291844,-1.3670807718134426,-1.248377959595373,-1.643957211468241,-1.4932967543507847,1.198962148818216,1.6107279383010455,0,0,1,2.0,True,False,False,False,True,False,False,False,False,2020,10,2,4,0,0,0,2,12.252283247392471,278.52660555142666,-1.803039097785006,0.3704,21.67,0.9275
C1723,0.061752591712873464,-0.14528693566141812,-0.9180952148513624,0.08668590940591143,-1.4932967543507847,1.082639369710581,-0.2388552567735523,0,0,1,2.0,False,False,True,False,False,False,False,False,False,2018,12,21,4,1,1,0,2,13.198702651209132,367.25093600969893,0.049582273261498395,0.2499,20.83,0.5262
C1724,-1.2952311115317907,-1.3670807718134426,-1.248377959595373,-1.643957211468241,-0.20486124585140184,0.29164447177866265,-0.338870096876016,0,0,1,2.0,False,True,False,False,False,True,False,False,False,2021,2,16,1,0,0,0,0,12.252283247392471,278.52660555142666,-1.803039097785006,0.3704,15.17,0.5045
C1725,-1.7475590126133453,-0.8815764215798354,-0.2685127911377221,-1.643957211468241,-0.20486124585140184,-0.6156732052608908,-0.4637734225339318,0,0,1,2.0,False,False,True,False,False,False,False,False,False,2023,1,21,5,0,0,0,1,12.738677559353729,497.5543286918525,-0.8838085433073791,0.7267,8.67,0.4774
C1726,-1.3856966917481015,-0.9256911953528273,-0.4468489453793764,-1.2676833525490487,-0.20486124585140184,0.31490902760018963,1.1161845123566039,1,0,1,3.0,True,False,False,False,False,True,False,False,False,2020,9,25,4,0,0,0,0,12.703053318747772,465.42801806509243,-0.953436251668192,0.6589,15.33,0.8202
C1727,-0.752437630233925,-0.7742810944077754,-1.2410499206854775,0.8760937974298985,1.5130527654811088,-0.15038208883035056,-1.20213182734567,0,0,1,3.0,True,False,False,False,True,False,False,False,False,2023,3,19,6,0,1,0,0,12.820367780130844,280.7994123925476,-0.7227315267263512,0.2133,12.0,0.3172
C1728,0.5140804927944281,-1.2648516996420163,-1.0108240983936567,0.20720362838684214,1.5130527654811088,0.6173482532800408,-0.5536485092619525,0,0,1,3.0,True,False,False,False,False,False,True,True,False,2024,5,23,3,0,0,0,2,12.376185393862634,344.6548998636172,-1.57521157883385,0.501,17.5,0.4579
C1729,1.2378051345249157,-0.928063812385924,-1.0055734055253893,0.7925049109327558,-1.4932967543507847,-1.336874435728228,0.7635976336543697,0,0,0,1.0,True,False,False,False,False,True,False,False,False,2024,11,4,0,0,0,0,1,12.70110090541292,345.973799586038,-0.957241496628138,0.3648,3.5,0.7437
C1730,-0.5715064698013032,1.2555992848705275,1.423208028827289,0.09394102446111091,-1.063818251517657,-0.8483187634761609,-1.6879181935576377,0,0,2,2.0,True,False,False,False,False,True,False,False,False,2022,4,2,5,3,3,0,1,13.73024860620123,735.5498147644387,1.211512500089412,0.5892,7.0,0.2118
C1731,0.5140804927944281,1.250452774636284,2.4927767082295493,-0.6127756551610033,-0.6343397486845295,1.4781368186765402,-0.7421557424504672,0,0,0,1.0,False,True,False,False,False,True,False,False,False,2021,10,9,5,3,3,0,2,13.728732753694413,852.3955595848678,1.2080653391463498,0.7924,23.67,0.417
C1732,6.427966085902237e-16,2.060593836942571,2.4927767082295493,1.411396437357045,-0.6343397486845295,-0.4760858703317287,0.47507556036339066,0,0,0,2.0,False,False,False,False,True,False,False,False,True,2018,4,28,5,4,3,0,0,13.942875759899884,852.3955595848678,1.7028993270286388,0.6397,9.67,0.6811
C1733,-1.023834370882858,2.3108182590219744,2.4927767082295493,1.8847548238513878,-1.4932967543507847,1.385078595390432,-1.099351599959267,0,0,1,2.0,True,False,False,False,False,False,False,False,True,2023,7,18,1,4,3,1,2,14.000709712167255,852.3955595848678,1.8392911871460735,0.6037,23.0,0.3395
C1734,0.5140804927944281,-0.04192204287858912,0.9110662825279741,0.017170219703531154,-1.4932967543507847,1.385078595390432,-0.6960659543848157,0,0,0,2.0,True,False,False,False,True,False,False,True,False,2021,8,24,1,1,2,0,2,13.249172277122145,672.4501096735728,0.15596485386384454,0.7967,23.0,0.427
C1735,0.1522181719291844,1.2831939128658292,2.4927767082295493,0.03352021325531374,-1.063818251517657,-0.5226149819747827,-0.06233136848210652,0,0,1,2.0,False,False,True,False,False,True,False,False,False,2020,1,15,2,3,3,0,0,13.738337365125565,852.3955595848678,1.2299202062083268,0.7849,9.33,0.5645
C1736,0.875942813659672,-1.3363724331594207,-0.7801099092659544,-0.6110108088434483,-0.20486124585140184,-1.3834035473712822,-0.2835623511972343,0,0,1,3.0,False,True,False,False,False,True,False,False,False,2023,6,21,2,0,0,0,1,12.291141057017558,398.5102382624567,-1.7320441718787458,0.7293,3.17,0.5165
C1737,-0.3001097291523703,0.6756730427497344,0.6965674633483204,0.03012076579977572,-1.4932967543507847,-0.15038208883035056,-1.3758903283531765,0,0,1,1.0,False,True,False,False,False,False,True,False,False,2020,5,18,0,2,3,0,0,13.543096992996281,644.1884196413345,0.791792008869432,0.5449,12.0,0.2795
C1738,0.5140804927944281,1.5608897125103092,0.8358783689995852,0.78782167559854,1.0835742626479812,0.8732583673168379,1.501034242704795,1,0,1,2.0,False,False,False,False,True,False,False,False,False,2021,12,24,4,3,3,0,2,13.816290593657314,662.6807979713914,1.4084700915712582,0.4388,19.33,0.9037
C1739,1.4187362949575375,-1.0325831002971089,-0.9719482651524888,-1.643957211468241,1.5130527654811088,0.6871419207446219,-1.5892860470971433,1,0,1,2.0,False,True,False,False,True,False,False,False,False,2020,11,24,1,0,0,0,2,12.611075146652224,354.30358451474916,-1.1314952632448836,0.4186,18.0,0.2332
C1740,-1.7475590126133453,1.7280854517907303,-0.4458157774379801,1.2306608772679424,0.22461725698172583,-1.5695199939434983,0.8493246394564816,0,0,1,1.0,False,False,True,True,False,False,False,True,False,2021,10,26,1,4,3,0,1,13.86045248907853,465.62052145497194,1.5105529503557495,0.2073,1.83,0.7623
C1741,-1.1142999510991687,2.3108182590219744,1.3592183691514614,1.8847548238513878,-0.20486124585140184,-0.5458795377963097,-1.4952628794432141,0,0,1,1.0,False,False,True,False,False,False,False,False,False,2021,2,19,4,4,3,1,0,14.000709712167255,727.964868657822,1.8392911871460735,0.4403,9.17,0.2536
C1742,1.3282707147412267,0.6329447715649587,1.0336680904279167,0.9119348131637516,1.0835742626479812,-0.3830276470456207,-0.12685707177401898,0,0,1,3.0,False,False,False,True,False,False,False,True,False,2024,9,7,5,2,3,0,0,13.527817005446597,688.0825822530317,0.7580418745985368,0.6313,10.33,0.5505
C1743,-0.4810408895849922,2.3108182590219744,2.4927767082295493,1.8847548238513878,1.5130527654811088,0.8034646998522569,-1.135762532531132,0,0,1,3.0,False,False,True,True,False,False,False,False,False,2021,2,5,4,4,3,1,2,14.000709712167255,852.3955595848678,1.8392911871460735,0.6037,18.83,0.3316
C1744,0.1522181719291844,-1.164860560755258,-0.5539475273221204,0.8397734126634586,-1.4932967543507847,0.849993811495311,-1.254674185740513,0,0,1,3.0,True,False,False,False,False,False,False,True,False,2024,3,26,1,0,0,0,2,12.484126944351612,445.0215612754061,-1.3732478784138353,0.7499,19.17,0.3058
C1745,-0.5715064698013032,1.115247459692039,-0.5283215267447782,-0.20860724486021345,0.22461725698172583,-1.01117065422685,-1.3072165441353556,1,0,1,3.0,True,False,False,False,False,False,True,False,False,2018,2,11,6,3,3,0,1,13.688063293723564,449.9885442986299,1.1158722597955566,0.23,5.83,0.2944
C1746,6.427966085902237e-16,-1.112903677725906,-1.2255056516230913,-0.8666435617871663,1.0835742626479812,0.4079672508862977,-0.17709494076557902,0,0,0,1.0,False,False,True,False,False,False,True,False,False,2023,10,18,2,0,0,0,0,12.535928722125163,285.5606240362981,-1.2751558301376977,0.2932,16.0,0.5396
C1747,0.69501165322705,0.07501971176641341,0.6309268562952914,0.35727384989560895,0.6540957598148535,0.7336710323876758,0.03952706314298317,0,0,1,2.0,False,False,False,False,False,False,False,True,False,2020,2,22,5,1,2,0,2,13.303359105675948,635.2886273183237,0.27108370682537564,0.6735,18.33,0.5866
C1748,0.24268375214549534,0.20212235620253086,-0.17955918153494232,-0.9060579131517499,-1.063818251517657,-1.4299326590143362,-1.2814062628185907,0,0,1,2.0,False,True,False,False,False,False,False,False,False,2018,12,17,0,2,2,0,1,13.359103893601448,512.8271053678812,0.3904938366754172,0.4151,2.83,0.3
C1749,-0.5715064698013032,0.2201651998911575,-0.6982017637112322,-1.3236302568758982,1.5130527654811088,1.6642532652487563,1.6429907899470018,1,1,1,2.0,False,False,False,False,True,False,False,False,False,2020,9,15,1,2,2,0,2,13.36677115171173,415.9561515352309,0.40699608708923724,0.271,25.0,0.9345
C1750,0.33314933236180627,0.11943393487347988,1.1155624012280814,-0.3225039996131589,0.22461725698172583,1.036110258067527,-0.8513885401660617,1,0,1,2.0,False,True,False,False,True,False,False,False,False,2022,7,23,5,2,2,0,2,13.323193489249922,698.3296857502193,0.3134561701692232,0.7979,20.5,0.3933
C1751,-1.6570934323970343,2.3108182590219744,2.4927767082295493,1.8847548238513878,-1.4932967543507847,1.5479304861411212,-0.15635453613603603,0,0,1,2.0,False,False,True,False,True,False,False,True,False,2023,6,25,6,4,3,1,2,14.000709712167255,852.3955595848678,1.8392911871460735,0.6037,24.17,0.5441
C1752,0.5140804927944281,-1.3670807718134426,-1.248377959595373,-0.612058260850429,-0.6343397486845295,0.943052034781419,-0.9947277810502381,0,0,1,2.0,False,False,True,False,True,False,False,True,False,2024,3,24,6,0,0,0,2,12.252283247392471,278.52660555142666,-1.803039097785006,0.3704,19.83,0.3622
C1753,-0.5715064698013032,-0.3857965893658598,0.2033649195901953,0.6850156920808074,1.0835742626479812,-0.4062922028671477,-0.035138393523372266,0,0,1,2.0,True,False,False,False,False,True,False,False,False,2020,9,11,4,1,1,0,0,13.070361516253156,573.9510780545673,-0.21733839511164108,0.694,10.17,0.5704
C1754,-1.2047655313154797,2.3108182590219744,2.4927767082295493,0.058920834208575544,-1.4932967543507847,1.198962148818216,0.8709868398473378,0,0,1,1.0,False,True,False,False,False,True,False,True,False,2023,5,5,4,4,3,0,2,14.000709712167255,852.3955595848678,1.8392911871460735,0.6037,21.67,0.767
C1755,-1.5666278521807235,-1.0357402871658303,-0.5338756618963416,0.4825774155304246,-0.6343397486845295,-0.4760858703317287,0.058884774130556906,0,0,1,2.0,False,False,False,False,False,False,True,False,False,2023,7,4,1,0,0,0,0,12.60822554097989,448.9166737825629,-1.1369725921686653,0.674,9.67,0.5908
C1756,0.24268375214549534,-1.3670807718134426,-1.0235762257622747,-1.4378012354979122,-1.063818251517657,1.3618140395689051,-0.7550608831088498,1,0,0,2.0,False,False,True,False,False,True,False,False,False,2023,1,10,1,0,0,0,2,12.252283247392471,341.43053466261625,-1.803039097785006,0.5566,22.83,0.4142
C1757,-0.20964414893605934,-0.16703769501406066,-0.9237451556782369,0.7033626040821787,-1.063818251517657,-1.290345324085174,-0.8836513918120176,0,0,1,2.0,False,False,False,False,False,True,False,True,False,2018,3,12,0,1,1,0,1,13.187750157418591,365.91408827756277,0.026602279384837307,0.2508,3.83,0.3863
C1758,1.5996674553901595,0.6571004868507327,0.8066658812376282,-0.08053427975324629,-0.20486124585140184,0.058998913563392534,0.8811265932217811,0,0,1,1.0,True,False,False,False,True,False,False,True,False,2019,1,17,3,2,3,0,0,13.536483958597083,658.8460897660393,0.7771757650641001,0.5738,13.5,0.7692
C1759,1.3282707147412267,0.2201651998911575,-0.9445408669914291,1.4920468802218088,1.0835742626479812,-0.12711753300882356,-1.333487723332777,0,1,1,2.0,False,True,False,False,True,False,False,False,True,2021,4,20,1,2,2,0,0,13.36677115171173,360.95091078981915,0.40699608708923724,0.2041,12.17,0.2887
C1760,-0.4810408895849922,-1.0574551555195786,-1.248377959595373,0.058920834208575544,-0.20486124585140184,-0.7087314285469988,-0.4633125246532753,0,0,0,1.0,False,True,False,False,False,False,False,False,False,2020,6,26,4,0,0,0,1,12.588403065187029,278.52660555142666,-1.1750093006432454,0.2646,8.0,0.4775
C1761,0.42361491257811723,-0.8481683397883611,-0.19903182915394693,1.0119120668696564,-0.6343397486845295,-0.8483187634761609,-1.2187241510493048,0,0,1,2.0,False,False,True,False,True,False,False,True,False,2022,7,15,4,0,0,0,1,12.764835755753545,509.52291410691237,-0.8324446016953128,0.7424,7.0,0.3136
C1762,1.5092018751738485,-0.04070470899856363,-0.004521290424620574,-0.6860873804436762,-0.6343397486845295,-0.2899694237595126,-0.8504667444047485,0,0,1,3.0,False,True,False,False,False,False,False,True,False,2020,9,23,2,1,2,0,0,13.24975174271364,541.6239839593516,0.15719096943705002,0.5165,11.0,0.3935
C1763,0.69501165322705,-1.038646607052589,-0.5927010382750754,-1.1279606841831757,-1.063818251517657,-1.2205516566205932,-1.214576070123396,0,0,0,2.0,False,False,True,False,False,False,False,False,True,2021,6,8,1,0,0,0,1,12.60559516471467,437.4029949600254,-1.1420264528706423,0.6415,4.33,0.3145
C1764,-0.9333687906665469,-1.2709870623973445,-0.741375248166084,-0.34921069725853066,0.22461725698172583,-0.034059309722715515,1.32312766077138,0,0,1,2.0,True,False,False,False,False,True,False,False,False,2024,7,10,2,0,0,0,0,12.369166954465449,406.85372064170684,-1.588230423198047,0.7031,12.83,0.8651
C1765,6.427966085902237e-16,-0.5559143739706995,0.20660530733162819,-0.5387510004272142,-0.6343397486845295,1.175697592996689,0.7875643234485084,1,0,1,2.0,False,True,False,False,True,False,False,False,False,2022,2,20,6,1,1,0,2,12.968482444525424,574.4405713387591,-0.42559219135681586,0.7698,21.5,0.7489
C1766,-0.3001097291523703,-1.0660860157279297,-0.48590024942418286,0.13926326981870948,-0.6343397486845295,-1.6160491055865522,0.1966932404468552,0,0,1,2.0,False,False,True,False,False,True,False,True,False,2023,4,23,6,0,0,0,1,12.580413926717624,458.0925343203052,-1.1903074219695167,0.7216,1.5,0.6207
C1767,1.6901330356064703,0.12660303239902548,0.03627105983644379,-0.19290735093543082,1.0835742626479812,-0.4760858703317287,-0.9666130103301906,0,0,0,3.0,False,False,False,False,True,False,False,False,False,2024,3,17,6,2,2,0,0,13.326358489954371,548.1177245811341,0.3202292861292507,0.49,9.67,0.3683
C1768,0.1522181719291844,1.553468859978086,0.6165047587619551,0.054728798491013135,0.22461725698172583,0.2683799159571356,0.021552045797379356,0,0,1,2.0,False,False,True,False,False,True,False,False,False,2023,12,15,4,3,3,0,0,13.814284566744066,633.3164690737167,1.4038490927024831,0.4016,15.0,0.5827
C1769,0.5140804927944281,2.3108182590219744,1.7471251724201249,1.8847548238513878,-0.20486124585140184,-1.6625782172296062,0.057962978369244064,0,0,0,2.0,False,True,False,False,False,True,False,False,False,2021,11,9,1,4,3,1,1,14.000709712167255,772.8036167099634,1.8392911871460735,0.4963,1.17,0.5906
C1770,0.42361491257811723,0.2201651998911575,-0.07556021870600858,-0.6197109726014715,-0.20486124585140184,-0.8483187634761609,0.2985516720719452,1,1,2,2.0,True,False,False,False,False,True,False,True,False,2022,10,9,6,2,2,0,1,13.36677115171173,530.1254379861431,0.40699608708923724,0.4402,7.0,0.6428
C1771,-0.3001097291523703,0.43879433709941984,-0.007236937454647631,-0.6014345903402823,-0.6343397486845295,1.5711950419626481,-1.5344391992990176,0,0,1,1.0,False,True,False,False,False,False,True,False,True,2024,3,4,0,2,2,0,2,13.455286122025482,541.1889134119434,0.5988889532425099,0.4199,24.33,0.2451
C1772,6.427966085902237e-16,-0.8409767456367041,-0.6095894113875389,0.3370417616030351,1.0835742626479812,1.5711950419626481,1.6208676916754887,0,0,1,2.0,False,True,False,False,False,True,False,True,False,2021,9,16,3,0,0,0,2,12.770378304522241,434.04106948536565,-0.821535390564415,0.5357,24.33,0.9297
C1773,-0.028712988503437474,-0.7958874017401256,-0.4386501239597039,0.058920834208575544,-0.20486124585140184,-0.034059309722715515,-0.13330964210321022,1,0,1,2.0,False,False,True,True,False,False,False,True,False,2021,12,12,6,0,1,0,0,12.804445522678389,466.95346663238297,-0.7542822827817529,0.5993,12.83,0.5491
C1774,0.42361491257811723,1.5238293330705204,2.4927767082295493,0.9687972319396233,-0.20486124585140184,-0.8483187634761609,1.460475229207021,0,0,1,2.0,False,False,False,True,False,False,False,False,False,2023,2,2,3,3,3,0,1,13.806231944458487,852.3955595848678,1.3853134129625764,0.7334,7.0,0.8949
C1775,-1.4761622719644125,-0.5880385570295594,-0.15324847589662258,-0.15397256972323467,0.6540957598148535,1.175697592996689,-1.7081977003065245,0,0,1,2.0,False,True,False,True,False,False,False,False,False,2021,1,14,3,1,1,0,2,12.9480220854245,517.2580787189312,-0.46703302563323834,0.637,21.5,0.2074
C1776,-0.9333687906665469,-0.25889937464712526,0.024414790470238642,1.0556706058171892,1.0835742626479812,-0.10385297718729654,-0.8864167790959567,0,0,0,2.0,False,False,False,False,False,False,False,False,False,2021,6,9,2,1,1,0,0,13.14012301726133,546.2382813388311,-0.07288839974846774,0.5862,12.33,0.3857
C1777,-1.5666278521807235,1.4027207074559411,0.5192826351634194,1.7577275408972002,-0.20486124585140184,-0.2201757562949316,-1.3828037965630242,0,0,0,1.0,False,False,True,False,False,True,False,False,False,2020,10,26,0,3,3,1,0,13.772637659694608,619.8580724649797,1.3082267576222768,0.4011,11.5,0.278
C1778,-0.20964414893605934,-0.58144260545543,-1.1589579458295716,-0.8794465865134073,-1.063818251517657,-1.150757989156012,0.9179984236743023,0,0,0,2.0,False,False,False,True,False,False,False,False,False,2020,8,2,6,1,1,0,1,12.95225743327916,305.1054080150006,-0.4584651101435607,0.2207,4.83,0.7772
C1779,1.4187362949575375,1.9870934003273895,0.7031234653090939,1.7234047784996316,-1.4932967543507847,-1.360138991549755,-0.6356883320188124,0,0,1,2.0,False,False,True,False,False,False,False,False,False,2019,5,10,4,4,3,1,1,13.925232138340512,645.0705620317827,1.6615249685650435,0.3729,3.33,0.4401
C1780,0.1522181719291844,0.3373021774372514,0.8579516622513573,-1.3102401806064476,-0.6343397486845295,-1.3834035473712822,1.163196096183569,0,0,0,2.0,True,False,False,True,False,False,False,False,False,2020,2,28,4,2,2,0,1,13.415167624094801,665.5636934208476,0.5115994339086298,0.6611,3.17,0.8304
C1781,1.2378051345249157,0.18197107736556403,-0.5254854020604789,0.058920834208575544,1.5130527654811088,1.3152849279258512,1.1350813254635215,0,0,2,1.0,False,False,False,False,True,False,False,False,False,2021,7,16,4,2,2,0,2,13.350470589347417,450.5348932102818,0.3719350878794888,0.3232,22.5,0.8243
C1782,-1.1142999510991687,-0.8754843500293588,-0.4577012727231883,-0.5867539916511063,-0.6343397486845295,-0.871583319297688,0.5658724428527242,0,0,0,2.0,False,False,False,False,False,False,True,False,False,2019,5,5,6,0,0,0,1,12.743498884880841,463.4011437189166,-0.8743566005106731,0.6273,6.83,0.7008
C1783,-0.11917856871974841,0.2516727662565304,0.34760105550876075,1.0566533374739742,-1.063818251517657,1.175697592996689,0.5589589746428769,1,0,1,3.0,True,False,False,False,False,True,False,False,False,2024,1,4,3,2,2,0,2,13.380020843794808,595.3497879398295,0.4355582360864773,0.5479,21.5,0.6993
C1784,1.5092018751738485,-0.7132399035500202,-1.020821899064297,-1.6298645663892528,1.5130527654811088,0.8965229231383649,0.6778706278522578,1,0,0,1.0,False,False,False,False,False,False,True,False,False,2020,1,29,2,0,1,0,2,12.864027320802629,342.12953687163576,-0.6358299777846965,0.3031,19.5,0.7251
C1785,-1.2952311115317907,0.19994924872205108,-0.3930641465340673,0.9279790241784417,-1.4932967543507847,-1.7091073288726604,0.5866128474822676,0,0,1,2.0,True,False,False,False,False,False,True,False,True,2020,2,24,0,2,2,0,1,13.358176458207739,475.34578992560773,0.38849900379528185,0.357,0.83,0.7053
C1786,6.427966085902237e-16,-0.4314932681653786,-0.36898435271296404,-1.5772805489112216,-1.4932967543507847,-0.08058842136576953,-0.4047784938098977,0,0,1,1.0,False,True,False,False,True,False,False,False,True,2020,6,5,4,1,1,0,0,13.043998381584881,479.7195951803512,-0.2715338791997412,0.4978,12.5,0.4902
C1787,1.2378051345249157,0.9368738203157498,0.46790813878609017,1.5799355097991992,-1.063818251517657,0.6638773649230948,0.6179539033669103,0,0,1,2.0,False,False,True,False,True,False,False,True,False,2023,6,7,2,3,3,1,2,13.631746469221222,612.6269501091182,0.9891343213963203,0.451,17.83,0.7121
C1788,6.427966085902237e-16,-0.3642981400353413,0.1521876261101216,0.09334182825435558,0.22461725698172583,-1.290345324085174,1.359999491223901,1,0,0,2.0,True,False,False,False,True,False,False,False,False,2021,2,6,5,1,1,0,1,13.08252793774542,566.1641104838773,-0.19225508369232094,0.6671,3.83,0.8731
C1789,1.5092018751738485,2.3108182590219744,2.4927767082295493,1.8847548238513878,0.22461725698172583,-0.5226149819747827,-0.5928248291177564,1,0,0,2.0,False,False,False,False,False,False,False,True,False,2024,8,11,6,4,3,1,0,14.000709712167255,852.3955595848678,1.8392911871460735,0.6037,9.33,0.4494
C1790,1.1473395543086047,-0.587371021451154,-0.3761185897694326,-0.07818980618504316,-1.4932967543507847,1.012845702246,1.5240791367376207,1,0,1,2.0,True,False,False,True,False,False,False,True,False,2023,11,19,6,1,1,0,2,12.948451535621192,478.42791515545997,-0.46616451567281336,0.5447,20.33,0.9087
C1791,0.1522181719291844,-0.7938111629556313,-0.2391376873649032,0.06099900979563663,0.22461725698172583,0.7569355882092028,-1.695292559648142,1,0,1,3.0,False,False,False,False,False,True,False,True,False,2024,9,10,1,0,1,0,2,12.805986615391413,502.6491718883062,-0.7512318256753404,0.6934,18.5,0.2102
C1792,0.061752591712873464,0.046395012102843435,0.137386341012287,-0.8650039326542968,0.22461725698172583,-0.4528213145102017,-0.5356734919163483,0,0,1,1.0,False,True,False,False,True,False,False,False,False,2021,3,5,4,1,2,0,0,13.290364281384894,563.8919488696394,0.24339102661603865,0.5376,9.83,0.4618
C1793,-1.2952311115317907,1.1308120538754545,2.2746402132734183,1.8847548238513878,0.22461725698172583,-1.4066681031928092,-1.2855543437444994,0,0,1,1.0,True,False,False,False,False,True,False,True,False,2019,2,16,5,3,3,1,1,13.692830216306756,829.901626700418,1.1266492332822131,0.7786,3.0,0.2991
C1794,-1.2952311115317907,1.1168504923065747,-0.018397376311418516,1.6777621694197689,-1.4932967543507847,-1.4299326590143362,-1.3044511568514165,0,0,1,3.0,False,True,False,False,False,True,False,True,False,2020,3,6,4,3,3,1,1,13.688555300799113,539.3972283948074,1.1169842236729184,0.3303,2.83,0.295
C1795,-1.4761622719644125,-0.15915828871967472,0.24597158262186192,0.058920834208575544,1.5130527654811088,0.2218508043140816,1.0765472946201435,0,0,1,2.0,False,False,True,False,False,True,False,True,False,2021,4,28,2,1,1,0,0,13.191731666413302,580.3542711137741,0.034951717995735834,0.6285,14.67,0.8116
C1796,0.875942813659672,0.037955965232913454,-0.26242036874424834,0.26170785722445405,0.22461725698172583,0.3614381392432437,1.4323604584869736,0,0,0,3.0,False,False,False,False,True,False,False,True,False,2020,7,20,0,1,2,0,0,13.286500732544514,498.61528255760476,0.23516800773582455,0.422,15.67,0.8888
C1797,-0.842903210450236,0.039693940603086314,-0.4468218523183678,-0.7429464405189652,1.5130527654811088,-1.104228877512958,0.9461131943943497,0,0,1,2.0,False,False,False,False,True,False,False,False,False,2022,1,18,1,1,2,0,1,13.287297630657848,465.43306715359194,0.23686370254678737,0.3674,5.17,0.7833
C1798,0.875942813659672,-1.1420768436540234,-1.2153569368381525,-1.3098802566204093,-0.6343397486845295,0.33817358342171666,1.6337728323338714,1,0,1,3.0,False,True,False,True,False,False,False,False,False,2020,1,5,6,0,0,0,0,12.507173667305809,288.626800557398,-1.329700708323953,0.3082,15.5,0.9325
C1799,0.9664083938759829,1.0353896171417707,0.9355167901264089,1.8847548238513878,0.6540957598148535,1.4548722628550133,-0.9947277810502381,0,0,1,2.0,False,False,True,False,True,False,False,False,False,2021,5,23,6,3,3,1,2,13.663241553341964,675.5965734075329,1.0598801923054455,0.5315,23.5,0.3622
C1800,0.33314933236180627,0.2201651998911575,-0.4837385690245645,0.913827468139244,-1.4932967543507847,-0.7785250960115798,-1.255595981501826,1,1,0,2.0,True,False,False,False,True,False,False,True,False,2018,2,27,1,2,2,0,1,13.36677115171173,458.5016575760659,0.40699608708923724,0.3293,7.5,0.3056
C1801,-1.023834370882858,0.2201651998911575,-0.5171224658648675,-0.19233140714914088,-1.063818251517657,-0.6156732052608908,0.05750208048858731,0,1,0,3.0,True,False,False,False,False,True,False,False,False,2023,12,28,3,2,2,0,1,13.36677115171173,452.14207943963805,0.40699608708923724,0.3202,8.67,0.5905
C1802,-1.5666278521807235,-0.2773692896894952,0.6120108846127964,-0.0353876522010846,0.22461725698172583,-1.4531972148358632,1.1235588784471087,0,0,0,2.0,False,False,False,True,False,False,False,False,False,2019,6,3,0,1,1,0,1,13.13026688226437,632.7006954318922,-0.0933886666273377,0.7943,2.67,0.8218
C1803,0.9664083938759829,-0.6248047782825339,-0.08568910367608153,0.058920834208575544,-0.20486124585140184,1.4781368186765402,-1.6044956771588086,0,0,1,1.0,False,True,False,False,False,False,True,False,False,2021,1,28,3,1,1,0,2,12.924079595440729,528.4655712532274,-0.5153652679910996,0.681,23.67,0.2299
C1804,1.5092018751738485,0.6610331413017512,1.1385075722410327,0.7260825040212151,-1.4932967543507847,-1.5927845497650253,1.6992203313870966,0,0,1,2.0,False,True,False,False,True,False,False,False,False,2018,7,6,4,2,3,0,1,13.537887892924848,701.1738657422993,0.7802775518399604,0.649,1.67,0.9467
C1805,1.4187362949575375,0.17170972977857463,0.7428050577136183,-0.21866946934922396,1.0835742626479812,-0.7785250960115798,0.33957158345037514,0,0,1,1.0,True,False,False,False,True,False,False,False,False,2018,8,12,6,2,2,0,1,13.346045567626552,650.3843786561913,0.36243207562800267,0.6764,7.5,0.6517
C1806,0.33314933236180627,-0.19008448943708825,0.680595873304538,0.9170952454367657,-1.063818251517657,-1.5927845497650253,1.6416080963050321,0,0,0,1.0,False,False,True,False,False,False,True,True,False,2024,3,16,5,1,1,0,1,13.176012650293716,642.034290361504,0.0020171213385482343,0.7814,1.67,0.9342
C1807,0.9664083938759829,-1.1679504427507952,-0.8700213450426022,-1.643957211468241,0.6540957598148535,1.2920203721043242,-0.48036574623756634,1,0,0,2.0,False,False,True,False,False,True,False,True,False,2021,4,11,6,0,0,0,2,12.480960089697195,378.4348292639038,-1.3792199366103093,0.544,22.33,0.4738
C1808,-1.2952311115317907,-0.30633765491773585,-0.7456395806792084,0.6025058736224999,-0.6343397486845295,-1.3834035473712822,-0.15911992341997488,0,0,0,2.0,True,False,False,True,False,False,False,False,False,2019,6,2,6,1,1,0,1,13.114610078108864,405.9435798236006,-0.12589172665591702,0.3321,3.17,0.5435
C1809,-1.6570934323970343,-0.3844625542378828,0.2686561414458353,0.710880783829903,1.5130527654811088,1.6409887094272293,0.8585425970696121,0,0,0,2.0,True,False,False,False,False,True,False,False,False,2023,7,4,1,1,1,0,2,13.07112079752025,583.7347942345051,-0.21577433756243386,0.7173,24.83,0.7643
C1810,-0.028712988503437474,-0.09780229310048286,0.3606963424352168,-1.3456222409669523,1.5130527654811088,-1.360138991549755,0.9977337570278797,1,0,0,2.0,False,True,False,False,False,False,False,False,False,2019,2,25,0,1,1,0,1,13.222204513270206,597.2546274412615,0.09902047456698855,0.6456,3.33,0.7945
C1811,0.69501165322705,-0.7140193302425046,-0.6975410388914873,0.3054898065161859,1.0835742626479812,0.2451153601356086,-0.9366546480875172,0,0,1,2.0,False,False,True,False,True,False,False,False,True,2018,2,20,1,0,1,0,0,12.863481683741389,416.0939076698913,-0.6369195526752479,0.4486,14.83,0.3748
C1812,-0.842903210450236,0.26976671383522427,0.12359360952169814,1.3933080045168615,-1.063818251517657,-1.4997263264789171,1.471997676223434,0,0,0,1.0,True,False,False,False,False,False,False,False,False,2024,6,9,6,2,2,0,1,13.387551175024667,561.7663393262362,0.4518165917293496,0.4841,2.33,0.8974
C1813,-1.4761622719644125,-0.6469245119042226,-0.6549220398703404,-1.1412991702529758,0.22461725698172583,1.4781368186765402,1.256297468076185,0,0,1,1.0,True,False,False,False,True,False,False,False,False,2021,3,10,2,0,1,0,2,12.909393894288458,424.8853021698915,-0.5449251551095091,0.4468,23.67,0.8506
C1814,-0.4810408895849922,0.1486146490116739,1.009423432448336,0.3469965680092633,-0.20486124585140184,1.4781368186765402,-1.6791611338251637,0,0,1,1.0,False,False,False,False,False,False,False,False,False,2023,4,7,4,2,2,0,2,13.336014013235008,685.0195398672946,0.3409120483112535,0.758,23.67,0.2137
C1815,-1.2952311115317907,0.2201651998911575,-0.20095993278078525,-0.016351586080534195,0.22461725698172583,-1.290345324085174,-1.2979985865222252,0,1,1,2.0,True,False,False,False,False,False,True,True,False,2023,5,15,0,2,2,0,1,13.36677115171173,509.1945797040656,0.40699608708923724,0.4061,3.83,0.2964
C1816,0.875942813659672,-0.7938265183829931,-0.06118758042021556,-1.522827726293339,-1.063818251517657,-0.15038208883035056,-0.027303129552211418,0,0,1,1.0,True,False,False,False,True,False,False,False,True,2022,12,10,5,0,1,0,0,12.805975226505373,532.471867801483,-0.7512543715596987,0.7781,12.0,0.5721
C1817,1.5996674553901595,-0.9589675534782564,-0.32022220386496564,0.2477676609504584,-1.4932967543507847,-0.7552605401900528,-0.1489801700455316,0,0,1,2.0,False,False,True,False,True,False,False,True,False,2021,10,27,2,0,0,0,1,12.675315954555732,488.4567125140159,-1.0073917472246283,0.7462,7.67,0.5457
C1818,-1.6570934323970343,0.20892828862070748,0.4226277941465539,0.12838041622809507,1.0835742626479812,1.5246659303195942,0.7064462964529614,0,0,1,2.0,False,True,False,False,False,False,False,True,False,2020,1,26,6,2,2,0,2,13.362002965854186,606.1820848556974,0.3967312805456128,0.5783,24.0,0.7313
C1819,-0.4810408895849922,-1.2672922875668333,-0.9488572527685762,-0.3220624209901423,-0.20486124585140184,1.6642532652487563,-1.4321198697932713,0,0,1,3.0,False,False,True,True,False,False,False,False,False,2018,7,30,0,0,0,0,2,12.373399423778295,359.9121698414767,-1.5803810522269972,0.5479,25.0,0.2673
C1820,-0.842903210450236,1.1922129317437788,0.49683119195374065,0.46172684364270533,1.5130527654811088,0.2218508043140816,0.4865980073798036,0,0,1,1.0,False,True,False,False,False,False,False,False,False,2020,10,31,5,3,3,0,0,13.711416728609402,616.7083913812103,1.1687430344553718,0.4221,14.67,0.6836
C1821,-1.1142999510991687,-0.3220185803388048,-1.0972609932079849,0.04090303938066067,1.0835742626479812,1.385078595390432,0.3884267587999659,1,0,1,2.0,False,False,False,False,True,False,False,False,False,2023,5,11,3,1,1,0,2,13.106031474968551,322.1680617317613,-0.14366827704344826,0.211,23.0,0.6623
C1822,0.5140804927944281,-0.44361820961867077,-0.963726846967039,0.058920834208575544,1.0835742626479812,-0.49935042615325576,-0.9348110565648908,0,0,1,2.0,True,False,False,False,True,False,False,False,False,2019,4,13,5,1,1,0,0,13.036885050147767,356.3106088793877,-0.2861202549343018,0.2766,9.5,0.3752
C1823,-1.3856966917481015,0.3007371307832347,0.7878306699348632,-0.8775956408113972,-0.20486124585140184,0.5475545858154598,0.13262843503559948,0,0,1,3.0,False,False,False,True,False,False,False,False,False,2018,9,25,1,2,2,0,0,13.400310276454917,656.3617219186384,0.4794061134370465,0.6525,17.0,0.6068
C1824,-1.2952311115317907,0.21876101627863231,0.0806437869321936,-0.7713140658835494,1.5130527654811088,-0.7552605401900528,-0.9739873764206947,1,0,1,3.0,False,True,False,False,False,True,False,False,False,2022,6,30,3,2,2,0,1,13.366176552613545,555.095172020078,0.4057156510111176,0.4829,7.67,0.3667
C1825,0.5140804927944281,-0.32646233001428504,-0.8755439484827365,1.044086608395476,1.5130527654811088,-1.034435210048377,-1.2343946789916262,1,0,0,1.0,False,False,True,True,False,False,False,False,False,2023,7,8,5,1,1,0,1,13.103586978955152,377.1669126527405,-0.14872956246777289,0.2899,5.67,0.3102
C1826,-1.4761622719644125,0.7910888379252495,-0.05790286381938747,-0.23396442867773373,-1.063818251517657,-1.5229908823004443,0.23909584546725474,1,0,0,1.0,False,False,True,False,False,True,False,False,True,2018,10,31,2,2,3,0,1,13.583240284538084,533.0066697518897,0.8808295212279497,0.3584,2.17,0.6299
C1827,-0.11917856871974841,-0.8922306831021435,-0.1987548458387426,-1.048376032478641,0.6540957598148535,-0.941376986762269,1.6365382196178104,1,0,0,3.0,False,False,False,False,True,False,False,True,False,2024,6,21,4,0,0,0,1,12.730189389729896,509.5700638773828,-0.9004325141326028,0.7687,6.33,0.9331
C1828,-0.028712988503437474,0.5347676451645875,0.057145168092129106,-0.7001079642999366,0.6540957598148535,0.31490902760018963,-0.9232886095484779,0,0,0,2.0,False,True,False,False,False,False,True,True,False,2025,1,22,2,2,3,0,0,13.491797454310746,551.4110989089719,0.6787883271938976,0.4203,15.33,0.3777
C1829,1.1473395543086047,-1.1424896271423386,-0.5359802162885994,0.726233303643885,0.22461725698172583,1.6409887094272293,-0.5140112915254922,0,0,1,2.0,False,False,False,False,False,False,True,True,False,2018,8,8,2,0,0,0,2,12.5067608084109,448.5098549641914,-1.330482138395551,0.7446,24.83,0.4665
C1830,-0.028712988503437474,0.2201651998911575,-0.2868470690358823,-0.06663153495727897,-1.063818251517657,-0.5691440936178368,-0.8555366210919702,0,1,0,2.0,False,False,False,False,False,False,False,False,False,2019,9,14,5,2,2,0,0,13.36677115171173,494.34780266528946,0.40699608708923724,0.3828,9.0,0.3924
C1831,-0.752437630233925,-0.6314774699924439,-0.45782469026280387,-0.4038436427652679,-0.20486124585140184,0.03573435774186552,-0.8214301779233882,0,0,1,2.0,True,False,False,True,False,False,False,True,False,2019,9,4,2,1,1,0,0,12.91967214425226,463.37804220743993,-0.5242435844135631,0.5259,13.33,0.3998
C1832,-1.7475590126133453,-1.262461026106383,-1.248377959595373,0.6861625978266667,-1.063818251517657,-0.6622023169039448,-0.3453226672052072,0,0,1,3.0,False,False,False,True,False,False,False,False,False,2024,4,24,2,0,0,0,1,12.378906881348675,278.52660555142666,-1.5701596670594586,0.3263,8.33,0.5031
C1833,0.5140804927944281,-0.05869176060219987,-0.030074370316482118,1.239913755475873,-0.20486124585140184,-0.6622023169039448,0.6838623003007923,0,0,0,3.0,True,False,False,False,False,False,True,True,False,2021,5,29,5,1,2,0,1,13.241155326158909,537.5162230109897,0.13901239344285093,0.5131,8.33,0.7264
C1834,-0.5715064698013032,-0.3668925782420171,-0.08551345993801103,0.5947311052396672,1.0835742626479812,1.198962148818216,-1.6081828602040606,0,0,1,2.0,True,False,False,False,False,True,False,False,False,2018,12,15,5,1,1,0,2,13.081067520629087,528.4943992134638,-0.19526842216146614,0.5822,21.67,0.2291
C1835,1.5996674553901595,0.2201651998911575,-0.4421468581741265,-0.4688711259712371,0.22461725698172583,-1.336874435728228,1.5660208438773635,0,1,0,2.0,False,False,True,True,False,False,False,False,True,2020,10,13,1,2,2,0,1,13.36677115171173,466.30348486795594,0.40699608708923724,0.3406,3.5,0.9178
C1836,1.5092018751738485,-1.3670807718134426,-1.2131570955738795,-1.643957211468241,-1.4932967543507847,-0.1969112004734046,-1.5823725788872955,0,0,0,3.0,True,False,False,False,False,True,False,False,False,2019,5,1,2,0,0,0,0,12.252283247392471,289.2871410899558,-1.803039097785006,0.3995,11.67,0.2347
C1837,-0.842903210450236,0.2201651998911575,0.4695098574949913,-0.6699909214782162,1.0835742626479812,0.6871419207446219,1.3037699497838062,0,1,0,1.0,True,False,False,False,False,True,False,False,False,2024,4,4,3,2,2,0,2,13.36677115171173,612.8536856379343,0.40699608708923724,0.5883,18.0,0.8609
C1838,6.427966085902237e-16,2.263493904922081,2.4927767082295493,0.792623893403779,1.5130527654811088,-1.6160491055865522,1.349398839968801,0,0,0,1.0,False,False,True,False,False,True,False,False,True,2022,9,1,3,4,3,0,1,13.99002511931979,852.3955595848678,1.8140040621373859,0.6102,1.5,0.8708
C1839,-0.661972050017614,0.01639191307658108,0.5434990471857784,0.5516663692506958,-1.4932967543507847,1.1291684813536351,0.07086811902762656,0,0,1,3.0,False,False,False,False,False,True,False,False,False,2024,10,19,5,1,2,0,2,13.276559976177296,623.2375149170659,0.21403242231015965,0.6658,21.17,0.5934
C1840,-1.5666278521807235,-0.8894193448588507,-0.9406926147216231,-0.06638892117585576,-1.063818251517657,1.175697592996689,-1.268962020040865,1,0,1,2.0,False,True,False,False,False,False,False,True,False,2024,9,7,5,0,0,0,2,12.73243616849462,361.8744810013549,-0.8960342884244282,0.3868,21.5,0.3027
C1841,1.1473395543086047,1.1380175974153417,1.0673269530150513,-0.8247298544998602,-0.20486124585140184,0.8732583673168379,0.2114419726278637,1,0,1,1.0,False,True,False,False,False,False,False,True,False,2024,12,8,6,3,3,0,2,13.695029365554536,692.3125378035559,1.1316236312598393,0.5407,19.33,0.6239
C1842,-1.2952311115317907,0.8376044605170666,1.9668425186636993,1.4254175642367553,-1.4932967543507847,-1.360138991549755,0.43082936382036546,0,0,1,1.0,False,True,False,False,False,False,True,True,False,2020,7,13,0,2,3,0,1,13.598974230791608,797.0829003309506,0.9158739443995924,0.7889,3.33,0.6715
C1843,-0.9333687906665469,0.2201651998911575,1.0236998039003327,-0.6699909214782162,1.0835742626479812,0.15205713684950056,1.222651922788259,1,1,0,3.0,False,False,False,False,False,False,False,False,True,2023,11,11,5,2,2,0,0,13.36677115171173,686.8248539474965,0.40699608708923724,0.7389,14.17,0.8433
C1844,6.427966085902237e-16,0.49319476813597213,1.4722971966861413,0.20747407417585836,-0.20486124585140184,0.38470269506477067,0.1621258993976165,0,0,0,2.0,True,False,False,True,False,False,False,False,True,2022,4,8,4,2,3,0,0,13.476145178237697,741.3159447900739,0.6444821108884072,0.7716,15.83,0.6132
C1845,0.24268375214549534,0.802866450711922,0.284999944032027,0.7780362925080462,0.22461725698172583,1.408343151211959,-0.32273867105303816,0,0,0,2.0,False,True,False,False,False,False,False,False,False,2023,1,20,4,2,3,0,2,13.58724753699939,586.1583147921729,0.8897470708936707,0.4317,23.17,0.508
C1846,-0.9333687906665469,0.5625186765128025,1.136621837550027,0.04403541985974361,1.0835742626479812,1.4316077070334863,1.155360832212408,0,0,1,1.0,False,False,False,True,False,False,False,False,False,2022,12,19,0,2,3,0,2,13.502111062650078,700.9405538274982,0.7014375064679408,0.6722,23.33,0.8287
C1847,-1.6570934323970343,-0.7508194444387648,-0.4558892081002015,0.13464718838421377,1.5130527654811088,-0.05732386554424252,1.6485215645148794,0,0,1,3.0,True,False,False,True,False,False,False,True,False,2021,5,2,6,0,1,0,0,12.837374927225902,463.74019666188093,-0.6889475933103848,0.5719,12.67,0.9357
C1848,-0.661972050017614,-1.3670807718134426,-1.248377959595373,-0.4985212892996677,-1.063818251517657,0.5010254741724057,0.4875198031411164,1,0,1,3.0,False,False,True,False,False,True,False,True,False,2024,8,7,2,0,0,0,0,12.252283247392471,278.52660555142666,-1.803039097785006,0.3704,16.67,0.6838
C1849,-1.6570934323970343,-0.7838081565586217,-0.2261667402950334,-0.8134629425477448,-0.20486124585140184,0.849993811495311,1.2802641578703235,0,0,1,2.0,False,True,False,False,False,False,True,False,False,2022,10,23,6,0,1,0,2,12.813378264599452,504.8825011822058,-0.7365908924396172,0.6944,19.17,0.8558
C1850,-0.028712988503437474,1.1798978419984063,1.442082784470164,-0.6511259219115162,-1.063818251517657,0.1753216926710276,0.3275882385533055,1,0,0,2.0,True,False,False,False,False,True,False,True,False,2021,6,4,4,3,3,0,0,13.70771645018846,737.7722209462755,1.16035346165239,0.6063,14.33,0.6491
C1851,-1.7475590126133453,0.2201651998911575,-0.5202878000628259,-1.0219505636154296,-0.20486124585140184,-0.8483187634761609,0.6419205931610495,0,1,1,1.0,False,True,False,False,False,True,False,False,True,2024,5,18,5,2,2,0,1,13.36677115171173,451.53443943956256,0.40699608708923724,0.3194,7.0,0.7173
C1852,6.427966085902237e-16,-0.4720568311034367,-1.0507321772592506,-1.643957211468241,1.0835742626479812,-0.4760858703317287,0.6363898185931712,1,0,1,3.0,False,True,False,False,False,False,False,False,True,2024,12,18,2,1,1,0,0,13.019999744382165,334.46061053582974,-0.3206824205312862,0.2478,9.67,0.7161
C1853,-1.023834370882858,-1.189279131356646,-0.6531913697200005,-1.1846973025269583,0.6540957598148535,0.03573435774186552,0.6940020536752356,1,0,1,2.0,False,True,False,False,False,False,False,False,False,2018,9,4,1,0,0,0,0,12.458822182438796,425.23846251250603,-1.420888415350804,0.7022,13.33,0.7286
C1854,-0.3001097291523703,-0.8060023732532736,-1.180720533551905,-1.643957211468241,0.6540957598148535,-1.3834035473712822,-0.6324620468542167,0,0,0,3.0,True,False,False,True,False,False,False,False,False,2024,11,2,5,0,1,0,1,12.796903505498424,298.8545130996017,-0.7692008651899865,0.2473,3.17,0.4408
C1855,-1.023834370882858,-0.34198100591973346,-0.9809624724188972,0.3317321185537327,-0.20486124585140184,0.966316590602946,0.24739200731907202,0,0,0,2.0,False,False,False,False,False,False,False,False,False,2019,2,11,0,1,1,0,2,13.095003013026401,352.0898748899207,-0.16648780351461082,0.2548,20.0,0.6317
C1856,-0.842903210450236,0.22996433608196515,-0.008780607839217625,-0.16186509374633365,0.22461725698172583,-1.5229908823004443,0.3114568127303277,0,0,1,3.0,True,False,False,False,False,False,False,True,False,2020,5,1,4,2,2,0,1,13.370910765402254,540.9414478481012,0.4159136837977631,0.4564,2.17,0.6456
C1857,-0.4810408895849922,-0.7363249940388781,-1.080420868802041,0.34364546975256716,-1.063818251517657,-1.5462554381219713,-0.6532024514837597,1,0,1,3.0,False,True,False,False,True,False,False,True,False,2025,1,6,0,0,1,0,1,12.847739093084417,326.67050678014994,-0.6683172994208488,0.2809,2.0,0.4363
C1858,0.33314933236180627,-0.7893266751463541,-0.1187239035430489,0.5410960759342773,1.5130527654811088,0.8267292556737839,-0.5329081046324091,0,0,1,2.0,True,False,False,True,False,False,False,False,False,2020,5,14,3,0,1,0,2,12.809307153500653,523.015401302868,-0.7446567140163816,0.7482,19.0,0.4624
C1859,1.5996674553901595,0.7328857740563539,0.4640744130085694,0.058920834208575544,-0.6343397486845295,-0.5458795377963097,0.892649040238194,0,0,1,3.0,False,False,True,True,False,False,False,False,False,2020,12,19,5,2,3,0,0,13.563197842989547,612.0839158154705,0.8363084586942208,0.4822,9.17,0.7717
C1860,6.427966085902237e-16,0.021445069712670087,0.12959766242043538,-0.7277256742830147,-0.20486124585140184,-1.01117065422685,0.2718195949938674,0,0,0,2.0,False,False,False,False,True,False,False,False,False,2018,11,29,3,1,2,0,1,13.27889829838268,562.6926159103209,0.21900121988658566,0.5415,5.83,0.637
C1861,0.875942813659672,0.17338990954021818,1.0347053511508697,0.787842773065088,-0.20486124585140184,0.6406128091015678,-1.2265594150204653,0,0,0,1.0,True,False,False,True,False,False,False,False,False,2019,10,6,6,2,2,0,2,13.346771456865712,688.2133244859475,0.36399053551906546,0.7569,17.67,0.3119
C1862,0.9664083938759829,2.0509448193975435,1.6892673641882598,1.8847548238513878,0.6540957598148535,-1.6625782172296062,1.153056342809125,0,0,1,2.0,False,False,True,False,False,False,True,False,True,2020,9,9,2,4,3,1,1,13.940577208027698,766.2822456510395,1.6975030029923088,0.5182,1.17,0.8282
C1863,6.427966085902237e-16,-0.7717565141453393,-0.8156658625717941,-0.6560724029460705,-1.4932967543507847,0.5708191416369868,1.3102225201129973,0,0,1,2.0,False,False,False,False,False,False,True,True,False,2019,12,13,4,0,1,0,2,12.82221177584908,390.69463779273957,-0.7190726803913355,0.4122,17.17,0.8623
C1864,-0.5715064698013032,0.2201651998911575,0.8007022373511611,0.8635475192624993,1.0835742626479812,0.1985862484925546,-0.13100515269992746,1,1,2,2.0,False,False,True,False,True,False,False,False,False,2024,3,10,6,2,2,0,0,13.36677115171173,658.0604987385278,0.40699608708923724,0.6783,14.5,0.5496
C1865,-0.842903210450236,0.3076579883999327,0.08182861837042694,-1.2257934377335507,0.6540957598148535,-0.7319959843685259,-1.0200771644863462,0,0,1,1.0,False,False,False,False,False,False,False,False,False,2018,11,4,6,2,2,0,1,13.40313939284556,555.2802805790964,0.48553078857172227,0.4657,7.83,0.3567
C1866,-1.023834370882858,-1.021881440455642,-1.0130494763090505,0.741510162190802,-1.063818251517657,-1.057699765869904,1.5332970943507505,0,0,0,2.0,True,False,False,False,False,False,True,False,False,2019,10,4,4,0,0,0,1,12.620674255072327,344.0943911196461,-1.113027221252679,0.3911,5.5,0.9107
C1867,1.2378051345249157,-0.09007122393451694,0.3310665062441069,0.058920834208575544,0.6540957598148535,-1.4997263264789171,1.3074571328290583,0,0,1,2.0,False,False,True,False,True,False,False,False,True,2018,1,11,3,1,1,0,1,13.225979151886085,592.9359324581367,0.10697702548737317,0.6339,2.33,0.8617
C1868,-0.752437630233925,-0.3107381873904239,0.24729983434900865,0.851513700278259,-0.6343397486845295,1.5246659303195942,-0.8974783282317133,0,0,1,2.0,False,True,False,False,False,False,True,False,False,2022,8,1,0,1,1,0,2,13.112210086756216,580.5527538475724,-0.13086728705146286,0.681,24.0,0.3833
C1869,1.3282707147412267,2.3108182590219744,2.4927767082295493,1.8847548238513878,0.22461725698172583,-0.6622023169039448,-1.4118403630443848,1,0,1,2.0,False,False,True,False,False,True,False,False,False,2023,1,20,4,4,3,1,1,14.000709712167255,852.3955595848678,1.8392911871460735,0.6037,8.33,0.2717
C1870,1.3282707147412267,-0.2308070828011752,0.6466600850470094,-0.11063857455203578,1.0835742626479812,-1.034435210048377,-0.21903664790532212,0,0,1,2.0,False,False,False,False,True,False,False,False,False,2024,8,29,3,1,1,0,1,13.154930155999967,637.4331180602401,-0.04203321390761123,0.7866,5.67,0.5305
C1871,-1.7475590126133453,1.2762838225487991,1.8832205352433489,0.8091034282158454,-0.6343397486845295,0.4544963625293517,0.595830805095398,0,0,2,1.0,True,False,False,True,False,False,False,True,False,2023,4,9,6,3,3,0,0,13.736317956348168,787.9306631931518,1.225322514208514,0.672,16.33,0.7073
C1872,0.1522181719291844,0.7136084225419503,1.249473141017046,1.131759513908101,0.22461725698172583,-0.987906098405323,-1.1362234304117884,0,0,1,2.0,False,False,False,False,False,False,True,True,False,2021,4,7,2,2,3,0,1,13.556470064644504,714.7689626725547,0.8213937892780643,0.662,6.0,0.3315
C1873,0.785477233443361,-1.184433365492519,-0.6295719273568001,-1.1317834284723152,-0.6343397486845295,-0.6389377610824178,0.03169179917182265,1,0,1,2.0,False,False,True,True,False,False,False,True,False,2018,5,14,0,0,0,0,1,12.46389499571852,430.02925481878555,-1.4113524778943471,0.7145,8.5,0.5849
C1874,-1.1142999510991687,-1.3670807718134426,-1.248377959595373,-0.15177976059282228,1.5130527654811088,0.31490902760018963,-0.27157900630016496,1,0,1,1.0,False,False,True,False,True,False,False,False,False,2020,8,6,3,0,0,0,0,12.252283247392471,278.52660555142666,-1.803039097785006,0.3704,15.33,0.5191
C1875,-0.842903210450236,-0.06969531184570728,-0.34774298936858644,0.07749393027206034,1.0835742626479812,-0.26670486793798565,1.3360328014297624,0,0,1,3.0,False,True,False,False,False,False,True,False,False,2021,3,26,4,1,2,0,0,13.235859816497022,483.54499273593973,0.12782581598155396,0.4175,11.17,0.8679
C1876,1.5092018751738485,1.4703456765490257,1.9207126048047078,1.191125833914078,0.6540957598148535,1.3152849279258512,-0.2572911719998129,0,0,1,3.0,True,False,False,True,False,False,False,False,False,2021,3,4,3,3,3,0,2,13.791535089664453,792.0471639997204,1.3515416331033105,0.6426,22.5,0.5222
C1877,-0.5715064698013032,-0.02254808167540909,0.15304809019879112,0.8070401804576978,-0.6343397486845295,-1.197287100799066,0.10267007279292603,0,0,1,2.0,True,False,False,False,False,False,False,True,False,2023,2,3,4,1,2,0,1,13.258354898928676,566.2959208752965,0.17540730327618273,0.5598,4.5,0.6003
C1878,0.875942813659672,-0.25277385416572035,-0.7932833049108498,-0.5750981944623983,0.6540957598148535,-0.010794753901188501,1.560029171428829,0,0,0,3.0,False,False,True,False,False,False,False,False,False,2018,10,19,4,1,1,0,0,13.143370455528894,395.6325820758447,-0.06612724373147456,0.3065,13.0,0.9165
C1879,1.3282707147412267,-0.5946561542061151,-0.7740672343440772,-0.7860689381132068,1.0835742626479812,-0.5691440936178368,-0.7062057077592593,0,0,1,3.0,True,False,False,False,False,True,False,True,False,2020,8,14,4,1,1,0,0,12.943754735204184,399.82329847071196,-0.4756601719009802,0.3822,9.0,0.4248
C1880,0.061752591712873464,-1.2686680598564108,-1.14845073796716,-1.643957211468241,0.6540957598148535,1.152433037175162,-0.7435384360924369,1,0,1,3.0,False,True,False,False,True,False,False,False,True,2020,12,19,5,0,0,0,2,12.371825530153476,308.07800960146443,-1.5833005159604379,0.4021,21.33,0.4167
C1881,1.5092018751738485,-1.0754033930429674,-0.7970243378328347,-0.44402062028243355,-1.063818251517657,-1.4299326590143362,1.0217004468220183,1,0,0,1.0,False,False,False,True,False,False,False,False,True,2025,1,4,5,0,0,0,1,12.571717063201344,394.81154998302674,-1.2069398937841014,0.5407,2.83,0.7997
C1882,-1.3856966917481015,-1.3670807718134426,-0.8884077338495959,-0.47007826412374565,0.6540957598148535,1.198962148818216,-0.7827147559482407,1,0,1,3.0,True,False,False,False,False,True,False,False,False,2024,8,12,0,0,0,0,2,12.252283247392471,374.196900040607,-1.803039097785006,0.6685,21.67,0.4082
C1883,-0.11917856871974841,0.2201651998911575,1.0995440035980455,0.8635475192624993,-1.4932967543507847,-1.057699765869904,1.1332377339408952,0,1,2,2.0,False,False,True,False,True,False,False,False,False,2020,3,21,5,2,2,0,1,13.36677115171173,696.3372315193265,0.40699608708923724,0.7595,5.5,0.8239
C1884,-0.5715064698013032,-0.7874435817373531,-0.323661581492785,0.089600095018847,-0.6343397486845295,1.082639369710581,-1.4118403630443848,0,0,1,2.0,False,False,False,False,False,False,False,False,False,2022,10,8,5,0,1,0,2,12.810698209262187,487.8455800763188,-0.7419012622588352,0.6501,20.83,0.2717
C1885,0.5140804927944281,0.6301520818406788,1.3526201135444769,-0.9499412670443752,1.0835742626479812,0.3614381392432437,-1.3579153110075723,0,0,0,1.0,False,False,False,True,False,False,False,True,False,2019,4,16,1,2,3,0,0,13.526810140508516,727.1782518750131,0.7558206492273141,0.7058,15.67,0.2834
C1886,-1.4761622719644125,0.2201651998911575,0.0785113324515778,1.2909270847148298,-0.20486124585140184,1.3618140395689051,1.3733655297629397,0,1,0,2.0,False,True,False,False,False,False,True,True,False,2024,2,9,4,2,2,0,2,13.36677115171173,554.7618588187187,0.40699608708923724,0.4821,22.83,0.876
C1887,0.42361491257811723,-0.059856812027134894,-0.28812263340608907,1.063300668507154,-0.20486124585140184,0.08226346938491955,0.12709766046772142,0,0,0,1.0,False,False,True,False,False,False,False,False,False,2020,7,9,3,1,2,0,0,13.24059596533028,494.1239419416954,0.1378303432414017,0.4339,13.67,0.6056
C1888,0.42361491257811723,-0.193272831172891,-0.37295902005253967,0.2868628553115535,-0.20486124585140184,0.8034646998522569,0.7423963311441697,0,0,2,1.0,True,False,False,False,False,False,True,False,False,2019,9,3,1,1,1,0,2,13.174377956603436,479.00039665954347,-0.0014034408561486636,0.4356,18.83,0.7391
C1889,-0.20964414893605934,0.23844216003111288,0.41699180336385855,-0.15725695654376043,1.0835742626479812,-1.4066681031928092,-0.963386725165595,0,0,1,2.0,False,False,True,False,False,False,True,True,False,2020,12,24,3,2,2,0,1,13.374478420663072,605.3750985959036,0.4236036100466466,0.5696,3.0,0.369
C1890,-1.1142999510991687,-1.1181119056778364,-1.248377959595373,-1.643957211468241,-1.4932967543507847,1.4316077070334863,-1.1675644862964314,0,0,2,3.0,False,False,False,True,False,False,False,False,True,2019,8,6,1,0,0,0,2,12.530855396988562,278.52660555142666,-1.284796434129383,0.2803,23.33,0.3247
C1891,1.6901330356064703,0.2201651998911575,0.3200774454094176,-1.3739102057526429,0.6540957598148535,-0.6156732052608908,1.1438383851959952,0,1,1,3.0,False,False,True,True,False,False,False,False,False,2018,10,20,5,2,2,0,1,13.36677115171173,591.3262043914509,0.40699608708923724,0.5477,8.67,0.8262
C1892,-0.5715064698013032,-1.3077427013557998,-0.9168492222690224,-1.643957211468241,-0.6343397486845295,1.5479304861411212,-0.5024888445090793,0,0,1,2.0,True,False,False,False,False,False,True,True,False,2018,9,2,6,0,0,0,2,12.326057078554564,367.5450992735449,-1.667896797540158,0.5991,24.17,0.469
C1893,1.0568739740922939,-0.727912698913485,-0.6747308720250935,0.4236379119544757,0.22461725698172583,-1.174022544977539,-0.1692596767944182,0,0,1,3.0,True,False,False,False,False,True,False,False,False,2019,11,11,0,0,1,0,1,12.853705354726088,420.8220051280589,-0.6564266452391682,0.4633,4.67,0.5413
C1894,6.427966085902237e-16,-0.3536419174584543,0.4551591818820584,0.058920834208575544,0.22461725698172583,0.10552802520644655,-1.6455155885372381,0,0,1,3.0,False,True,False,False,False,False,True,False,False,2021,6,13,6,1,1,0,0,13.088504086904598,610.8192367632179,-0.17991736399880393,0.7719,13.83,0.221
C1895,1.1473395543086047,0.6060580472715615,0.7231232170767412,-1.164157420499342,1.0835742626479812,-0.5458795377963097,-0.40846567685515006,0,0,1,3.0,True,False,False,False,False,False,True,False,True,2024,9,3,1,2,3,0,0,13.518081012882204,647.7542049265293,0.736577557150689,0.5649,9.17,0.4894
C1896,0.24268375214549534,1.721004083706812,0.3025439115760869,1.5536314539844331,-1.063818251517657,-1.6625782172296062,0.9207638109582414,0,0,1,1.0,True,False,False,True,False,False,False,True,False,2024,5,20,0,4,3,0,1,13.85862109018332,588.7486985123619,1.5063060958911827,0.332,1.17,0.7778
C1897,-0.4810408895849922,0.2201651998911575,0.09865018114733967,-0.3683112282177476,-1.4932967543507847,1.24549126046127,1.09682680136903,1,1,1,2.0,False,False,True,False,True,False,False,True,False,2021,3,28,6,2,2,0,2,13.36677115171173,557.9017207358299,0.40699608708923724,0.4875,22.0,0.816
C1898,1.1473395543086047,0.2201651998911575,0.53186027169018,0.913827468139244,-0.6343397486845295,1.036110258067527,0.6732616490456923,1,1,0,3.0,False,False,True,False,False,False,False,False,False,2022,12,4,6,2,2,0,2,13.36677115171173,621.615596651178,0.40699608708923724,0.6052,20.5,0.7241
C1899,0.42361491257811723,-0.9954942670654129,-0.9914422989962469,-1.5318847138204459,0.6540957598148535,-0.3830276470456207,0.6502167550128666,0,0,0,2.0,False,False,False,True,False,False,False,True,False,2019,5,25,5,0,0,0,0,12.643956475353765,349.49861230053546,-1.0681230621981466,0.3942,10.33,0.7191
C1900,-0.3001097291523703,0.2201651998911575,-0.7836648647391401,1.441766931345064,-0.20486124585140184,1.175697592996689,0.007725109377683688,0,1,1,2.0,False,True,False,False,False,True,False,False,False,2023,4,4,1,2,2,0,2,13.36677115171173,397.73572884517176,0.40699608708923724,0.2478,21.5,0.5797
C1901,1.1473395543086047,1.0259373710731559,1.0192904370435967,0.4970473211218262,-1.4932967543507847,0.8965229231383649,0.1183406007352474,0,0,1,2.0,False,False,True,False,False,False,False,False,False,2021,5,30,6,3,3,0,2,13.660262367759438,686.2677757260645,1.0531738581639303,0.5501,19.5,0.6037
C1902,-1.6570934323970343,-1.3670807718134426,-1.115595789909441,-1.643957211468241,-1.4932967543507847,-0.4528213145102017,0.8248970517816863,0,0,1,2.0,True,False,False,True,False,False,False,False,False,2022,7,7,3,0,0,0,0,12.252283247392471,317.1933322123906,-1.803039097785006,0.4803,9.83,0.757
C1903,-0.5715064698013032,-0.5395490775026717,-0.4696072319161795,-1.5605945646290655,-0.6343397486845295,1.036110258067527,-0.88733857485727,0,0,1,2.0,False,False,False,True,False,False,False,False,False,2021,1,20,2,1,1,0,2,12.978746970114324,461.1672364771808,-0.40475420645744803,0.491,20.5,0.3855
C1904,1.6901330356064703,0.3771768552027164,1.2231971375547412,-1.1628663520840619,1.0835742626479812,1.059374813889054,-0.9421854226553952,0,0,1,1.0,False,False,True,False,True,False,False,False,False,2023,8,12,5,2,2,0,2,13.431122044722652,711.5731937053279,0.5462499812083911,0.7437,20.67,0.3736
C1905,6.427966085902237e-16,-0.7795271004111193,-0.20747004947227585,-0.20777657988081222,0.6540957598148535,0.12879258102797356,1.5411323583219114,0,0,1,2.0,False,True,False,False,False,True,False,True,False,2024,1,21,6,0,1,0,0,12.816525100757719,508.08441227811744,-0.7303528961356582,0.701,14.0,0.9124
C1906,-1.2952311115317907,-1.1464411891195785,-1.2481420770301666,-0.28151355285910445,1.5130527654811088,-0.7552605401900528,-1.6464373842985514,0,0,1,3.0,False,True,False,False,False,True,False,False,False,2023,7,16,6,0,0,0,1,12.502799874436871,278.6000538406265,-1.3379766525550127,0.2884,7.67,0.2208
C1907,-1.5666278521807235,2.3108182590219744,2.4927767082295493,1.8847548238513878,1.5130527654811088,-1.2438162124421202,-1.2602049603083911,1,0,2,3.0,False,False,False,True,False,False,False,False,False,2022,11,29,1,4,3,1,1,14.000709712167255,852.3955595848678,1.8392911871460735,0.6037,4.17,0.3046
C1908,-1.2047655313154797,-0.21902824898051995,-0.3135786394368053,-1.0344152214256037,1.0835742626479812,-1.4997263264789171,0.22895609209281145,0,0,1,1.0,False,False,False,False,True,False,False,False,False,2018,11,26,0,1,1,0,1,13.16107399894454,489.6350273417946,-0.02921049507894269,0.4613,2.33,0.6277
C1909,-1.1142999510991687,-0.1898654063397136,-0.630619737080103,0.43955481413861125,1.0835742626479812,-0.4062922028671477,0.8083047280780518,0,0,1,3.0,False,False,False,True,False,False,False,False,False,2024,9,15,6,1,1,0,0,13.176124878262671,429.8178567719122,0.002251986803748422,0.3501,10.17,0.7534
C1910,-0.4810408895849922,-1.261448381923145,-0.8556917097855591,-0.7211255460658446,-1.063818251517657,-0.4295567586886747,0.11695790709327814,1,0,1,2.0,False,False,False,False,False,False,True,True,False,2018,6,13,2,0,0,0,0,12.380057422746658,381.70508249170587,-1.5680232900124407,0.6122,10.0,0.6034
C1911,0.785477233443361,-0.8502775834914266,-0.39626988974429594,-1.578651783676987,1.0835742626479812,-0.8483187634761609,-0.514933087286805,1,0,1,2.0,False,False,False,False,False,False,True,True,False,2022,11,5,5,0,0,0,1,12.76320432204263,474.76046591939394,-0.8356539684552963,0.6456,7.0,0.4663
C1912,1.1473395543086047,-1.037988913748107,-1.1658805111413093,0.1293955281719548,0.6540957598148535,0.2683799159571356,1.6383818111404362,0,0,1,3.0,True,False,False,False,True,False,False,False,False,2021,8,13,4,0,0,0,0,12.606191018625037,303.13101128060123,-1.1408817866952932,0.3079,15.0,0.9335
C1913,0.875942813659672,1.1328002672100832,2.1241603949782166,1.460171929715481,-1.063818251517657,0.8965229231383649,0.6907757685106404,1,0,0,3.0,True,False,False,True,False,False,False,False,False,2024,10,8,1,3,3,0,2,13.693437507087566,814.0221434334572,1.1280227394397258,0.7487,19.5,0.7279
C1914,1.6901330356064703,0.24576551484984493,0.7250622732176043,0.17354333448369455,1.5130527654811088,0.8732583673168379,1.1313941424182687,0,0,1,3.0,False,False,True,False,True,False,False,True,False,2020,10,22,3,2,2,0,2,13.377550036690343,648.0138038653189,0.43022764593865565,0.6507,19.33,0.8235
C1915,0.6045460730107391,-0.8202365954106613,-0.13040493268485853,0.07177539056651154,-1.063818251517657,-0.4760858703317287,-1.603112983516839,0,0,1,2.0,False,True,False,True,False,False,False,True,False,2018,4,16,0,0,0,0,0,12.786192775286855,521.0745915893424,-0.7903583504827453,0.76,9.67,0.2302
C1916,1.4187362949575375,0.3202753765586736,-0.19851959736645347,1.169362339050594,-0.20486124585140184,-0.6622023169039448,-0.9269757925937303,0,0,1,3.0,True,False,False,True,False,False,False,False,False,2019,1,10,3,2,2,0,1,13.408276636427578,509.6101058652585,0.49665891719710525,0.3902,8.33,0.3769
C1917,6.427966085902237e-16,-0.5684213140555231,0.17652647571031513,-0.8723688390058647,-0.20486124585140184,-1.6393136614080792,-0.44902469035292325,0,0,0,1.0,True,False,False,False,False,False,True,False,False,2020,7,26,6,1,1,0,1,12.96056628143968,569.8806980412655,-0.44164085243632883,0.7636,1.33,0.4806
C1918,1.5996674553901595,-0.08392124577242223,-0.3452858793143536,0.19546126923814527,1.5130527654811088,-0.2899694237595126,-1.11087404697568,0,0,0,2.0,True,False,False,False,False,False,False,True,False,2024,6,14,4,1,2,0,0,13.22897169223686,483.98554730487564,0.11328819887754324,0.4211,11.0,0.337
C1919,1.1473395543086047,-0.08926504549749578,-0.9523758343662377,-0.536502621897304,-0.6343397486845295,1.152433037175162,-1.4901930027559924,0,0,1,2.0,False,False,True,False,False,True,False,False,False,2024,8,1,3,1,1,0,2,13.22637194359017,359.06319778000085,0.10780524916117216,0.2324,21.33,0.2547
C1920,1.5092018751738485,0.13749643157685393,0.6404987194599907,0.2655333166308346,1.5130527654811088,1.24549126046127,-0.9643085209269079,0,0,0,2.0,False,False,False,False,False,True,False,False,False,2018,3,26,0,2,2,0,2,13.331148595441908,636.594164283651,0.3304862575181683,0.6578,22.0,0.3688
C1921,0.6045460730107391,-0.008821291640534037,0.37198509864050877,-0.6687570887846357,0.6540957598148535,0.8732583673168379,0.1022091749122696,0,0,1,2.0,False,False,True,False,True,False,False,True,False,2021,1,8,4,1,2,0,2,13.26481028594271,598.8918266264785,0.18909140816253922,0.6221,19.33,0.6002
C1922,1.1473395543086047,0.2201651998911575,0.36074424527287235,-1.2733503079991535,1.0835742626479812,0.2451153601356086,0.662660997790593,0,1,1,3.0,False,True,False,False,False,True,False,True,False,2024,6,18,1,2,2,0,0,13.36677115171173,597.2615842325706,0.40699608708923724,0.5587,14.83,0.7218
C1923,-1.4761622719644125,1.4673143301826133,1.0819279223958547,1.7425575775215998,-1.063818251517657,-1.6393136614080792,0.9332080537359673,1,0,1,1.0,False,True,False,False,False,False,True,True,False,2018,6,14,3,3,3,1,1,13.790695597889755,694.1394456447493,1.3496148209783967,0.4939,1.33,0.7805
C1924,0.1522181719291844,0.43112713171086764,-0.816423545963063,0.39999686324003525,-0.6343397486845295,-0.2201757562949316,-1.5938950259037086,0,0,1,1.0,False,True,False,False,False,False,False,True,False,2019,12,19,3,2,2,0,0,13.452310946026374,390.52638835295113,0.592397522400956,0.2193,11.5,0.2322
C1925,-1.6570934323970343,0.2201651998911575,0.41967113416317203,-0.5191510748479818,-1.063818251517657,-0.2899694237595126,-0.2628219465676909,0,1,1,2.0,False,True,False,True,False,False,False,True,False,2023,4,12,2,2,2,0,0,13.36677115171173,605.7588711690486,0.40699608708923724,0.5748,11.0,0.521
C1926,-0.9333687906665469,-0.42784618766226395,-0.4934974319550334,-0.39371937281934577,-1.4932967543507847,0.3614381392432437,-1.3196607869130814,0,0,1,2.0,True,False,False,True,False,False,False,False,False,2023,10,27,4,1,1,0,0,13.046128150401383,456.6517710466039,-0.26716361038839503,0.4501,15.67,0.2917
C1927,-1.3856966917481015,1.4167760666353335,1.276955189207906,-0.346390494926032,0.22461725698172583,1.059374813889054,-0.25176039743193446,0,0,2,3.0,True,False,False,False,False,False,True,False,False,2022,12,17,5,3,3,0,2,13.776594859889164,718.0961982910089,1.3172869018268423,0.5361,20.67,0.5234
C1928,-0.9333687906665469,-0.21756563527402983,-0.32358070582343396,-1.5615596781917638,0.22461725698172583,1.2920203721043242,-0.24208154193814793,0,0,0,2.0,False,False,True,False,False,True,False,False,False,2021,2,13,5,1,1,0,2,13.161834270798385,487.85995941458447,-0.027622920971234196,0.4576,22.33,0.5255
C1929,6.427966085902237e-16,2.3108182590219744,2.4927767082295493,1.8847548238513878,-1.063818251517657,1.4548722628550133,-0.01992876346170732,0,0,0,1.0,False,False,False,True,False,False,False,False,False,2020,1,14,1,4,3,1,2,14.000709712167255,852.3955595848678,1.8392911871460735,0.6037,23.5,0.5737
C1930,1.5996674553901595,-0.8635502598877131,-0.5752065299785588,-1.032786734329404,-0.6343397486845295,-0.6854668727254718,1.3438680654009225,1,0,1,3.0,False,True,False,False,False,True,False,True,False,2024,7,25,3,0,0,0,1,12.752876799557754,440.85854874324485,-0.8559521069131766,0.5625,8.17,0.8696
C1931,-0.661972050017614,-0.039819866372213124,0.43180259985545155,0.058920834208575544,1.5130527654811088,1.6642532652487563,1.0405972599289353,0,0,0,2.0,False,False,True,False,False,False,True,False,True,2022,11,21,0,1,2,0,2,13.25017272782571,607.493481446509,0.15808181641489738,0.6495,25.0,0.8038
C1932,0.9664083938759829,-1.0115756176308477,-0.35382209581079854,-0.9875463246165975,-0.20486124585140184,0.8732583673168379,0.45848323665975615,0,0,1,1.0,True,False,False,True,False,False,False,False,True,2025,2,13,3,0,0,0,2,12.629832021710262,482.45329307612775,-1.0953834646511762,0.7618,19.33,0.6775
C1933,1.4187362949575375,1.52531999355759,1.4752246883953317,0.7182077388760568,0.6540957598148535,-0.7552605401900528,1.3185186819648143,0,0,0,2.0,True,False,False,False,True,False,False,True,False,2023,7,8,5,3,3,0,1,13.806638487279615,741.6583984557851,1.386248663944011,0.555,7.67,0.8641
C1934,0.33314933236180627,-1.1198020017154633,-1.248377959595373,-1.643957211468241,-1.063818251517657,-0.7785250960115798,0.6032051711859021,0,0,1,2.0,False,False,False,False,False,False,False,False,False,2019,1,9,2,0,0,0,1,12.529203530781542,278.52660555142666,-1.2879338142814918,0.2808,7.5,0.7089
C1935,-0.4810408895849922,1.9366399431403831,-0.2939555965067979,1.8847548238513878,-1.063818251517657,0.33817358342171666,1.0880697416365566,0,0,0,2.0,False,False,False,False,False,True,False,False,False,2023,4,10,0,4,3,1,0,13.91293815808749,493.09896572594835,1.632760263478621,0.2206,15.5,0.8141
C1936,0.785477233443361,-0.5956292072874803,-0.19843560887732692,0.058920834208575544,0.6540957598148535,-0.7552605401900528,0.20637209594064207,1,0,1,2.0,False,False,False,False,False,True,False,True,False,2021,11,26,4,1,1,0,1,12.943125724486817,509.6244009071779,-0.47693135255823316,0.6214,7.67,0.6228
C1937,-1.1142999510991687,-1.1414521552681125,-1.1227393654252358,0.058920834208575544,1.5130527654811088,-0.9181124309407419,0.073172608430909,1,0,1,3.0,False,False,True,False,False,True,False,True,False,2022,7,31,6,0,0,0,1,12.507798145821551,315.23383384402126,-1.3285186475750737,0.3675,6.5,0.5939
C1938,-1.3856966917481015,-0.13458368477567031,0.01716612846461696,0.058920834208575544,1.0835742626479812,-0.17364664465187757,0.7608322463704306,0,0,0,3.0,True,False,False,False,False,True,False,True,False,2021,9,27,0,1,1,0,0,13.204048501726772,545.0860390800703,0.06081240997188306,0.5476,11.83,0.7431
C1939,0.785477233443361,-1.071005043631037,-1.1593118849670025,0.058920834208575544,-0.20486124585140184,-0.7785250960115798,-1.674091257137942,0,0,1,2.0,True,False,False,False,False,False,True,True,False,2021,8,8,6,0,0,0,1,12.57583192005215,305.00477045449634,-1.1990730692888556,0.3214,7.5,0.2148
C1940,-1.4761622719644125,-0.29843353193545114,-0.6553722458415674,-0.298236905199265,-1.063818251517657,0.5708191416369868,0.6442250825643321,1,0,1,1.0,False,False,False,False,False,False,True,True,False,2019,3,5,1,1,1,0,2,13.118906469176267,424.79338507090716,-0.11698015182146332,0.3621,17.17,0.7178
C1941,-0.752437630233925,-0.8253013703701033,-0.6641229010336543,0.9992014768014302,-1.4932967543507847,-0.5691440936178368,1.4881291020464125,0,0,2,3.0,False,True,False,False,False,False,True,False,False,2019,10,21,0,0,0,0,0,12.782353876032158,423.002825049668,-0.7979332570159063,0.5028,9.0,0.9009
C1942,-1.6570934323970343,0.9002839829717749,2.0267927182327727,1.8847548238513878,-0.20486124585140184,0.6871419207446219,0.7258040074405351,0,0,1,2.0,False,False,False,False,False,False,True,False,False,2021,9,12,6,3,3,1,2,13.619791518349931,803.5801640160115,0.9623679704661565,0.7853,18.0,0.7355
C1943,0.6045460730107391,-0.19164249179837178,0.03574476271515011,-0.5670101015501465,-1.4932967543507847,0.2683799159571356,-1.615096328413908,1,0,0,2.0,False,False,True,True,False,False,False,True,False,2022,8,14,6,1,1,0,0,13.175214181244076,548.0344332247746,0.00034623674562759676,0.5698,15.0,0.2276
C1944,0.9664083938759829,-1.201109359607677,-0.5789431242501232,0.04073110206748028,0.22461725698172583,0.10552802520644655,-0.43611954969454075,0,0,1,2.0,False,False,False,False,False,False,True,False,True,2023,7,23,6,0,0,0,0,12.446328463265013,440.1227669639461,-1.4443433153877783,0.7617,13.83,0.4834
C1945,1.4187362949575375,-0.8393435571828911,-0.12136178772350041,-1.4721486752943878,0.6540957598148535,-0.6854668727254718,1.056267787871257,0,0,1,3.0,False,False,False,True,False,False,False,False,False,2021,3,26,4,0,0,0,1,12.771632731069872,522.5777454121061,-0.8190650851461941,0.7756,8.17,0.8072
C1946,1.4187362949575375,0.5238813871855084,-0.34627339256570994,1.7325523101586764,-0.20486124585140184,0.7336710323876758,1.5715516184452418,0,0,1,2.0,False,False,True,False,True,False,False,True,False,2022,6,29,2,2,3,1,2,13.487722373576032,483.8085365100537,0.6698489163161325,0.3249,18.33,0.919
C1947,0.5140804927944281,1.5299555195704613,0.5167487422213921,-0.2848715897487481,1.0835742626479812,1.6409887094272293,-0.46285162677261893,0,0,1,1.0,False,False,False,False,False,False,True,False,False,2024,3,3,6,3,3,0,2,13.807901663608,619.5033978922149,1.389154962948838,0.3867,24.83,0.4776
C1948,0.6045460730107391,-0.3774529311507232,0.1243763107607921,-1.5730467962079824,-0.20486124585140184,1.105903925532108,1.1655005855868514,0,0,0,2.0,True,False,False,False,True,False,False,False,True,2018,5,31,3,1,1,0,2,13.075100958637368,561.8871772873981,-0.20757261219139725,0.662,21.0,0.8309
C1949,-1.3856966917481015,-1.1234940014687407,-0.5529042138940486,-1.643957211468241,-0.6343397486845295,0.058998913563392534,1.2438532252984593,1,0,1,3.0,False,True,False,False,False,False,True,False,False,2023,2,6,0,0,0,0,0,12.525585524644303,445.2248645347652,-1.2948027549523657,0.7201,13.5,0.8479
C1950,-0.028712988503437474,1.0881871265668763,0.8787553861932307,0.48060334428960666,-0.6343397486845295,-0.4295567586886747,-1.3159736038678294,0,0,1,1.0,False,False,False,False,True,False,False,True,False,2018,12,27,3,3,3,0,0,13.67972112073196,668.2693917874736,1.0970309743614732,0.5115,10.0,0.2925
C1951,-0.842903210450236,0.5174615605131695,1.6023033075804787,1.427383107998244,0.6540957598148535,0.8732583673168379,1.1811711135291731,0,0,1,3.0,False,False,True,False,False,False,False,False,False,2021,7,12,0,2,3,0,2,13.485311416275595,756.3744376960395,0.6645626293992647,0.7959,19.33,0.8343
C1952,-0.9333687906665469,1.5694430185602246,-0.4989613529779193,1.848349767651039,1.0835742626479812,0.4312318067078247,-0.6214004977184603,0,0,1,2.0,False,True,False,False,True,False,False,True,False,2020,10,30,4,3,3,1,0,13.81859776762478,455.61275223593117,1.4137865212527836,0.2069,16.17,0.4432
C1953,1.5996674553901595,-0.019871797190842224,-0.43999630322296485,-0.7501835352404882,-0.20486124585140184,-0.7785250960115798,0.30823052756573177,0,0,0,2.0,False,False,True,True,False,False,False,False,False,2021,8,17,1,1,2,0,1,13.259616767295388,466.7033426064142,0.17808116424757356,0.3798,7.5,0.6449
C1954,-1.2952311115317907,-0.7834058443617365,-0.48077977618318823,-1.592583472583632,1.5130527654811088,-1.5927845497650253,0.12064509013853017,0,0,2,2.0,False,True,False,False,False,True,False,False,False,2019,4,20,5,0,1,0,1,12.813674410417573,459.0610525845119,-0.7360039660453236,0.5739,1.67,0.6042
C1955,-1.1142999510991687,0.261914503297732,0.10805412497859657,0.4085809175680069,0.22461725698172583,0.5475545858154598,0.5497410170297464,1,0,1,1.0,False,True,False,False,True,False,False,False,False,2022,7,14,3,2,2,0,0,13.384290207749924,559.3618596221949,0.44477374631560723,0.4816,17.0,0.6973
C1956,0.24268375214549534,0.022709986917002913,-0.7850948595570956,1.3092998033580663,1.0835742626479812,-0.034059309722715515,0.8170617878105254,0,0,0,3.0,False,False,False,False,False,True,False,False,True,2023,10,9,0,1,2,0,0,13.279482777645766,397.42375369371166,0.22024347658782029,0.27,12.83,0.7553
C1957,0.5140804927944281,-0.8233663645163097,-0.8313057067302486,-1.2623444465694995,-1.063818251517657,-0.7785250960115798,-0.21811485214400897,0,0,0,2.0,True,False,False,False,False,False,False,False,False,2018,1,5,4,0,0,0,1,12.783822274153652,387.20686977376835,-0.7950363330750952,0.4207,7.5,0.5307
C1958,-0.752437630233925,-0.12410821222929769,-1.0187931475980525,-0.15320209989862474,0.6540957598148535,-1.5229908823004443,1.3281975374586015,0,0,1,3.0,False,False,False,False,False,False,False,False,False,2024,2,1,3,1,1,0,1,13.209253058656,342.6434881914437,0.07175439135065667,0.2153,2.17,0.8662
C1959,6.427966085902237e-16,0.2201651998911575,0.45974609475561634,0.4613079282485411,1.5130527654811088,-1.5462554381219713,1.0558068899906004,1,1,2,2.0,False,False,True,True,False,False,False,True,False,2023,3,8,2,2,2,0,1,13.36677115171173,611.470244574501,0.40699608708923724,0.5856,2.0,0.8071
C1960,-0.661972050017614,0.5810711038515998,1.4253993963043956,1.285978374222648,1.0835742626479812,0.6871419207446219,0.9728452714724275,0,0,1,1.0,False,False,True,True,False,False,False,False,False,2022,8,20,5,2,3,0,2,13.50894717687191,735.808181525593,0.7164692810671894,0.7356,18.0,0.7891
C1961,-0.20964414893605934,0.2201651998911575,0.9943977361026155,-0.5694310237247266,0.6540957598148535,-1.4299326590143362,-0.15819812765866204,0,1,1,1.0,False,True,False,False,True,False,False,False,True,2018,8,11,5,2,2,0,1,13.36677115171173,683.1143169338496,0.40699608708923724,0.7309,2.83,0.5437
C1962,0.42361491257811723,-1.1275168274293526,-0.7160052481928674,0.08073246177920909,1.0835742626479812,-1.290345324085174,-1.612330941129969,0,0,0,2.0,False,True,False,False,False,False,True,False,False,2020,2,8,5,0,0,0,1,12.521628363279694,412.226927795844,-1.3023113252872378,0.6197,3.83,0.2282
C1963,1.1473395543086047,-1.1822508227494435,-0.9785973634824721,0.6543410818779004,-0.6343397486845295,0.5475545858154598,-0.04066916809125033,0,0,1,3.0,True,False,False,False,False,False,False,True,False,2023,10,25,2,0,0,0,0,12.466171422641073,352.6720431222186,-1.407070860758832,0.4795,17.0,0.5692
C1964,-0.752437630233925,-0.420152785544622,-0.334874015968768,-1.1185968682960445,0.22461725698172583,0.5010254741724057,1.3632257763884963,1,0,0,2.0,False,False,False,False,False,True,False,False,False,2022,1,21,4,1,1,0,0,13.050606009644946,485.84793917438816,-0.257970519360806,0.5072,16.67,0.8738
C1965,1.4187362949575375,-0.3000070747292458,-0.8858413292343584,-1.2041312871350223,0.6540957598148535,-0.5924086494393638,-1.084141969897602,0,0,0,2.0,False,False,True,False,False,False,True,False,False,2024,12,25,2,1,1,0,0,13.118052619423642,374.7913152675766,-0.11875166480927365,0.2822,8.83,0.3428
C1966,-1.4761622719644125,0.6073157862761153,0.03752892724977915,1.4259435930619018,0.22461725698172583,0.5940836974585137,1.654052339082758,0,0,1,2.0,False,True,False,False,False,False,False,True,False,2023,8,4,4,2,3,0,2,13.518538574267614,548.3167424035126,0.73758561085799,0.4046,17.33,0.9369
C1967,-1.3856966917481015,0.2571796295198795,-0.5269668736943507,0.6322670379381735,0.6540957598148535,0.1753216926710276,1.0498152175420659,1,0,0,2.0,True,False,False,False,True,False,False,True,False,2025,1,5,6,2,2,0,0,13.382318696537618,450.2495863407317,0.44051746456493346,0.3126,14.33,0.8058
C1968,1.5092018751738485,1.8933909564634013,2.4927767082295493,-0.13760552121279385,-0.6343397486845295,-0.1969112004734046,0.711516173140183,1,0,1,2.0,False,False,True,False,False,False,False,True,False,2022,12,16,4,4,3,0,0,13.902278025210341,852.3955595848678,1.6078612785779902,0.6662,11.67,0.7324
C1969,-1.1142999510991687,-0.7429066262144798,-0.06319661736121529,0.4154879344811449,-1.063818251517657,0.38470269506477067,0.5985961923793373,0,0,1,3.0,False,True,False,True,False,False,False,False,False,2018,7,31,1,0,1,0,0,12.843046247728708,532.1445010521109,-0.6776625762617358,0.7489,15.83,0.7079
C1970,0.69501165322705,-0.7861598680098878,-0.5925466654721373,0.058920834208575544,1.5130527654811088,-0.35976309122409367,0.28702922505553236,0,0,0,2.0,False,False,True,False,False,True,False,False,False,2020,4,13,0,0,1,0,0,12.811645390612806,437.4336063907299,-0.7400247230447521,0.5222,10.5,0.6403
C1971,0.9664083938759829,-1.0749886855011035,-0.6371414403785356,-1.643957211468241,-0.6343397486845295,-0.49935042615325576,0.7488489014733609,0,0,0,2.0,True,False,False,False,False,True,False,False,False,2020,12,29,1,0,0,0,0,12.572105764834594,428.49974329047154,-1.2061969779678354,0.6367,9.5,0.7405
C1972,-1.023834370882858,0.589875942902014,-0.5341404821564976,1.3661841844156097,0.6540957598148535,-0.5226149819747827,-0.28402324907789067,0,0,1,1.0,True,False,False,True,False,False,False,False,True,2024,2,28,2,2,3,0,0,13.51217526391302,448.86550324122703,0.7235728122331244,0.2729,9.33,0.5164
C1973,0.785477233443361,-0.31118564084365025,-0.08360680018073696,0.44903089509559446,0.22461725698172583,0.15205713684950056,1.1797884198872035,1,0,1,3.0,False,False,True,False,False,False,True,False,False,2019,6,21,4,1,1,0,0,13.111965728719456,528.8072333090764,-0.13137377922188345,0.5651,14.17,0.834
C1974,-0.5715064698013032,-1.3670807718134426,-1.0634114415871987,-1.643957211468241,-1.4932967543507847,-1.3834035473712822,0.6649654871938754,1,0,0,1.0,False,False,False,True,False,False,False,False,False,2021,3,25,3,0,0,0,1,12.252283247392471,331.1560810252471,-1.803039097785006,0.5236,3.17,0.7223
C1975,6.427966085902237e-16,-0.1201900621819563,-0.20984801320147728,0.125467336774032,-0.6343397486845295,1.082639369710581,0.9235291982421807,0,0,0,1.0,False,False,True,False,False,True,False,False,False,2022,11,30,2,1,1,0,2,13.211192784109311,507.67829380425553,0.0758346283437365,0.4717,20.83,0.7784
C1976,-0.842903210450236,-0.0479763363776521,-0.5668687845652043,1.0948982978995607,0.22461725698172583,-1.6160491055865522,0.997272859147223,0,0,0,2.0,False,True,False,False,True,False,False,True,False,2023,6,9,4,1,2,0,1,13.246285362204823,442.4959434842313,0.14985789873714164,0.346,1.5,0.7944
C1977,0.24268375214549534,-0.47103504766584076,0.19559601316839878,-0.3417748358431075,1.0835742626479812,1.408343151211959,-1.4238237079414542,0,0,1,2.0,False,False,False,False,False,False,True,False,False,2019,5,13,0,1,1,0,2,13.020611387622997,572.7758025615258,-0.31943199017070945,0.7264,23.17,0.2691
C1978,6.427966085902237e-16,-0.012334835427144074,0.44701863936595965,0.1589522743274785,1.0835742626479812,-1.313609879906701,-1.5501097272413393,0,0,1,2.0,False,True,False,False,False,False,False,False,True,2018,4,29,6,1,2,0,1,13.263161912766071,609.6621605446742,0.18559593190507676,0.6457,3.67,0.2417
C1979,1.5092018751738485,-1.2173909967473542,-0.6296326273424213,-1.4513773043821414,-0.6343397486845295,-0.4295567586886747,1.0263094256285832,1,0,1,2.0,False,False,True,False,True,False,False,False,False,2025,1,24,4,0,0,0,0,12.428874378431125,430.0170112914139,-1.477036904328206,0.7399,10.0,0.8007
C1980,0.061752591712873464,2.3108182590219744,2.4927767082295493,0.7222900282613002,0.6540957598148535,0.01246980192033851,-0.8458577655981833,0,0,0,3.0,False,False,False,False,False,False,True,False,True,2024,10,29,1,4,3,0,0,14.000709712167255,852.3955595848678,1.8392911871460735,0.6037,13.17,0.3945
C1981,0.5140804927944281,0.08788345278148273,1.063678958817466,-1.0687125823930015,1.0835742626479812,0.5010254741724057,0.2695151055905846,0,0,1,1.0,False,True,False,False,False,True,False,False,False,2020,9,7,0,1,2,0,0,13.30914434290524,691.8553389257034,0.2834297554905714,0.7942,16.67,0.6365
C1982,1.4187362949575375,-1.3670807718134426,-1.248377959595373,-0.9547858809025053,0.22461725698172583,0.919787478959892,-0.20843599665022208,0,0,1,3.0,False,False,True,False,False,True,False,True,False,2019,10,11,4,0,0,0,2,12.252283247392471,278.52660555142666,-1.803039097785006,0.3704,19.67,0.5328
C1983,6.427966085902237e-16,-0.3388178618852161,-0.9874709174108787,-1.5269066569779937,1.5130527654811088,0.6173482532800408,-1.6662559931667815,1,0,2,2.0,False,False,True,False,True,False,False,False,True,2021,6,26,5,1,1,0,2,13.096758656469582,350.48283838156755,-0.16285764468501188,0.252,17.5,0.2165
C1984,-1.7475590126133453,0.12057460261978428,-0.27777988618848054,-1.3023429906040926,-1.063818251517657,-1.080964321691431,-1.603112983516839,0,0,1,2.0,False,False,False,False,False,False,True,False,False,2024,3,6,2,2,2,0,1,13.323697739863539,495.93617532904375,0.3145350532505819,0.4022,5.33,0.2302
C1985,-0.4810408895849922,-1.1611751101842533,-1.248377959595373,0.08757741312345428,0.22461725698172583,-0.5691440936178368,1.1166454102372607,1,0,1,2.0,False,False,True,False,False,False,False,False,True,2018,2,26,0,0,0,0,0,12.487891135734257,278.52660555142666,-1.366145667404953,0.2926,9.0,0.8203
C1986,0.061752591712873464,0.2841528252198916,0.24684530501698235,0.11898890614512052,1.0835742626479812,-1.6858427730511334,0.3584683965572921,1,0,0,2.0,True,False,False,False,False,False,False,False,False,2024,3,12,1,2,2,0,1,13.393498175743401,580.4848404566652,0.4646694561090659,0.5139,1.0,0.6558
C1987,-1.023834370882858,0.2201651998911575,0.4382893703986262,0.008788388357838187,1.0835742626479812,-0.15038208883035056,0.06856362962434377,0,1,0,3.0,False,True,False,True,False,False,False,False,True,2022,7,30,5,2,2,0,0,13.36677115171173,608.4189592706657,0.40699608708923724,0.5798,12.0,0.5929
C1988,-1.023834370882858,-0.8728203498866818,-0.613964537226745,-1.5154850235671944,-0.20486124585140184,1.24549126046127,1.5222355452149945,0,0,1,2.0,False,True,False,False,True,False,False,True,False,2019,1,17,3,0,0,0,2,12.745599917878682,433.16586892321055,-0.8702355002028556,0.547,22.0,0.9083
C1989,-0.9333687906665469,0.14776469835641368,-0.4271903356011939,-1.0613039928218477,-1.4932967543507847,0.058998913563392534,-1.1440586943829492,0,0,1,2.0,False,False,True,False,False,False,True,False,False,2020,7,9,3,2,2,0,0,13.335642902780995,469.07732837987385,0.34011655125996426,0.3555,13.5,0.3298
C1990,0.5140804927944281,0.2201651998911575,1.0472824112295238,-1.0219505636154296,0.6540957598148535,-1.174022544977539,-0.8504667444047485,0,1,0,2.0,False,False,True,False,True,False,False,False,False,2019,4,10,2,2,2,0,1,13.36677115171173,689.7966366980924,0.40699608708923724,0.7453,4.67,0.3935
C1991,1.3282707147412267,0.9393818241168409,-0.6744418409444619,-0.4550391895110587,0.22461725698172583,0.8732583673168379,0.8737522271312771,1,0,0,3.0,True,False,False,False,False,False,False,False,False,2023,3,6,0,3,3,0,2,13.63256069582785,420.88157479272,0.9909590694899735,0.2127,19.33,0.7676
C1992,0.42361491257811723,-0.4380822265448783,-0.610296194410998,0.40519599096170844,1.0835742626479812,1.036110258067527,0.9373561346618761,0,0,0,2.0,False,False,False,False,False,False,True,False,False,2019,4,27,5,1,1,0,2,13.040139120214427,433.8998041022835,-0.279449493465274,0.4088,20.5,0.7814
C1993,0.5140804927944281,-1.1359219813559966,-0.7058289791884348,-1.643957211468241,0.6540957598148535,-0.8948478751192149,-0.34255727992126833,0,0,1,3.0,False,False,True,False,False,True,False,False,False,2019,9,23,0,0,0,0,1,12.513309520454452,414.3626189703893,-1.3180814888546042,0.6314,6.67,0.5037
C1994,-0.842903210450236,0.8326243069127492,1.363857796447528,0.5679514614444658,-0.6343397486845295,-1.6858427730511334,1.5448195413671635,0,0,0,2.0,False,False,True,False,False,True,False,False,False,2023,8,4,4,2,3,0,1,13.597301474613424,728.5174534628529,0.9121442587038806,0.6602,1.0,0.9132
C1995,1.5996674553901595,-1.1024753444914834,-0.9672588021607729,-0.5844355027604834,-0.6343397486845295,1.222226704639743,1.501034242704795,0,0,0,1.0,False,False,True,False,False,False,True,False,False,2021,4,10,5,0,0,0,2,12.54601022804149,355.4497714164408,-1.2559766038802376,0.4497,21.83,0.9037
C1996,-1.6570934323970343,2.3108182590219744,-0.09377424952913911,1.8847548238513878,0.22461725698172583,0.7104064765661489,-1.6994406405740505,0,0,0,1.0,False,False,True,False,True,False,False,True,False,2023,9,16,5,4,3,1,2,14.000709712167255,527.1368702718489,1.8392911871460735,0.2309,18.17,0.2093
C1997,-1.2047655313154797,0.32063983670208546,0.49455243494367895,0.058920834208575544,-0.20486124585140184,-1.313609879906701,-1.1468240816668882,0,0,0,2.0,False,True,False,False,True,False,False,False,False,2021,1,24,6,2,2,0,1,13.408424637048398,616.387808120829,0.4969796385095017,0.5708,3.67,0.3292
C1998,6.427966085902237e-16,-0.8406728561790552,-1.2133099696117406,-0.9197917806275345,1.0835742626479812,-1.5462554381219713,1.093139618323778,0,0,0,1.0,False,False,True,False,False,True,False,False,False,2022,8,29,0,0,0,0,1,12.770611836459251,289.2413006470549,-0.8210755382135423,0.2379,2.0,0.8152
C1999,0.6045460730107391,1.1866917860829311,-0.32276508939745535,0.18218609567997338,0.22461725698172583,-1.3834035473712822,-0.583606871504626,0,0,0,1.0,False,True,False,False,False,True,False,True,False,2023,5,31,2,3,3,0,1,13.709759499387822,488.0049487453995,1.1649850530063126,0.2647,3.17,0.4514
